Applicant_ID,Name,Age,Education,Employment_Type,Employment_Years,Dependents,Marital_Status,Annual_Income,Monthly_Expenses,Existing_Loans,Existing_EMI,Savings_Balance,Asset_Value,Credit_Score,Credit_History_Years,Previous_Default,Number_of_Credit_Accounts,Late_Payments,Loan_Amount_Requested,Loan_Term_Months,Loan_Purpose,Monthly_Income,DTI_Ratio,Loan_to_Income,Disposable_Income,Loan_Status,Default_Status
APP_00001,Amber Logan,59,Graduate,Salaried,7,4,Married,484971,14578,4,18186,136460,1251143,678,6,0,2,0,324017,48,Home,40414.25,45.0,0.668,7650.25,Rejected,1
APP_00002,Eric Phillips,64,Graduate,Self-Employed,2,4,Married,709033,15343,1,13627,222826,2243844,680,2,0,4,0,630495,48,Personal,59086.08,23.06,0.889,30116.08,Approved,0
APP_00003,Benjamin Lynch,26,Diploma,Self-Employed,4,1,Married,934616,17989,3,24324,304409,2778793,736,7,0,5,1,934473,48,Medical,77884.67,31.23,1.0,35571.67,Approved,1
APP_00004,Christine Kelly,31,Diploma,Self-Employed,2,0,Married,902919,39442,1,9184,149477,2156181,792,5,0,3,0,630303,36,Education,75243.25,12.21,0.698,26617.25,Approved,0
APP_00005,Elizabeth Hill,59,High School,Self-Employed,25,1,Married,787622,24047,4,29535,222886,1548136,585,11,0,5,1,927583,36,Home,65635.17,45.0,1.178,12053.17,Rejected,1
APP_00006,Richard Garza,31,Graduate,Salaried,8,0,Single,608807,21647,0,0,209684,1680949,690,9,0,6,0,339569,48,Home,50733.92,0.0,0.558,29086.92,Approved,0
APP_00007,Kathy Ross,32,Diploma,Salaried,0,4,Single,668422,20940,4,25065,157151,1896996,828,10,0,8,0,890738,120,Personal,55701.83,45.0,1.333,9696.83,Approved,0
APP_00008,Christopher Donovan,53,Diploma,Salaried,15,4,Married,1044282,27332,3,27093,229299,3755790,719,8,1,1,1,1085194,24,Personal,87023.5,31.13,1.039,32598.5,Rejected,1
APP_00009,Mr. Joshua Noble,22,Postgraduate,Contract,0,4,Married,409790,15200,2,15367,70896,1401755,674,4,1,3,3,443334,48,Business,34149.17,45.0,1.082,3582.17,Rejected,1
APP_00010,Amber Adkins,61,Diploma,Salaried,13,4,Single,301777,8255,2,11316,51257,798460,594,14,0,6,6,383724,84,Vehicle,25148.08,45.0,1.272,5577.08,Rejected,1
APP_00011,Jill Lopez,39,Graduate,Business Owner,16,3,Married,906553,40668,2,11787,372639,2069246,656,1,0,8,1,1376054,24,Vehicle,75546.08,15.6,1.518,23091.08,Rejected,1
APP_00012,Devin Hughes,53,High School,Self-Employed,28,1,Married,762840,30738,0,0,144983,2056118,651,19,0,7,0,829413,120,Personal,63570.0,0.0,1.087,32832.0,Approved,0
APP_00013,Annette Lewis,35,Graduate,Salaried,0,4,Single,641424,26443,3,24053,242332,304584,703,17,0,8,0,556901,120,Vehicle,53452.0,45.0,0.868,2956.0,Approved,1
APP_00014,Brittany Blankenship MD,45,Graduate,Salaried,15,4,Married,588236,19314,4,22058,288257,1054313,721,12,0,8,0,489271,120,Vehicle,49019.67,45.0,0.832,7647.67,Rejected,0
APP_00015,Lisa Morris,51,High School,Contract,31,0,Married,645894,28546,1,15784,343403,1836966,754,20,0,8,0,615492,12,Personal,53824.5,29.32,0.953,9494.5,Approved,0
APP_00016,Sarah Perry,46,Graduate,Salaried,18,0,Married,687367,25347,1,12708,252468,1664299,534,24,1,8,3,656336,48,Personal,57280.58,22.19,0.955,19225.58,Rejected,1
APP_00017,Pam Mendoza,33,Graduate,Salaried,13,0,Married,207813,5267,2,7792,59958,463206,647,14,0,7,6,89406,120,Personal,17317.75,44.99,0.43,4258.75,Rejected,0
APP_00018,Miss Betty Chen,29,Graduate,Self-Employed,5,4,Single,851145,24032,2,18090,402721,1721541,643,3,0,5,2,1354718,24,Personal,70928.75,25.5,1.592,28806.75,Approved,1
APP_00019,Cody Nicholson,48,Graduate,Business Owner,6,0,Married,761089,23289,0,0,66219,1641515,722,6,0,2,0,503850,60,Medical,63424.08,0.0,0.662,40135.08,Approved,0
APP_00020,Mary Reyes,21,Graduate,Self-Employed,1,0,Married,610954,27266,3,21710,106331,1161183,541,2,0,4,0,646958,36,Medical,50912.83,42.64,1.059,1936.83,Rejected,1
APP_00021,Mr. William Cochran,55,Postgraduate,Contract,4,0,Married,676916,30774,0,0,155435,2621274,642,25,0,6,5,421899,12,Personal,56409.67,0.0,0.623,25635.67,Rejected,1
APP_00022,Cynthia Bates,57,Graduate,Salaried,20,0,Single,658456,29296,4,24692,10000,1469500,653,1,0,6,4,604530,36,Home,54871.33,45.0,0.918,883.33,Approved,1
APP_00023,Jeremy Frank,54,Graduate,Self-Employed,29,2,Single,840042,25048,3,21668,468566,669192,686,24,0,5,4,233583,60,Vehicle,70003.5,30.95,0.278,23287.5,Approved,0
APP_00024,Nicole Shaw,24,Diploma,Salaried,2,2,Married,919979,41444,4,34499,202819,1570521,682,2,0,6,0,488152,60,Personal,76664.92,45.0,0.531,721.92,Approved,1
APP_00025,Kevin Cooper,37,Diploma,Business Owner,16,2,Single,758452,23359,1,15315,87822,1420941,536,13,0,2,0,906632,120,Education,63204.33,24.23,1.195,24530.33,Approved,1
APP_00026,Christian Cochran,57,Diploma,Self-Employed,16,1,Married,335227,7867,4,12571,100167,1334184,695,2,0,7,2,209629,36,Vehicle,27935.58,45.0,0.625,7497.58,Rejected,0
APP_00027,Nancy Simon,26,Graduate,Salaried,5,4,Single,532884,11781,0,0,120928,1358066,631,8,1,5,6,527490,24,Home,44407.0,0.0,0.99,32626.0,Rejected,1
APP_00028,Mrs. Brittany Bailey,65,Graduate,Salaried,3,2,Single,970960,37032,3,30127,260196,2561885,743,13,0,3,1,932066,24,Vehicle,80913.33,37.23,0.96,13754.33,Approved,0
APP_00029,Jason Black,29,Graduate,Self-Employed,7,2,Single,792432,17395,2,13975,248355,2440138,724,5,0,6,2,1046767,60,Business,66036.0,21.16,1.321,34666.0,Approved,1
APP_00030,Linda Thompson,34,Postgraduate,Self-Employed,0,0,Single,647981,27801,1,4997,10000,2548173,775,10,0,8,0,523584,12,Business,53998.42,9.25,0.808,21200.42,Approved,0
APP_00031,Jeffery Gray,53,High School,Self-Employed,9,4,Married,1009384,20080,3,37410,225594,5727691,702,15,0,4,2,1286011,120,Personal,84115.33,44.47,1.274,26625.33,Approved,1
APP_00032,Ryan Bowman,43,Graduate,Contract,11,1,Married,548963,17249,0,0,236151,858295,628,16,0,4,5,282023,120,Home,45746.92,0.0,0.514,28497.92,Rejected,0
APP_00033,Kathryn Stewart,42,Postgraduate,Salaried,4,4,Single,725391,19117,2,25253,175259,1386884,680,9,1,2,2,431526,12,Home,60449.25,41.78,0.595,16079.25,Rejected,1
APP_00034,Margaret Howell,64,Postgraduate,Salaried,24,3,Married,643071,27876,0,0,123633,2190227,642,17,0,7,6,449688,48,Vehicle,53589.25,0.0,0.699,25713.25,Approved,1
APP_00035,David Murillo,43,Graduate,Business Owner,16,4,Single,1056086,26658,2,29730,501614,1019462,850,6,0,3,0,281241,60,Home,88007.17,33.78,0.266,31619.17,Approved,0
APP_00036,Mary Torres,43,Graduate,Salaried,21,0,Married,258621,5657,0,0,144180,760596,777,16,0,4,1,184869,84,Home,21551.75,0.0,0.715,15894.75,Approved,0
APP_00037,Rebecca Garcia,25,Graduate,Salaried,1,2,Married,786143,22489,0,0,69217,586879,651,4,0,2,2,767235,24,Home,65511.92,0.0,0.976,43022.92,Approved,0
APP_00038,Laura Brown,45,Diploma,Salaried,10,3,Single,665785,28584,1,14990,294627,2023701,784,9,0,6,0,875313,84,Vehicle,55482.08,27.02,1.315,11908.08,Approved,0
APP_00039,Steven Rivera,65,Postgraduate,Salaried,1,3,Married,609498,26433,2,22856,293253,1445914,728,24,0,6,0,261203,24,Vehicle,50791.5,45.0,0.429,1502.5,Approved,0
APP_00040,Alan Mendez,29,High School,Self-Employed,8,4,Married,996780,29254,2,30179,393589,3461372,733,3,0,5,0,1009222,60,Medical,83065.0,36.33,1.012,23632.0,Approved,1
APP_00041,Adam Morales,51,Postgraduate,Self-Employed,21,0,Married,1088711,19783,1,11238,494597,2834434,652,17,1,7,1,194418,120,Vehicle,90725.92,12.39,0.179,59704.92,Rejected,1
APP_00042,Brianna Jackson,59,Graduate,Salaried,16,2,Married,772670,23719,2,22465,10000,939457,783,4,0,5,0,1090118,12,Personal,64389.17,34.89,1.411,18205.17,Rejected,0
APP_00043,Kathryn Farmer,59,High School,Salaried,28,4,Married,361026,10211,0,0,139059,1006170,544,1,0,6,0,513908,84,Vehicle,30085.5,0.0,1.423,19874.5,Rejected,1
APP_00044,Brian Romero,57,Graduate,Salaried,5,2,Married,600477,27332,3,22517,195135,1796898,710,10,0,3,0,1091078,12,Education,50039.75,45.0,1.817,190.75,Rejected,0
APP_00045,Eric Mcdowell,40,Postgraduate,Salaried,9,2,Married,500175,20237,4,18756,185421,2024460,815,2,0,3,1,430980,48,Education,41681.25,45.0,0.862,2688.25,Approved,0
APP_00046,Olivia Hampton,25,High School,Salaried,4,3,Single,496385,21223,4,18614,337065,977447,655,2,1,8,1,537156,84,Education,41365.42,45.0,1.082,1528.42,Rejected,1
APP_00047,Traci Long,65,Graduate,Self-Employed,26,3,Single,657419,25213,1,5403,115026,2673925,714,12,0,7,0,837186,36,Home,54784.92,9.86,1.273,24168.92,Approved,0
APP_00048,Luis Contreras,30,Graduate,Business Owner,4,4,Married,1026702,22314,3,30774,383537,1946852,673,6,1,2,0,1791808,84,Business,85558.5,35.97,1.745,32470.5,Rejected,1
APP_00049,David Daniels,31,Postgraduate,Salaried,2,2,Married,343821,15729,0,0,82182,1306058,697,11,1,4,2,361717,48,Business,28651.75,0.0,1.052,12922.75,Approved,1
APP_00050,Laura Sanders,23,Graduate,Salaried,1,1,Single,948824,16675,0,0,356153,4004825,850,4,0,6,0,565470,120,Home,79068.67,0.0,0.596,62393.67,Approved,0
APP_00051,Hunter Jacobson,35,Graduate,Salaried,0,3,Single,382381,8166,4,14339,132863,785340,557,8,1,5,0,613688,84,Vehicle,31865.08,45.0,1.605,9360.08,Rejected,1
APP_00052,Lori Roberts,61,Diploma,Contract,31,3,Married,570367,18816,1,17331,176457,980760,657,7,0,2,4,811046,24,Education,47530.58,36.46,1.422,11383.58,Rejected,0
APP_00053,Troy Holland,59,Graduate,Salaried,11,1,Married,743252,22888,2,19602,368800,2837285,703,3,0,7,1,1062571,36,Personal,61937.67,31.65,1.43,19447.67,Approved,0
APP_00054,Nicholas Sanders,49,Graduate,Self-Employed,18,3,Married,243334,9159,4,9125,95393,359454,671,21,0,7,1,113110,60,Business,20277.83,45.0,0.465,1993.83,Rejected,0
APP_00055,Lauren Bryant,56,Postgraduate,Contract,5,1,Married,366768,10218,1,13753,35042,737372,733,8,0,4,3,130548,48,Home,30564.0,45.0,0.356,6593.0,Approved,0
APP_00056,Bradley Harrington,59,Graduate,Self-Employed,5,0,Single,538119,24183,1,12444,162798,1294840,576,23,0,7,1,395845,84,Business,44843.25,27.75,0.736,8216.25,Rejected,1
APP_00057,Nancy Jackson,63,Postgraduate,Salaried,19,3,Single,802474,24483,0,0,387895,1630857,815,15,0,7,0,506326,48,Personal,66872.83,0.0,0.631,42389.83,Approved,0
APP_00058,Paula Padilla,25,High School,Self-Employed,3,1,Single,491261,15063,2,18382,33568,1475467,541,6,0,4,0,584387,48,Home,40938.42,44.9,1.19,7493.42,Rejected,1
APP_00059,Travis Hodge,42,Diploma,Self-Employed,22,1,Single,795942,31106,2,20495,258693,2869789,773,19,0,7,0,671869,60,Vehicle,66328.5,30.9,0.844,14727.5,Approved,0
APP_00060,Michael Baker MD,31,Postgraduate,Salaried,3,2,Married,687114,26728,0,0,287546,1448831,587,7,1,1,2,440119,24,Personal,57259.5,0.0,0.641,30531.5,Rejected,1
APP_00061,Jason Harris,64,High School,Self-Employed,7,1,Married,1535491,68203,1,13693,468254,1334843,701,4,0,7,0,1958652,84,Personal,127957.58,10.7,1.276,46061.58,Approved,0
APP_00062,Jessica Mcdonald,47,Postgraduate,Salaried,7,1,Married,599478,22513,0,0,84648,1536561,713,7,0,7,0,875553,24,Personal,49956.5,0.0,1.461,27443.5,Approved,0
APP_00063,Spencer Lopez,42,Postgraduate,Business Owner,8,1,Single,459088,18897,0,0,258207,1490734,640,18,0,8,5,544603,24,Vehicle,38257.33,0.0,1.186,19360.33,Rejected,0
APP_00064,Nicole Jones,41,High School,Salaried,14,2,Married,585107,19081,1,12160,303626,476680,712,3,0,7,1,488351,84,Vehicle,48758.92,24.94,0.835,17517.92,Rejected,0
APP_00065,Rebecca Pitts,65,High School,Salaried,32,3,Single,451859,12209,3,16944,87346,894267,704,21,0,8,3,168727,84,Personal,37654.92,45.0,0.373,8501.92,Approved,0
APP_00066,David Sosa,56,Postgraduate,Self-Employed,15,1,Single,592767,17665,3,22228,176050,1709310,626,19,1,8,0,326057,48,Personal,49397.25,45.0,0.55,9504.25,Rejected,1
APP_00067,Abigail Rodriguez,36,Graduate,Salaried,13,3,Single,508521,9775,2,14458,51012,991246,746,4,0,2,1,351090,36,Medical,42376.75,34.12,0.69,18143.75,Rejected,0
APP_00068,Angel Palmer,62,Postgraduate,Business Owner,15,3,Married,1188230,30981,2,19723,171715,4530802,693,25,0,2,0,1251467,48,Business,99019.17,19.92,1.053,48315.17,Approved,0
APP_00069,Melanie Wilson,54,High School,Salaried,24,3,Single,575826,19578,3,21593,198806,1467811,673,23,1,3,0,503306,24,Personal,47985.5,45.0,0.874,6814.5,Rejected,1
APP_00070,Kimberly Santos,53,Graduate,Contract,16,4,Married,454629,11638,3,17048,65195,1041573,681,3,0,7,1,604084,120,Vehicle,37885.75,45.0,1.329,9199.75,Approved,0
APP_00071,Michael Brown,35,Graduate,Self-Employed,7,4,Single,746172,14824,3,27981,288689,975202,687,16,1,4,1,741730,60,Business,62181.0,45.0,0.994,19376.0,Rejected,1
APP_00072,Kimberly Hardy DDS,49,Diploma,Contract,27,4,Married,655985,20412,2,15116,232854,1471404,760,5,0,8,2,213883,60,Vehicle,54665.42,27.65,0.326,19137.42,Approved,0
APP_00073,Samuel Palmer,40,Graduate,Salaried,13,3,Single,772447,17046,2,28966,365886,2900691,703,8,1,8,1,985751,48,Home,64370.58,45.0,1.276,18358.58,Rejected,1
APP_00074,Juan White,30,Graduate,Salaried,7,1,Married,628867,21163,3,23582,241185,1439872,648,11,1,6,2,274409,84,Personal,52405.58,45.0,0.436,7660.58,Rejected,0
APP_00075,David Harrington,52,Graduate,Business Owner,11,0,Married,515538,23303,3,19332,201488,1457051,692,22,0,4,0,486122,60,Home,42961.5,45.0,0.943,326.5,Rejected,0
APP_00076,John Matthews,39,Diploma,Salaried,11,0,Married,803390,17140,1,10353,215827,1325175,649,10,0,5,4,975112,36,Personal,66949.17,15.46,1.214,39456.17,Rejected,1
APP_00077,Matthew Bell,32,Graduate,Salaried,1,4,Single,490251,12540,2,7821,114905,825001,543,4,0,2,5,506537,60,Personal,40854.25,19.14,1.033,20493.25,Rejected,1
APP_00078,Bernard Klein,24,High School,Salaried,1,2,Single,664598,27069,0,0,100453,1917952,764,2,0,6,0,635015,36,Business,55383.17,0.0,0.955,28314.17,Approved,0
APP_00079,Curtis Quinn MD,48,Graduate,Contract,27,4,Single,490506,10725,3,18393,314232,611490,714,10,0,2,0,647060,84,Personal,40875.5,45.0,1.319,11757.5,Rejected,0
APP_00080,Jennifer Baker,49,Graduate,Salaried,20,1,Married,362953,13523,1,6331,114325,960359,657,25,0,7,3,120078,60,Vehicle,30246.08,20.93,0.331,10392.08,Rejected,0
APP_00081,Michael Thomas,30,Diploma,Business Owner,9,0,Married,942521,16632,3,20188,177116,2452104,610,1,1,3,2,960873,24,Business,78543.42,25.7,1.019,41723.42,Rejected,1
APP_00082,Matthew Turner,57,Postgraduate,Salaried,2,1,Single,749968,19898,2,25116,43295,2748437,638,7,0,6,3,338500,60,Personal,62497.33,40.19,0.451,17483.33,Rejected,1
APP_00083,Amanda Guzman,26,Postgraduate,Salaried,4,1,Married,613846,25663,2,22674,171106,1098317,695,8,0,6,2,703859,36,Vehicle,51153.83,44.33,1.147,2816.83,Approved,1
APP_00084,Steven Hawkins,41,Graduate,Salaried,13,2,Married,942442,31105,3,33903,157233,2464362,600,10,0,4,5,1082152,120,Vehicle,78536.83,43.17,1.148,13528.83,Rejected,1
APP_00085,Joseph Cantu,56,Diploma,Salaried,8,1,Single,826863,21420,2,17374,329466,4170422,702,23,1,8,0,452205,36,Personal,68905.25,25.21,0.547,30111.25,Rejected,0
APP_00086,Angela Johnson,48,Postgraduate,Salaried,22,2,Married,539080,10447,3,20215,119352,669962,723,6,0,3,2,674201,24,Medical,44923.33,45.0,1.251,14261.33,Approved,1
APP_00087,Andrew Thompson,46,Diploma,Salaried,25,0,Single,579483,17269,1,4098,93666,2154030,796,22,0,1,1,322849,120,Vehicle,48290.25,8.49,0.557,26923.25,Rejected,0
APP_00088,Casey Duffy,43,High School,Salaried,14,4,Single,468819,11969,3,17580,191532,1484965,605,1,0,6,4,418583,36,Personal,39068.25,45.0,0.893,9519.25,Rejected,0
APP_00089,Rebecca Clark,34,Graduate,Salaried,7,1,Married,719883,32423,2,21035,140763,2439440,653,12,0,3,3,306897,84,Home,59990.25,35.06,0.426,6532.25,Approved,1
APP_00090,Dr. Eric Compton,61,Diploma,Self-Employed,3,2,Married,611791,25404,0,0,73588,750569,776,16,0,6,0,822272,84,Education,50982.58,0.0,1.344,25578.58,Approved,0
APP_00091,Andrea Kirby,24,Postgraduate,Salaried,0,4,Married,448323,11928,3,16812,127103,1086047,734,1,0,5,1,173313,48,Personal,37360.25,45.0,0.387,8620.25,Rejected,1
APP_00092,Laura Steele,43,Graduate,Business Owner,17,0,Single,1163900,39904,2,27593,310727,502973,721,13,0,4,0,1325628,84,Personal,96991.67,28.45,1.139,29494.67,Approved,0
APP_00093,David Robles,62,Diploma,Contract,8,4,Single,519820,22003,0,0,259698,1266244,648,14,1,5,2,614125,48,Vehicle,43318.33,0.0,1.181,21315.33,Approved,1
APP_00094,Amanda Huynh,50,Diploma,Salaried,14,3,Married,725539,14515,0,0,10000,1292073,675,20,0,1,0,763081,120,Home,60461.58,0.0,1.052,45946.58,Approved,1
APP_00095,Valerie Martinez,34,Graduate,Contract,8,3,Single,699721,22478,2,23644,289873,561807,644,1,1,7,3,870055,60,Home,58310.08,40.55,1.243,12188.08,Rejected,1
APP_00096,Alexa Gonzalez,65,Diploma,Salaried,29,3,Single,589628,16435,2,22111,165009,1952145,745,25,0,6,2,384282,120,Personal,49135.67,45.0,0.652,10589.67,Rejected,0
APP_00097,Susan Zimmerman,39,High School,Self-Employed,2,2,Single,859106,16855,4,32216,428652,3448998,832,4,0,1,0,578350,36,Vehicle,71592.17,45.0,0.673,22521.17,Approved,0
APP_00098,Christopher Allen,57,Postgraduate,Salaried,22,3,Married,643520,20961,4,24132,44435,652351,727,5,0,1,1,186906,84,Personal,53626.67,45.0,0.29,8533.67,Approved,0
APP_00099,Robin King,41,Graduate,Salaried,11,2,Married,823055,17059,2,20330,21639,1628083,729,17,0,3,3,1241869,12,Personal,68587.92,29.64,1.509,31198.92,Approved,1
APP_00100,Keith Gomez,47,Postgraduate,Self-Employed,12,3,Single,817855,31422,3,27059,321609,1742349,716,12,0,4,3,724057,24,Personal,68154.58,39.7,0.885,9673.58,Rejected,0
APP_00101,Stephanie Ortega,37,Postgraduate,Contract,17,3,Married,562204,25046,0,0,294475,627056,757,8,0,3,0,568334,60,Education,46850.33,0.0,1.011,21804.33,Approved,0
APP_00102,Gloria Andrews,62,Graduate,Self-Employed,11,1,Single,986881,37548,0,0,277748,2115407,647,13,1,8,6,1231363,12,Business,82240.08,0.0,1.248,44692.08,Rejected,1
APP_00103,Michelle White,24,Graduate,Salaried,2,2,Married,960521,16179,2,19791,384985,1956322,674,2,0,2,0,140570,24,Vehicle,80043.42,24.73,0.146,44073.42,Approved,0
APP_00104,Kathy Arellano,59,Diploma,Self-Employed,12,4,Single,701543,20206,0,0,10000,1882835,816,20,0,4,0,538382,48,Education,58461.92,0.0,0.767,38255.92,Approved,0
APP_00105,Kyle Reeves,28,Diploma,Salaried,1,1,Married,476426,13532,0,0,209809,1191163,689,10,1,2,0,328213,120,Personal,39702.17,0.0,0.689,26170.17,Rejected,0
APP_00106,William Underwood,24,Graduate,Business Owner,4,2,Married,581462,16090,3,21804,10000,1375576,789,2,0,7,0,382777,60,Personal,48455.17,45.0,0.658,10561.17,Approved,0
APP_00107,Crystal Chavez,40,Graduate,Self-Employed,9,0,Single,750131,21969,1,10935,292686,821720,590,7,0,1,1,1060496,48,Personal,62510.92,17.49,1.414,29606.92,Rejected,1
APP_00108,Megan Burgess,54,Graduate,Contract,17,2,Single,339221,12033,4,12720,60642,900400,697,17,0,6,2,426049,120,Personal,28268.42,45.0,1.256,3515.42,Approved,0
APP_00109,Lisa Henry,30,High School,Self-Employed,5,0,Married,978505,41356,1,6259,154342,3827790,651,7,0,4,0,1538352,48,Education,81542.08,7.68,1.572,33927.08,Approved,0
APP_00110,Raymond Carpenter,32,High School,Salaried,3,4,Married,928823,38427,0,0,454463,2488984,581,13,0,6,1,642956,60,Business,77401.92,0.0,0.692,38974.92,Approved,1
APP_00111,Robert Espinoza,46,Postgraduate,Salaried,23,3,Married,423170,9469,1,14704,87827,1600278,729,13,0,3,0,249795,48,Business,35264.17,41.7,0.59,11091.17,Rejected,1
APP_00112,Kimberly Arroyo,61,Graduate,Self-Employed,4,3,Married,291072,8651,0,0,88974,897832,690,21,0,6,0,282071,84,Education,24256.0,0.0,0.969,15605.0,Approved,0
APP_00113,Nancy Chapman,28,Diploma,Salaried,0,0,Married,730615,17333,0,0,259853,1861578,713,5,0,1,3,811490,84,Home,60884.58,0.0,1.111,43551.58,Approved,0
APP_00114,Austin Kelly,21,Graduate,Business Owner,1,1,Married,883183,27571,0,0,326350,2690636,752,3,0,3,0,530016,24,Business,73598.58,0.0,0.6,46027.58,Approved,0
APP_00115,Laura Jackson,65,High School,Salaried,26,1,Married,408059,15778,2,15302,24283,324530,660,17,0,2,4,223868,60,Vehicle,34004.92,45.0,0.549,2924.92,Approved,1
APP_00116,Megan Murphy,61,Diploma,Contract,21,1,Married,356909,8289,3,13384,10000,1495018,754,13,0,4,0,463993,24,Medical,29742.42,45.0,1.3,8069.42,Approved,0
APP_00117,Bailey Bird,49,Diploma,Salaried,15,3,Married,396964,16798,0,0,63637,1494819,664,8,0,7,0,337819,24,Personal,33080.33,0.0,0.851,16282.33,Approved,0
APP_00118,Brent Bauer,61,High School,Salaried,5,4,Married,769909,17335,4,28871,371562,2556525,672,18,0,6,0,612670,36,Personal,64159.08,45.0,0.796,17953.08,Approved,0
APP_00119,Eric Hall,28,Graduate,Salaried,1,0,Single,591540,16099,3,22182,381578,1251715,707,1,0,7,1,464569,12,Vehicle,49295.0,45.0,0.785,11014.0,Approved,1
APP_00120,Cassandra Davis,61,Diploma,Salaried,5,3,Married,819602,34135,0,0,302159,3421422,689,3,0,2,0,706117,48,Business,68300.17,0.0,0.862,34165.17,Approved,0
APP_00121,April Wallace,53,Postgraduate,Salaried,0,4,Married,607170,24286,2,17613,206652,1773267,668,25,0,4,1,913600,24,Personal,50597.5,34.81,1.505,8698.5,Rejected,1
APP_00122,Michele Miller,38,Diploma,Salaried,0,0,Single,697025,19559,4,19680,314609,1613313,589,1,0,6,0,549631,84,Vehicle,58085.42,33.88,0.789,18846.42,Rejected,1
APP_00123,Monica Rogers,35,High School,Business Owner,15,4,Single,612684,17931,0,0,95840,1514989,671,10,0,1,0,562352,48,Personal,51057.0,0.0,0.918,33126.0,Approved,0
APP_00124,Julia Yang,45,Graduate,Self-Employed,23,1,Married,587494,12258,2,20474,168900,1577828,703,20,0,3,1,600795,24,Education,48957.83,41.82,1.023,16225.83,Rejected,0
APP_00125,John Harris,56,Diploma,Salaried,3,0,Single,1037959,23750,2,25907,159187,3000423,597,2,1,6,4,802517,12,Vehicle,86496.58,29.95,0.773,36839.58,Rejected,1
APP_00126,Lisa Perry,26,Postgraduate,Salaried,1,2,Married,912639,17676,2,14658,321752,2553432,693,3,0,2,4,1156519,36,Education,76053.25,19.27,1.267,43719.25,Rejected,0
APP_00127,John Gomez DDS,52,Postgraduate,Salaried,32,0,Single,474839,10896,0,0,10000,911665,706,16,0,7,2,488947,36,Business,39569.92,0.0,1.03,28673.92,Approved,0
APP_00128,Daniel Nguyen,26,Graduate,Salaried,3,3,Married,514487,21477,1,15855,121902,1987266,713,6,0,2,1,801412,36,Personal,42873.92,36.98,1.558,5541.92,Approved,1
APP_00129,Matthew Rogers,24,Graduate,Salaried,2,3,Single,826206,14047,0,0,123123,1487800,655,5,0,5,2,1192728,24,Medical,68850.5,0.0,1.444,54803.5,Approved,0
APP_00130,Benjamin Chavez,43,Diploma,Self-Employed,19,0,Married,543647,12486,4,20386,220799,1364031,764,3,0,7,0,565508,24,Business,45303.92,45.0,1.04,12431.92,Approved,0
APP_00131,Melissa Padilla,57,Graduate,Self-Employed,22,4,Single,778026,16628,0,0,437013,1176166,565,10,0,3,1,747174,48,Vehicle,64835.5,0.0,0.96,48207.5,Approved,0
APP_00132,Diana James,48,Graduate,Contract,8,0,Married,365133,11846,1,13692,61983,1108043,505,22,0,1,4,414958,60,Personal,30427.75,45.0,1.136,4889.75,Rejected,1
APP_00133,Shari Gould,33,Graduate,Business Owner,6,1,Married,845113,33626,0,0,247169,1346628,809,13,0,5,0,1128432,12,Personal,70426.08,0.0,1.335,36800.08,Approved,0
APP_00134,Amy Mcguire,27,Graduate,Salaried,1,0,Married,600518,18176,4,22519,59617,1448930,736,4,0,1,4,801167,60,Vehicle,50043.17,45.0,1.334,9348.17,Approved,0
APP_00135,Angela Daniel,24,Graduate,Self-Employed,1,2,Married,1027529,42369,0,0,245897,2844748,795,1,0,4,1,1157041,60,Personal,85627.42,0.0,1.126,43258.42,Approved,0
APP_00136,Samuel Stephens,48,Diploma,Business Owner,28,1,Married,628696,24390,2,20957,206586,2163538,617,10,0,5,4,365986,36,Education,52391.33,40.0,0.582,7044.33,Rejected,1
APP_00137,Cheryl Fisher,32,Graduate,Salaried,0,0,Single,680931,17793,4,25534,260788,663274,733,7,0,5,2,1075737,120,Business,56744.25,45.0,1.58,13417.25,Approved,1
APP_00138,David Castillo,41,Postgraduate,Business Owner,13,1,Married,429468,12531,2,16105,251028,763114,706,1,0,6,2,618979,36,Medical,35789.0,45.0,1.441,7153.0,Rejected,1
APP_00139,Dawn Short,55,Graduate,Salaried,12,0,Married,615652,11701,4,23086,181289,1922108,783,4,0,8,0,690200,24,Personal,51304.33,45.0,1.121,16517.33,Approved,0
APP_00140,Peter Snyder,40,Graduate,Business Owner,10,1,Single,777749,24932,2,22822,198205,0,681,6,0,1,1,994303,60,Medical,64812.42,35.21,1.278,17058.42,Approved,0
APP_00141,Henry Taylor,61,Graduate,Contract,9,2,Married,446742,10105,1,10086,219685,1401595,685,18,1,4,1,536893,36,Home,37228.5,27.09,1.202,17037.5,Approved,1
APP_00142,Kathleen Johnson,57,Postgraduate,Self-Employed,25,2,Married,675848,18260,3,25344,219412,1617697,592,14,0,6,3,985909,36,Personal,56320.67,45.0,1.459,12716.67,Rejected,1
APP_00143,Mr. Tyler Martin MD,40,Diploma,Self-Employed,7,4,Single,620892,28011,0,0,167969,2005426,712,19,1,6,0,248337,48,Home,51741.0,0.0,0.4,23730.0,Rejected,0
APP_00144,Dana Estes,60,High School,Salaried,22,2,Single,193270,4908,3,7247,97676,263124,663,6,0,7,4,179983,84,Education,16105.83,45.0,0.931,3950.83,Rejected,0
APP_00145,Brian Joyce,60,Graduate,Salaried,22,0,Married,642663,24116,4,24099,211040,1954879,804,19,0,4,1,244242,120,Business,53555.25,45.0,0.38,5340.25,Approved,0
APP_00146,Madison Ferguson,29,Graduate,Salaried,2,3,Single,586629,24488,1,14151,129689,314261,655,1,1,1,0,567398,12,Personal,48885.75,28.95,0.967,10246.75,Rejected,1
APP_00147,Jeremiah Baxter,58,High School,Business Owner,29,2,Single,1104695,27617,4,41426,260091,4138482,650,3,1,2,0,991472,12,Home,92057.92,45.0,0.898,23014.92,Rejected,0
APP_00148,Charles Shaw,42,Graduate,Self-Employed,9,1,Single,332890,9204,0,0,92786,438121,639,8,1,2,6,181931,36,Medical,27740.83,0.0,0.547,18536.83,Rejected,1
APP_00149,Jeffrey Dunn,22,Graduate,Salaried,1,4,Married,860899,18634,4,32283,211092,1103579,735,3,0,1,1,317449,60,Business,71741.58,45.0,0.369,20824.58,Approved,1
APP_00150,Robert Jones,53,Graduate,Contract,7,2,Single,454775,12616,1,12074,99913,1299953,638,21,0,5,5,224243,84,Medical,37897.92,31.86,0.493,13207.92,Rejected,1
APP_00151,Emma Burnett,31,Diploma,Salaried,1,2,Married,955909,21293,3,35846,441343,2543653,850,6,0,2,1,440702,60,Vehicle,79659.08,45.0,0.461,22520.08,Approved,1
APP_00152,Dana Lawrence,48,Diploma,Salaried,7,0,Married,419713,9268,1,7005,146315,567581,695,24,0,6,0,317290,48,Medical,34976.08,20.03,0.756,18703.08,Rejected,0
APP_00153,Ryan Wheeler,40,Graduate,Salaried,15,0,Married,676557,23190,3,25370,210780,1653140,598,20,0,6,4,564210,84,Medical,56379.75,45.0,0.834,7819.75,Rejected,1
APP_00154,Timothy Hernandez,24,Graduate,Salaried,2,2,Married,778729,25711,3,20437,328721,1389628,638,6,0,5,1,895060,24,Business,64894.08,31.49,1.149,18746.08,Rejected,0
APP_00155,Laurie Jordan DVM,28,Diploma,Contract,5,3,Married,213828,3877,3,8018,36552,209435,673,1,0,1,0,272463,24,Personal,17819.0,45.0,1.274,5924.0,Approved,0
APP_00156,Danny Carrillo,37,Postgraduate,Salaried,12,2,Single,836908,23248,4,31384,16352,1767113,703,2,0,2,3,469375,84,Vehicle,69742.33,45.0,0.561,15110.33,Approved,0
APP_00157,Paula Jimenez,64,High School,Self-Employed,34,0,Married,934313,41192,3,35036,127307,3188327,680,18,0,1,1,960151,84,Business,77859.42,45.0,1.028,1631.42,Approved,0
APP_00158,Charles Lucas,65,Diploma,Salaried,1,2,Single,590085,18481,2,22128,256160,1182110,686,7,0,2,0,653229,84,Education,49173.75,45.0,1.107,8564.75,Rejected,1
APP_00159,George Wolfe,65,Graduate,Salaried,3,4,Married,767841,23637,0,0,175843,2436315,566,16,0,8,0,764450,36,Education,63986.75,0.0,0.996,40349.75,Approved,0
APP_00160,Angela Doyle,21,Graduate,Business Owner,0,4,Married,1055671,18387,3,31446,201168,3020715,599,3,0,4,3,572659,48,Vehicle,87972.58,35.75,0.542,38139.58,Rejected,1
APP_00161,Leslie Jones,50,High School,Salaried,13,2,Married,562958,9771,4,21110,117193,897978,622,2,0,4,0,50000,36,Medical,46913.17,45.0,0.089,16032.17,Rejected,1
APP_00162,Micheal Garrison,33,Graduate,Salaried,9,2,Married,643237,21340,3,12988,147762,1243385,610,8,1,5,0,370647,84,Home,53603.08,24.23,0.576,19275.08,Rejected,0
APP_00163,Mary Pena,39,Diploma,Salaried,4,2,Married,953419,25527,1,5965,334893,2308953,683,4,0,6,0,387280,60,Personal,79451.58,7.51,0.406,47959.58,Approved,0
APP_00164,Michelle Cooper,40,Graduate,Business Owner,17,4,Single,1069177,40832,4,35533,360189,0,776,21,0,5,0,765340,24,Medical,89098.08,39.88,0.716,12733.08,Approved,0
APP_00165,Lynn Ramirez,59,Postgraduate,Self-Employed,0,2,Married,511920,19959,1,16929,101590,1740732,721,12,0,3,1,546758,24,Personal,42660.0,39.68,1.068,5772.0,Approved,1
APP_00166,Mathew Gonzales,62,Diploma,Self-Employed,21,0,Married,851260,15304,0,0,51799,3569815,773,16,0,4,0,876376,36,Business,70938.33,0.0,1.03,55634.33,Approved,0
APP_00167,Anne Bates,32,Graduate,Salaried,6,4,Single,685334,18237,1,7427,123584,1804557,680,13,0,4,2,1011632,60,Business,57111.17,13.0,1.476,31447.17,Approved,1
APP_00168,Carolyn Smith,60,High School,Salaried,13,3,Single,521800,18818,4,19567,150760,1720153,549,20,0,7,4,713682,120,Business,43483.33,45.0,1.368,5098.33,Rejected,1
APP_00169,Richard Morrison,52,Postgraduate,Contract,4,0,Married,433439,15646,4,16253,207720,592821,685,11,0,7,4,50000,60,Vehicle,36119.92,45.0,0.115,4220.92,Rejected,1
APP_00170,Dominique Barnes,53,Graduate,Salaried,26,3,Married,643703,23882,0,0,161834,2465380,737,25,0,6,0,955549,60,Vehicle,53641.92,0.0,1.484,29759.92,Approved,0
APP_00171,Justin Vincent,40,Graduate,Business Owner,18,3,Married,1083069,34579,2,18612,295741,1800375,614,10,0,4,5,665471,36,Business,90255.75,20.62,0.614,37064.75,Rejected,1
APP_00172,Nicholas Fry,33,Graduate,Self-Employed,8,3,Married,805214,22718,0,0,97809,2888589,747,13,0,7,0,352184,12,Personal,67101.17,0.0,0.437,44383.17,Approved,0
APP_00173,Kelsey Mills,37,High School,Salaried,12,0,Married,935025,27638,3,35063,123734,3816490,649,17,0,2,1,703753,12,Home,77918.75,45.0,0.753,15217.75,Rejected,0
APP_00174,Adam Ramos,63,Graduate,Salaried,6,1,Married,585433,19609,4,21953,350273,1659186,613,16,0,3,1,632536,48,Vehicle,48786.08,45.0,1.08,7224.08,Approved,1
APP_00175,Brittney Leon,42,Graduate,Self-Employed,3,1,Single,898946,23453,1,5646,132494,1363591,576,12,0,8,5,921229,24,Vehicle,74912.17,7.54,1.025,45813.17,Approved,1
APP_00176,James Bender,35,Graduate,Salaried,11,1,Married,801970,34474,3,24362,167528,1942996,719,4,0,1,1,1085746,24,Home,66830.83,36.45,1.354,7994.83,Rejected,0
APP_00177,Katherine Adams,34,Diploma,Salaried,2,0,Married,902071,28805,1,14514,345613,1720691,706,13,1,3,0,309644,48,Home,75172.58,19.31,0.343,31853.58,Approved,1
APP_00178,Lisa Bauer,24,High School,Salaried,4,2,Married,753505,24818,4,28256,463820,2333150,655,1,0,2,0,1003107,24,Home,62792.08,45.0,1.331,9718.08,Rejected,0
APP_00179,Lisa Evans,63,Graduate,Salaried,27,2,Single,565280,20187,3,21198,292548,1442774,724,24,0,8,0,277433,60,Vehicle,47106.67,45.0,0.491,5721.67,Approved,0
APP_00180,Mark Hill,31,Postgraduate,Salaried,9,4,Single,641344,18158,2,24050,176019,1628732,727,12,1,4,2,761119,48,Vehicle,53445.33,45.0,1.187,11237.33,Rejected,1
APP_00181,Mary Torres,36,Graduate,Self-Employed,15,3,Married,499734,10642,4,18740,128655,372758,613,11,0,3,2,415439,36,Vehicle,41644.5,45.0,0.831,12262.5,Rejected,0
APP_00182,Jeffrey Lucas,40,Graduate,Salaried,20,4,Married,778899,17428,4,29208,171577,726043,714,18,0,1,1,612451,84,Education,64908.25,45.0,0.786,18272.25,Approved,0
APP_00183,Marcus Blair,44,Graduate,Business Owner,3,0,Single,1030176,43931,1,3220,475063,2268980,781,16,0,6,1,592513,36,Personal,85848.0,3.75,0.575,38697.0,Approved,0
APP_00184,Michelle Martinez,61,High School,Salaried,9,0,Single,952489,23744,3,27594,438389,2956641,850,18,0,7,0,915518,24,Medical,79374.08,34.76,0.961,28036.08,Approved,0
APP_00185,Melinda Shaffer,50,Diploma,Salaried,28,1,Married,1018966,24087,0,0,305794,1752771,765,24,0,4,0,172632,120,Medical,84913.83,0.0,0.169,60826.83,Approved,0
APP_00186,Cameron Wong,65,Graduate,Self-Employed,27,1,Married,524159,14346,2,19655,238612,565989,747,24,0,1,0,642134,120,Business,43679.92,45.0,1.225,9678.92,Rejected,0
APP_00187,William Horn,36,Graduate,Salaried,7,1,Single,696559,17754,4,26120,231195,1442249,751,17,0,6,0,463283,36,Personal,58046.58,45.0,0.665,14172.58,Approved,0
APP_00188,Laura Miles,27,High School,Self-Employed,6,3,Married,923029,32569,4,34613,441905,2230298,611,5,0,1,1,563434,12,Personal,76919.08,45.0,0.61,9737.08,Rejected,1
APP_00189,Carolyn Ramirez,51,Postgraduate,Self-Employed,22,1,Married,768181,26949,2,25691,252035,1966648,714,20,0,1,0,592100,120,Home,64015.08,40.13,0.771,11375.08,Approved,0
APP_00190,Sierra Oneill,28,Graduate,Salaried,4,0,Married,1065424,30657,4,39953,399034,3803320,606,10,0,7,5,903707,24,Personal,88785.33,45.0,0.848,18175.33,Rejected,0
APP_00191,Brandon Acosta,57,Diploma,Salaried,1,0,Married,323475,13148,4,12130,102268,912742,701,1,0,1,0,167396,24,Personal,26956.25,45.0,0.517,1678.25,Approved,1
APP_00192,Christine Jones,33,High School,Salaried,0,4,Married,503337,20354,0,0,171941,1247128,712,8,1,6,0,390945,84,Personal,41944.75,0.0,0.777,21590.75,Approved,1
APP_00193,Tammy Riley,62,Diploma,Business Owner,19,2,Single,577673,13563,2,14845,104860,1063492,573,22,1,3,6,506061,12,Vehicle,48139.42,30.84,0.876,19731.42,Rejected,1
APP_00194,Sherry Barton,42,Graduate,Salaried,11,1,Married,434155,9643,3,16280,168419,906335,708,8,0,2,1,376351,24,Business,36179.58,45.0,0.867,10256.58,Rejected,0
APP_00195,Natasha Wilson DDS,34,Graduate,Salaried,2,1,Single,656248,26181,0,0,10000,988399,719,5,1,2,0,432064,60,Vehicle,54687.33,0.0,0.658,28506.33,Rejected,0
APP_00196,Teresa Burton,36,Postgraduate,Salaried,13,4,Single,988954,34587,4,37085,472011,2947980,675,14,0,4,1,1197152,120,Vehicle,82412.83,45.0,1.211,10740.83,Rejected,0
APP_00197,Ariel Holmes,62,Graduate,Contract,15,0,Married,620227,13831,2,12058,276991,1347169,746,23,0,4,0,743334,12,Personal,51685.58,23.33,1.198,25796.58,Approved,0
APP_00198,Joseph Spears,44,Postgraduate,Salaried,24,3,Single,689939,17690,0,0,224917,1065074,805,21,0,5,0,714393,24,Education,57494.92,0.0,1.035,39804.92,Approved,0
APP_00199,Jacob Ortiz,38,Graduate,Self-Employed,14,2,Single,747857,17188,2,23164,10000,3330434,680,14,0,4,1,555984,36,Business,62321.42,37.17,0.743,21969.42,Rejected,1
APP_00200,Angela Brown,55,Postgraduate,Business Owner,6,3,Married,282199,11658,0,0,79392,544918,651,7,0,4,1,420544,120,Vehicle,23516.58,0.0,1.49,11858.58,Approved,0
APP_00201,Michael Nelson,23,Postgraduate,Self-Employed,2,1,Married,987398,31577,4,37027,287419,2604238,836,4,0,8,0,542424,120,Medical,82283.17,45.0,0.549,13679.17,Approved,0
APP_00202,Paul Frazier,56,Graduate,Salaried,5,4,Married,780083,15717,3,29253,41470,3124657,771,6,0,4,1,1017203,120,Home,65006.92,45.0,1.304,20036.92,Approved,0
APP_00203,Kenneth Bennett,35,High School,Salaried,9,4,Married,741341,32434,4,27800,315339,2100397,701,12,0,7,0,377098,24,Home,61778.42,45.0,0.509,1544.42,Approved,0
APP_00204,Brian Mays,24,Graduate,Salaried,3,0,Married,495496,10914,4,18581,108177,502983,641,4,0,2,5,168154,48,Education,41291.33,45.0,0.339,11796.33,Rejected,1
APP_00205,David Sanchez,50,Postgraduate,Contract,6,0,Single,188328,8195,1,7062,47450,780314,715,24,0,3,0,192476,84,Medical,15694.0,45.0,1.022,437.0,Approved,0
APP_00206,James Buchanan,62,High School,Self-Employed,10,1,Married,597524,17364,4,22407,159081,990473,760,22,0,2,0,842702,60,Vehicle,49793.67,45.0,1.41,10022.67,Approved,0
APP_00207,Michelle Rice,45,Diploma,Self-Employed,4,2,Single,563155,10956,1,17132,124060,711919,702,22,0,5,0,268638,36,Education,46929.58,36.51,0.477,18841.58,Approved,0
APP_00208,Ryan Henderson,27,Postgraduate,Self-Employed,7,3,Married,945991,20197,4,35474,227584,1638918,743,4,0,5,0,1143752,48,Education,78832.58,45.0,1.209,23161.58,Rejected,0
APP_00209,Jesus Carrillo,60,Diploma,Contract,29,4,Married,559766,14519,3,20991,204641,0,699,20,1,6,1,704006,24,Home,46647.17,45.0,1.258,11137.17,Rejected,1
APP_00210,Jared Holmes,30,High School,Salaried,4,4,Single,464248,11566,3,17409,130042,987655,589,5,0,3,4,630745,36,Business,38687.33,45.0,1.359,9712.33,Rejected,1
APP_00211,Timothy Black,65,Diploma,Salaried,15,3,Single,491157,17694,0,0,42467,929442,680,3,0,6,3,393985,12,Home,40929.75,0.0,0.802,23235.75,Approved,0
APP_00212,Billy Lambert,60,Graduate,Salaried,23,0,Married,585076,19684,4,21940,155913,370151,745,18,0,1,4,656228,48,Vehicle,48756.33,45.0,1.122,7132.33,Rejected,1
APP_00213,Jennifer Harmon,35,Postgraduate,Salaried,4,0,Married,572100,12750,3,21453,239751,547612,678,12,0,5,0,50000,60,Medical,47675.0,45.0,0.087,13472.0,Rejected,0
APP_00214,Jaime Delgado,41,High School,Self-Employed,6,4,Married,430616,8171,0,0,98260,1231336,850,6,0,3,0,140774,12,Business,35884.67,0.0,0.327,27713.67,Approved,0
APP_00215,Scott Campbell,51,Postgraduate,Business Owner,25,2,Married,180000,4463,3,6750,69421,153564,732,19,0,8,2,192304,24,Personal,15000.0,45.0,1.068,3787.0,Rejected,0
APP_00216,Joyce Johnson,43,Graduate,Salaried,16,0,Single,553151,22298,2,20743,328098,2071358,692,4,0,3,2,764642,60,Medical,46095.92,45.0,1.382,3054.92,Rejected,0
APP_00217,Robin Maldonado,62,Postgraduate,Self-Employed,16,2,Single,359241,10511,3,13471,44215,1416130,694,13,0,4,2,334111,60,Home,29936.75,45.0,0.93,5954.75,Approved,1
APP_00218,Heather Patrick,49,Diploma,Salaried,29,1,Single,687920,13320,2,15094,167061,2095592,637,4,0,7,6,210380,48,Vehicle,57326.67,26.33,0.306,28912.67,Approved,0
APP_00219,Benjamin Miller,35,Graduate,Salaried,8,3,Married,665321,26212,3,24949,358769,1427677,762,7,0,7,0,840825,60,Vehicle,55443.42,45.0,1.264,4282.42,Approved,0
APP_00220,Jill Young,30,High School,Salaried,0,4,Married,612475,12452,0,0,267271,1041644,610,6,0,4,5,364012,48,Vehicle,51039.58,0.0,0.594,38587.58,Rejected,1
APP_00221,Jose Thomas,24,Graduate,Salaried,0,3,Single,677808,11491,3,25417,169124,2403964,743,3,0,7,3,863952,48,Business,56484.0,45.0,1.275,19576.0,Rejected,1
APP_00222,Megan Mclaughlin,65,High School,Salaried,25,2,Married,533797,11608,1,6945,124014,2267236,686,13,0,2,3,331326,48,Home,44483.08,15.61,0.621,25930.08,Rejected,0
APP_00223,Stefanie Lopez,43,High School,Business Owner,1,3,Single,1312295,43969,3,32206,481395,2590954,692,6,1,6,0,768085,120,Vehicle,109357.92,29.45,0.585,33182.92,Rejected,0
APP_00224,Amanda Chang,22,Graduate,Salaried,2,4,Married,489165,20536,4,18343,102176,1025112,641,3,0,4,4,339235,24,Business,40763.75,45.0,0.693,1884.75,Rejected,1
APP_00225,Tasha Fernandez,49,Postgraduate,Salaried,25,2,Married,737714,26223,2,27664,339930,2460589,636,11,0,6,3,911613,24,Education,61476.17,45.0,1.236,7589.17,Rejected,1
APP_00226,Bethany Sanders,32,Graduate,Contract,5,0,Married,491579,17681,1,8820,209104,1742800,666,5,0,6,1,218968,60,Home,40964.92,21.53,0.445,14463.92,Approved,0
APP_00227,Kathryn Beltran,58,Postgraduate,Business Owner,7,0,Married,875624,23338,0,0,417534,2364580,667,22,0,8,3,473584,60,Home,72968.67,0.0,0.541,49630.67,Approved,0
APP_00228,Cynthia Flynn,29,Diploma,Contract,9,4,Married,543309,18969,3,20374,76818,1700546,629,2,0,1,5,544706,120,Personal,45275.75,45.0,1.003,5932.75,Rejected,1
APP_00229,Willie Hansen,43,Postgraduate,Self-Employed,19,3,Married,799871,14110,0,0,230249,2416000,632,11,0,8,1,783896,24,Vehicle,66655.92,0.0,0.98,52545.92,Approved,0
APP_00230,Bradley Wiley,46,Graduate,Salaried,2,4,Married,817572,20595,0,0,351782,445008,711,7,0,1,3,424017,120,Home,68131.0,0.0,0.519,47536.0,Approved,0
APP_00231,Shannon Kelly,33,Graduate,Salaried,13,3,Single,617974,24639,2,21596,100778,838244,727,5,0,4,0,278012,60,Medical,51497.83,41.94,0.45,5262.83,Approved,0
APP_00232,Aaron Casey,51,Postgraduate,Salaried,19,2,Married,180000,4187,1,5542,44977,553476,725,18,0,8,1,138006,84,Vehicle,15000.0,36.95,0.767,5271.0,Approved,0
APP_00233,Caitlin Pacheco,29,Diploma,Salaried,1,0,Single,910973,19064,3,21287,78418,1302516,810,10,0,8,0,474257,24,Personal,75914.42,28.04,0.521,35563.42,Approved,0
APP_00234,April Clark,25,Postgraduate,Contract,0,2,Single,628803,15463,2,13313,149999,1420693,587,4,0,1,4,637166,36,Medical,52400.25,25.41,1.013,23624.25,Rejected,1
APP_00235,Barbara Morgan,25,Graduate,Self-Employed,2,0,Married,478334,16095,2,17937,143507,1839376,682,5,1,6,2,540388,24,Personal,39861.17,45.0,1.13,5829.17,Rejected,1
APP_00236,Mr. Hunter Smith,50,Diploma,Self-Employed,27,1,Single,770285,34400,3,27734,269134,2033778,621,19,0,8,1,1124371,48,Business,64190.42,43.21,1.46,2056.42,Rejected,1
APP_00237,Mark Bass,32,Graduate,Salaried,4,4,Married,920986,16133,2,13754,361280,2037476,699,10,1,8,2,518299,12,Personal,76748.83,17.92,0.563,46861.83,Rejected,0
APP_00238,Lisa Brown,37,Graduate,Salaried,5,1,Married,772122,27091,2,12725,139024,1739039,626,9,0,7,3,1133918,24,Business,64343.5,19.78,1.469,24527.5,Rejected,1
APP_00239,Thomas Thompson,39,High School,Contract,19,3,Married,623417,24515,2,15369,97005,1012496,676,9,0,2,0,623197,36,Vehicle,51951.42,29.58,1.0,12067.42,Approved,0
APP_00240,Sandra Bates,52,Graduate,Salaried,22,1,Married,766477,31227,1,12756,279780,1526391,656,3,0,6,0,367433,120,Vehicle,63873.08,19.97,0.479,19890.08,Approved,0
APP_00241,Ryan Jackson,48,Postgraduate,Contract,7,1,Married,573511,12919,4,21506,219166,2803535,772,14,0,5,2,273747,36,Personal,47792.58,45.0,0.477,13367.58,Approved,0
APP_00242,Stephanie Hawkins,58,Graduate,Salaried,31,1,Married,1030222,21659,0,0,483968,2693878,724,25,0,3,1,881617,24,Business,85851.83,0.0,0.856,64192.83,Approved,0
APP_00243,Kristin Horne,44,Graduate,Business Owner,23,1,Married,745083,18870,1,11742,309653,1767576,695,12,0,1,0,913027,24,Home,62090.25,18.91,1.225,31478.25,Rejected,0
APP_00244,Alyssa Snyder,38,Postgraduate,Self-Employed,15,2,Single,508403,18858,4,19065,154264,1645961,693,20,0,6,2,692388,60,Vehicle,42366.92,45.0,1.362,4443.92,Rejected,1
APP_00245,Kimberly Smith,37,Postgraduate,Contract,4,1,Single,460159,20409,2,17255,110446,1058027,602,17,0,8,4,369932,84,Business,38346.58,45.0,0.804,682.58,Rejected,1
APP_00246,Colton Drake,22,High School,Self-Employed,1,2,Married,351026,8779,0,0,49167,1712659,728,3,0,6,2,537581,36,Vehicle,29252.17,0.0,1.531,20473.17,Approved,0
APP_00247,Jasmin Davis,65,Graduate,Self-Employed,31,3,Married,980877,35198,3,36782,139683,3028806,733,4,0,6,0,1121239,120,Home,81739.75,45.0,1.143,9759.75,Rejected,0
APP_00248,Brenda Lewis,58,Graduate,Business Owner,10,3,Single,1410414,27966,4,38677,532938,2147391,728,24,0,4,1,1479484,24,Education,117534.5,32.91,1.049,50891.5,Approved,0
APP_00249,Alexandra Ibarra,33,Postgraduate,Salaried,7,0,Single,997599,25431,2,13407,427816,1447389,661,6,0,6,0,665925,48,Business,83133.25,16.13,0.668,44295.25,Approved,0
APP_00250,Mark Nichols,26,Diploma,Salaried,5,1,Married,760495,12723,0,0,241956,2278885,569,4,0,5,6,613140,84,Vehicle,63374.58,0.0,0.806,50651.58,Rejected,1
APP_00251,John Li,25,High School,Salaried,1,0,Married,438862,17674,3,16457,17466,869713,782,7,0,6,1,267057,120,Personal,36571.83,45.0,0.609,2440.83,Approved,0
APP_00252,Mark Byrd,29,Graduate,Self-Employed,9,0,Married,579854,11120,2,11276,89032,750091,671,3,0,7,3,245042,84,Personal,48321.17,23.34,0.423,25925.17,Rejected,1
APP_00253,Justin Barnett,22,High School,Business Owner,2,3,Married,1155541,21470,0,0,311020,3556270,781,1,0,7,1,1263785,60,Personal,96295.08,0.0,1.094,74825.08,Approved,0
APP_00254,Katherine Kim,54,Graduate,Self-Employed,6,4,Married,1015022,37591,2,19752,338284,2119648,762,8,0,7,0,888564,84,Business,84585.17,23.35,0.875,27242.17,Approved,0
APP_00255,Stephanie Kelly,36,Graduate,Salaried,16,4,Married,549177,20125,2,20594,144166,220024,737,14,1,8,0,585355,36,Medical,45764.75,45.0,1.066,5045.75,Approved,1
APP_00256,Timothy Simon,60,Graduate,Business Owner,29,3,Single,390771,13866,2,14653,128882,1045540,807,7,1,4,0,506210,120,Home,32564.25,45.0,1.295,4045.25,Rejected,1
APP_00257,Kara Moore,56,Postgraduate,Contract,1,4,Married,618251,21702,0,0,126394,1849229,759,9,0,7,1,632277,36,Medical,51520.92,0.0,1.023,29818.92,Approved,0
APP_00258,Lee Garrett,27,Graduate,Self-Employed,4,4,Married,1090600,31752,0,0,459914,4230079,677,8,0,7,3,1187223,36,Vehicle,90883.33,0.0,1.089,59131.33,Approved,0
APP_00259,Shawn Valentine,58,Graduate,Contract,25,3,Single,461618,11880,3,17310,123792,1168537,802,12,0,3,0,145674,84,Vehicle,38468.17,45.0,0.316,9278.17,Approved,0
APP_00260,Paul Martinez,32,High School,Self-Employed,3,4,Single,555690,24730,4,20838,173911,1153554,724,8,0,1,0,203205,24,Personal,46307.5,45.0,0.366,739.5,Approved,0
APP_00261,Edward Kennedy,23,Diploma,Self-Employed,0,3,Married,1224009,50815,2,22631,344406,4319245,725,3,0,1,2,1580221,60,Medical,102000.75,22.19,1.291,28554.75,Rejected,1
APP_00262,Carly Richards,36,Graduate,Contract,15,2,Married,240574,9024,3,9021,22351,496507,671,10,0,1,4,206628,120,Personal,20047.83,45.0,0.859,2002.83,Rejected,1
APP_00263,Courtney Carrillo,59,Diploma,Business Owner,33,2,Married,1153938,43706,0,0,268173,2371724,650,11,0,5,2,1763462,60,Home,96161.5,0.0,1.528,52455.5,Approved,0
APP_00264,Samantha Lam,26,High School,Salaried,6,2,Married,746453,31779,1,8906,259813,1928863,554,6,0,7,6,752315,12,Personal,62204.42,14.32,1.008,21519.42,Rejected,1
APP_00265,Taylor Phillips,23,Graduate,Self-Employed,2,0,Single,558469,12301,4,20942,73042,1579278,633,1,1,2,3,298633,84,Home,46539.08,45.0,0.535,13296.08,Rejected,1
APP_00266,Andrea Smith,39,Postgraduate,Self-Employed,9,1,Married,701520,18642,4,26307,97180,1417490,753,17,0,6,0,583207,48,Medical,58460.0,45.0,0.831,13511.0,Approved,0
APP_00267,James Hill,31,Graduate,Salaried,9,2,Married,680887,15227,2,17697,229106,1900331,654,8,0,1,0,672985,36,Personal,56740.58,31.19,0.988,23816.58,Approved,0
APP_00268,Adam Bryant,27,Graduate,Salaried,0,4,Married,546967,19316,0,0,178851,1825683,682,6,0,7,2,154370,36,Vehicle,45580.58,0.0,0.282,26264.58,Approved,0
APP_00269,Nicholas Avery,27,Diploma,Salaried,0,1,Single,375132,9759,1,14067,84209,1167408,569,1,0,3,2,323108,120,Personal,31261.0,45.0,0.861,7435.0,Rejected,1
APP_00270,Daniel Campbell,33,Diploma,Self-Employed,5,0,Single,1055556,44205,2,14896,10000,3396531,762,3,0,4,1,990404,48,Business,87963.0,16.93,0.938,28862.0,Approved,0
APP_00271,Debra Morgan,62,Diploma,Self-Employed,6,3,Single,1022787,40866,3,34449,262231,1854536,608,9,0,1,2,1232675,24,Education,85232.25,40.42,1.205,9917.25,Rejected,1
APP_00272,Thomas Simmons,39,Graduate,Salaried,7,4,Married,515567,21491,3,18334,139689,1567472,705,13,0,2,3,534819,12,Vehicle,42963.92,42.67,1.037,3138.92,Rejected,1
APP_00273,Nathan Reynolds,29,High School,Contract,8,4,Single,227668,4368,3,8537,86638,404295,685,1,0,3,1,299763,24,Home,18972.33,45.0,1.317,6067.33,Approved,0
APP_00274,Dale Davis,36,Postgraduate,Salaried,4,4,Single,814688,27553,1,9912,320190,0,769,10,0,7,1,671122,12,Business,67890.67,14.6,0.824,30425.67,Approved,0
APP_00275,Madeline Gould DDS,48,Postgraduate,Salaried,10,0,Married,615756,18043,0,0,46417,1238355,801,21,0,5,0,322125,84,Business,51313.0,0.0,0.523,33270.0,Approved,0
APP_00276,Marc Mata,42,Graduate,Salaried,10,1,Married,660701,15160,1,3349,140093,1242268,626,16,0,2,0,1081973,24,Personal,55058.42,6.08,1.638,36549.42,Rejected,0
APP_00277,Jesse Reese,41,Graduate,Self-Employed,1,1,Married,987104,25372,4,37016,225799,3545779,586,8,0,3,4,1245878,84,Home,82258.67,45.0,1.262,19870.67,Rejected,1
APP_00278,Jason Hernandez,33,Graduate,Salaried,4,1,Married,453457,13306,1,16541,175950,827824,751,9,0,2,0,86298,24,Vehicle,37788.08,43.77,0.19,7941.08,Approved,0
APP_00279,John Webster,40,Graduate,Salaried,7,1,Married,337814,12335,3,12668,241639,1076928,647,19,0,1,3,135508,60,Vehicle,28151.17,45.0,0.401,3148.17,Rejected,1
APP_00280,Christine Lopez,50,Postgraduate,Salaried,20,3,Married,1012830,35064,4,37981,453023,1554489,716,7,0,4,0,1018329,12,Home,84402.5,45.0,1.005,11357.5,Rejected,0
APP_00281,Jack Mendoza,53,Graduate,Salaried,14,0,Married,582793,24713,1,13960,131111,0,599,3,0,5,5,655745,36,Vehicle,48566.08,28.74,1.125,9893.08,Rejected,1
APP_00282,Geoffrey Conley,43,Postgraduate,Salaried,14,3,Single,727101,24356,0,0,10000,2980729,739,22,0,8,0,905479,48,Home,60591.75,0.0,1.245,36235.75,Approved,0
APP_00283,Angela Bradley,28,Diploma,Salaried,3,4,Single,609120,26647,1,17830,169783,1911178,708,1,0,7,1,601384,36,Home,50760.0,35.13,0.987,6283.0,Approved,0
APP_00284,Robert Allen,61,Diploma,Salaried,22,2,Married,794316,18830,3,29786,277758,3271146,722,13,0,7,0,396073,12,Medical,66193.0,45.0,0.499,17577.0,Approved,0
APP_00285,Karen Gaines,31,Postgraduate,Salaried,11,4,Married,758141,23819,0,0,51416,2995608,638,1,0,6,1,703800,60,Vehicle,63178.42,0.0,0.928,39359.42,Rejected,0
APP_00286,Ryan Gordon,45,Postgraduate,Salaried,11,4,Single,784456,26824,2,29417,194851,1667334,621,4,1,6,0,59877,12,Personal,65371.33,45.0,0.076,9130.33,Rejected,0
APP_00287,Kristen Murray,35,Graduate,Salaried,2,4,Married,376352,7214,3,14113,166427,722772,685,10,0,7,0,138281,120,Business,31362.67,45.0,0.367,10035.67,Approved,0
APP_00288,Kayla Williams,50,Diploma,Salaried,10,4,Married,591446,25522,3,22179,235945,2523411,762,1,0,8,0,856485,24,Vehicle,49287.17,45.0,1.448,1586.17,Approved,0
APP_00289,Angela Garner,62,Postgraduate,Salaried,30,0,Single,516711,22681,2,19376,222042,1299177,759,21,0,1,0,726968,48,Personal,43059.25,45.0,1.407,1002.25,Approved,0
APP_00290,Nicholas Frye,54,High School,Business Owner,8,2,Married,810983,16639,3,20359,180809,2888723,653,24,0,2,4,585302,24,Personal,67581.92,30.12,0.722,30583.92,Rejected,0
APP_00291,Belinda Jones,30,Graduate,Salaried,1,0,Single,709939,14173,1,4717,192002,2282323,731,3,0,7,0,991494,120,Education,59161.58,7.97,1.397,40271.58,Approved,0
APP_00292,Christopher Robbins,51,Graduate,Contract,1,0,Married,389306,7297,0,0,185655,1752921,709,15,1,1,4,266180,48,Vehicle,32442.17,0.0,0.684,25145.17,Approved,1
APP_00293,Catherine Gibbs,29,Postgraduate,Salaried,8,2,Married,740334,33243,3,23370,148410,3896026,581,1,0,8,2,426126,36,Vehicle,61694.5,37.88,0.576,5081.5,Rejected,1
APP_00294,Miranda Hernandez,26,High School,Business Owner,5,4,Single,820531,22918,1,15612,271932,1591045,795,1,0,7,0,336298,60,Home,68377.58,22.83,0.41,29847.58,Approved,0
APP_00295,Mary Watson,21,Graduate,Contract,1,0,Single,664159,28421,2,21063,376777,710331,753,1,0,1,0,959427,24,Home,55346.58,38.06,1.445,5862.58,Approved,1
APP_00296,Randall Richards,58,Graduate,Contract,15,1,Married,538629,23884,3,20198,54857,1109529,731,12,0,6,1,832099,36,Personal,44885.75,45.0,1.545,803.75,Approved,0
APP_00297,David Paul,45,Graduate,Contract,3,0,Married,450574,13696,2,9041,20372,2031884,744,3,0,4,0,566300,12,Medical,37547.83,24.08,1.257,14810.83,Approved,0
APP_00298,Robert Ellison,58,Diploma,Business Owner,10,4,Single,997861,36831,1,13603,201215,788909,616,24,0,3,2,272585,120,Education,83155.08,16.36,0.273,32721.08,Approved,0
APP_00299,Kimberly Swanson,36,High School,Salaried,6,4,Single,898875,34353,2,24378,547106,3083472,587,12,0,7,3,551845,36,Personal,74906.25,32.54,0.614,16175.25,Rejected,0
APP_00300,Edward Baldwin,38,Postgraduate,Salaried,16,3,Single,551866,19117,4,20694,180309,743105,810,10,0,7,1,486783,12,Personal,45988.83,45.0,0.882,6177.83,Approved,0
APP_00301,Jennifer Peterson,49,Graduate,Salaried,13,1,Married,878791,28934,3,32954,134446,2302963,683,3,0,6,1,615842,120,Business,73232.58,45.0,0.701,11344.58,Rejected,1
APP_00302,Michael Stafford,58,Graduate,Salaried,4,0,Married,680020,25194,3,25500,188504,2420968,627,19,1,7,4,507894,24,Education,56668.33,45.0,0.747,5974.33,Rejected,1
APP_00303,Shawn Rodriguez,43,Graduate,Business Owner,23,4,Single,810522,29318,3,25360,302264,2548381,695,4,1,7,0,419815,12,Personal,67543.5,37.55,0.518,12865.5,Rejected,1
APP_00304,Brianna Francis,21,Graduate,Salaried,0,1,Married,622592,20551,1,14085,250645,2108035,741,2,0,7,0,309971,12,Vehicle,51882.67,27.15,0.498,17246.67,Approved,0
APP_00305,Jeffrey Escobar,62,Postgraduate,Salaried,32,1,Married,925097,41357,0,0,207442,1649842,746,20,0,3,0,995872,48,Personal,77091.42,0.0,1.077,35734.42,Approved,0
APP_00306,Lori Cunningham,55,Graduate,Salaried,30,4,Married,383235,16669,0,0,154397,132702,721,4,0,3,3,402706,36,Vehicle,31936.25,0.0,1.051,15267.25,Approved,0
APP_00307,Joel Potts,38,Postgraduate,Self-Employed,11,0,Married,884442,17773,2,19169,305980,1053375,647,5,1,7,4,654851,60,Home,73703.5,26.01,0.74,36761.5,Rejected,1
APP_00308,Ian Spence,52,Graduate,Salaried,28,3,Married,792953,35678,0,0,306051,1182407,707,1,1,1,1,603572,12,Vehicle,66079.42,0.0,0.761,30401.42,Approved,0
APP_00309,Sharon Bowers,23,Postgraduate,Business Owner,2,1,Married,262055,7717,4,9827,55538,643273,616,4,1,2,5,124787,36,Home,21837.92,45.0,0.476,4293.92,Rejected,1
APP_00310,Darren Pace,27,Graduate,Business Owner,4,0,Single,1668599,60476,2,29971,688470,4822507,772,8,1,3,2,1827764,24,Personal,139049.92,21.55,1.095,48602.92,Rejected,1
APP_00311,Emily Griffin,49,Graduate,Salaried,10,0,Married,746053,28500,2,16789,411924,1109719,705,11,0,3,2,322462,12,Business,62171.08,27.0,0.432,16882.08,Approved,0
APP_00312,Karen Beck,51,High School,Salaried,22,3,Single,707638,23803,4,26536,251936,1092419,681,1,0,8,0,266993,24,Personal,58969.83,45.0,0.377,8630.83,Approved,0
APP_00313,Dylan Walker,24,Postgraduate,Salaried,1,4,Married,762424,14457,3,28590,102809,1188257,543,4,0,4,0,286410,48,Medical,63535.33,45.0,0.376,20488.33,Rejected,1
APP_00314,Ian Harris,26,Graduate,Salaried,4,2,Married,808981,29042,0,0,421395,2137618,720,7,0,6,1,679121,60,Business,67415.08,0.0,0.839,38373.08,Approved,0
APP_00315,Joseph Knapp,28,Diploma,Self-Employed,7,2,Married,1256895,35317,4,31399,377704,4764321,750,3,0,4,1,816008,48,Home,104741.25,29.98,0.649,38025.25,Rejected,0
APP_00316,Kevin Miller,48,Postgraduate,Salaried,2,1,Single,374739,6863,3,14052,117614,350522,700,18,1,1,1,364506,84,Personal,31228.25,45.0,0.973,10313.25,Rejected,1
APP_00317,Connie Patel,52,High School,Business Owner,0,2,Married,624190,26225,2,17013,330267,1522338,637,15,0,5,4,367873,24,Business,52015.83,32.71,0.589,8777.83,Approved,1
APP_00318,Ruben Patton,61,Postgraduate,Salaried,30,1,Single,365004,12761,3,13687,125316,897287,745,11,0,7,3,403474,24,Business,30417.0,45.0,1.105,3969.0,Approved,0
APP_00319,Melinda Jones,46,Graduate,Salaried,2,4,Married,564220,14613,0,0,58854,2212635,691,20,0,5,1,708997,60,Business,47018.33,0.0,1.257,32405.33,Approved,0
APP_00320,Angela Valdez,21,Postgraduate,Salaried,0,3,Married,787055,33333,2,20032,329577,1087106,813,3,0,8,0,356664,12,Vehicle,65587.92,30.54,0.453,12222.92,Approved,0
APP_00321,Angela Sexton,25,Graduate,Contract,5,0,Single,895682,24315,1,14957,309261,1340442,666,6,0,4,2,776179,60,Medical,74640.17,20.04,0.867,35368.17,Approved,1
APP_00322,Mr. Omar Hensley,44,High School,Salaried,11,4,Single,510585,18760,4,19146,60565,1305433,697,10,0,5,2,629251,60,Education,42548.75,45.0,1.232,4642.75,Rejected,1
APP_00323,Sonia Glenn,28,Postgraduate,Self-Employed,5,4,Single,569278,14023,2,21347,140956,1969028,768,1,0,2,0,761138,48,Vehicle,47439.83,45.0,1.337,12069.83,Approved,0
APP_00324,Dr. Renee Brown,28,Graduate,Self-Employed,4,1,Married,553423,22811,3,20753,125220,601722,653,8,0,7,2,468584,24,Vehicle,46118.58,45.0,0.847,2554.58,Rejected,1
APP_00325,Bryan Kelley,27,Postgraduate,Salaried,1,1,Married,483339,18029,2,18125,136760,964972,811,3,0,1,0,489873,120,Medical,40278.25,45.0,1.014,4124.25,Approved,0
APP_00326,Tracy Smith,41,Postgraduate,Salaried,6,0,Married,798001,18171,1,6146,427760,1535531,753,22,1,2,0,1191570,120,Personal,66500.08,9.24,1.493,42183.08,Rejected,1
APP_00327,David Howell,56,Graduate,Contract,30,1,Single,402600,9414,4,15097,40660,903272,596,1,0,4,5,302545,84,Medical,33550.0,45.0,0.751,9039.0,Rejected,1
APP_00328,Nicholas Bean,62,Graduate,Salaried,18,1,Married,717562,17027,0,0,211057,1712182,668,25,1,5,0,685146,48,Personal,59796.83,0.0,0.955,42769.83,Approved,0
APP_00329,Connor Hurley,29,Graduate,Salaried,9,4,Married,418810,18596,1,7549,218359,1252847,673,9,0,3,1,564990,36,Business,34900.83,21.63,1.349,8755.83,Rejected,0
APP_00330,John Cruz,54,Graduate,Self-Employed,16,2,Single,633356,28783,0,0,238015,1917700,557,25,0,6,6,208469,36,Home,52779.67,0.0,0.329,23996.67,Rejected,0
APP_00331,Denise Maynard,30,High School,Salaried,1,4,Single,528457,20486,4,19817,61979,1668445,680,10,0,5,2,128301,12,Vehicle,44038.08,45.0,0.243,3735.08,Approved,1
APP_00332,Mark Adams,40,High School,Self-Employed,14,3,Married,671327,29373,4,25174,172770,2184098,545,15,0,6,2,701684,60,Home,55943.92,45.0,1.045,1396.92,Rejected,1
APP_00333,Vicki Perez,24,High School,Salaried,1,1,Married,587832,21530,2,22043,326479,1938874,702,4,0,7,3,286869,24,Medical,48986.0,45.0,0.488,5413.0,Approved,1
APP_00334,John Wilson,39,High School,Self-Employed,19,4,Married,736094,27211,1,14597,97647,1828472,712,10,0,3,0,333912,60,Home,61341.17,23.8,0.454,19533.17,Approved,0
APP_00335,Kathy Mckee,62,High School,Salaried,9,3,Married,754207,26157,1,16489,278307,2250386,728,9,0,6,2,841018,48,Education,62850.58,26.24,1.115,20204.58,Rejected,1
APP_00336,Adam Miller,43,Graduate,Salaried,11,2,Single,716155,15792,0,0,138015,1721185,680,12,0,5,3,380122,84,Vehicle,59679.58,0.0,0.531,43887.58,Approved,0
APP_00337,Wendy Frye,44,Graduate,Salaried,24,1,Married,416904,12636,4,15633,138852,1299943,716,2,0,4,1,465144,48,Medical,34742.0,45.0,1.116,6473.0,Approved,0
APP_00338,Rachel Jones,44,High School,Salaried,5,4,Married,658077,25624,0,0,248479,2478875,547,15,0,2,3,293817,24,Vehicle,54839.75,0.0,0.446,29215.75,Rejected,0
APP_00339,John Gordon,43,Postgraduate,Salaried,21,3,Married,602908,26863,4,22609,14362,2060758,738,4,0,6,0,524231,120,Education,50242.33,45.0,0.87,770.33,Approved,0
APP_00340,Christina Wilson,38,Graduate,Salaried,0,3,Married,695614,18700,2,13572,366732,2024705,706,14,0,4,0,744108,36,Home,57967.83,23.41,1.07,25695.83,Approved,0
APP_00341,Patrick Bailey,56,High School,Self-Employed,14,2,Single,505423,11072,0,0,287975,1822672,704,14,0,1,2,622449,12,Personal,42118.58,0.0,1.232,31046.58,Approved,0
APP_00342,Alexander Parrish,43,Graduate,Business Owner,21,2,Married,907822,17807,2,22381,400580,3337567,795,7,0,7,0,1299474,48,Vehicle,75651.83,29.58,1.431,35463.83,Approved,0
APP_00343,Tammy Rivas,34,Postgraduate,Salaried,12,0,Married,424943,11000,3,15935,140920,1263417,640,13,1,1,3,590128,60,Medical,35411.92,45.0,1.389,8476.92,Rejected,1
APP_00344,Frank Horne,55,Graduate,Business Owner,11,4,Married,563363,11160,1,9127,193211,2475121,800,25,0,7,0,582464,36,Vehicle,46946.92,19.44,1.034,26659.92,Approved,0
APP_00345,Robert Lynch,32,Graduate,Business Owner,5,2,Married,1311455,52556,3,27806,287520,1908381,814,14,0,2,0,1007861,120,Home,109287.92,25.44,0.769,28925.92,Approved,0
APP_00346,Kyle Reyes,62,Graduate,Salaried,27,0,Single,766784,19195,1,9125,120237,2314321,654,18,0,3,0,635917,120,Home,63898.67,14.28,0.829,35578.67,Approved,0
APP_00347,Crystal Johnson,39,High School,Self-Employed,12,2,Single,439422,7341,4,16478,19720,124096,608,15,0,3,1,273303,48,Personal,36618.5,45.0,0.622,12799.5,Rejected,1
APP_00348,Sara Dennis,49,High School,Salaried,0,3,Single,640561,20065,2,14302,45721,2058914,660,19,1,6,1,677092,12,Education,53380.08,26.79,1.057,19013.08,Rejected,1
APP_00349,Michael Griffin,31,Graduate,Business Owner,4,3,Single,180000,5310,0,0,99167,286141,738,11,1,4,1,52196,84,Education,15000.0,0.0,0.29,9690.0,Rejected,0
APP_00350,Jaime Atkinson,39,High School,Salaried,7,1,Single,762328,16523,1,5093,567271,2517517,850,17,0,4,0,967068,60,Medical,63527.33,8.02,1.269,41911.33,Approved,0
APP_00351,Richard Campbell,42,Graduate,Self-Employed,0,3,Single,600627,26013,3,22523,164932,2252018,587,6,1,1,4,647690,60,Personal,50052.25,45.0,1.078,1516.25,Rejected,1
APP_00352,Brandi Arroyo,62,Postgraduate,Salaried,27,4,Married,425079,17296,4,15940,223680,1540015,733,11,1,5,0,251426,48,Business,35423.25,45.0,0.591,2187.25,Rejected,0
APP_00353,Ashley Shepard,48,Diploma,Salaried,14,1,Married,665913,25872,4,24971,164497,1155081,733,17,0,6,2,276292,36,Vehicle,55492.75,45.0,0.415,4649.75,Rejected,0
APP_00354,John Smith,46,Graduate,Salaried,4,4,Single,1017606,32930,4,38160,311591,1991593,620,5,1,1,1,673924,120,Business,84800.5,45.0,0.662,13710.5,Rejected,1
APP_00355,Makayla Burns,62,Graduate,Salaried,31,1,Married,560670,15943,1,10635,312363,796201,691,19,0,4,0,469882,24,Vehicle,46722.5,22.76,0.838,20144.5,Approved,0
APP_00356,Mr. Stephen Silva,27,Postgraduate,Salaried,0,0,Married,482506,16291,3,18093,98554,1089521,760,6,0,8,0,427865,48,Vehicle,40208.83,45.0,0.887,5824.83,Approved,0
APP_00357,Larry Black,60,Postgraduate,Salaried,12,1,Married,614773,19427,0,0,162986,1221731,702,17,0,6,1,430201,48,Home,51231.08,0.0,0.7,31804.08,Approved,0
APP_00358,Mark Watson,31,Graduate,Salaried,2,3,Married,748643,20124,2,18106,194685,1734699,698,11,0,3,2,509215,120,Medical,62386.92,29.02,0.68,24156.92,Rejected,0
APP_00359,Brianna Santana,58,High School,Salaried,3,3,Single,707155,17936,3,26518,180728,343967,711,2,0,5,0,881763,24,Home,58929.58,45.0,1.247,14475.58,Approved,0
APP_00360,Taylor Shannon,60,Postgraduate,Salaried,31,3,Married,708598,23608,0,0,224004,1466218,666,17,0,2,1,549865,120,Home,59049.83,0.0,0.776,35441.83,Approved,0
APP_00361,Laura Brown,60,High School,Self-Employed,32,1,Married,994411,24293,2,30281,211043,865402,728,23,0,8,2,827737,60,Business,82867.58,36.54,0.832,28293.58,Approved,0
APP_00362,Thomas Anderson,45,Graduate,Business Owner,8,2,Married,345896,12609,0,0,26739,632747,726,22,0,5,1,373134,36,Vehicle,28824.67,0.0,1.079,16215.67,Approved,0
APP_00363,Jennifer Wall DDS,64,Graduate,Salaried,34,0,Married,760196,26526,3,28507,441792,3245533,703,25,1,7,1,827489,12,Vehicle,63349.67,45.0,1.089,8316.67,Rejected,0
APP_00364,Anthony Chang,55,Graduate,Salaried,27,3,Single,890351,28281,0,0,452933,2256597,626,7,0,2,1,1114920,36,Education,74195.92,0.0,1.252,45914.92,Rejected,1
APP_00365,Andrew Reilly,30,Postgraduate,Salaried,4,1,Single,563988,15934,3,21149,165422,1292550,722,11,0,2,2,779516,120,Medical,46999.0,45.0,1.382,9916.0,Approved,0
APP_00366,Andre Hernandez,59,Postgraduate,Salaried,8,1,Single,893552,28302,2,23607,451206,1574673,738,1,0,1,2,722090,60,Personal,74462.67,31.7,0.808,22553.67,Rejected,0
APP_00367,Janet Simpson,52,High School,Salaried,17,4,Married,672327,28307,3,25212,392997,1567584,732,24,0,6,2,411787,24,Vehicle,56027.25,45.0,0.612,2508.25,Approved,0
APP_00368,Michael Hammond,32,Graduate,Salaried,0,2,Married,640751,21944,2,15458,134905,669937,759,1,0,6,2,704124,36,Vehicle,53395.92,28.95,1.099,15993.92,Approved,0
APP_00369,Todd Young,30,Graduate,Self-Employed,9,1,Married,886474,28579,1,7676,242761,1226254,819,9,0,5,0,612078,12,Personal,73872.83,10.39,0.69,37617.83,Approved,0
APP_00370,Peter Jimenez,57,Graduate,Salaried,13,2,Single,760555,17533,2,11253,198841,2112481,624,7,1,6,5,681951,36,Home,63379.58,17.75,0.897,34593.58,Rejected,1
APP_00371,Destiny Jefferson,23,Graduate,Salaried,1,1,Married,840210,31855,4,31507,373911,2704777,817,4,0,6,1,578775,12,Personal,70017.5,45.0,0.689,6655.5,Approved,0
APP_00372,Alan Smith,58,Graduate,Contract,34,3,Married,401506,9811,2,15056,174953,913102,790,10,0,3,0,431938,36,Medical,33458.83,45.0,1.076,8591.83,Approved,0
APP_00373,Thomas Craig,55,Graduate,Salaried,17,3,Single,696115,28506,3,26104,28809,1537626,717,19,0,2,0,514695,12,Home,58009.58,45.0,0.739,3399.58,Rejected,0
APP_00374,Jessica Gomez,25,Postgraduate,Salaried,1,1,Married,531513,20615,4,19931,53019,1790910,781,6,0,1,1,553416,60,Business,44292.75,45.0,1.041,3746.75,Approved,0
APP_00375,April Sanchez,38,Graduate,Salaried,4,4,Single,493945,8612,0,0,154608,1832882,688,8,0,8,2,421895,24,Home,41162.08,0.0,0.854,32550.08,Rejected,0
APP_00376,Dominic Gomez,44,High School,Business Owner,16,2,Single,1564464,37476,2,18388,189642,6951740,636,14,1,6,5,1453368,12,Personal,130372.0,14.1,0.929,74508.0,Rejected,1
APP_00377,Samuel Wells,22,Graduate,Salaried,0,2,Married,717399,29873,2,12976,312198,1614884,711,4,0,5,2,284268,48,Business,59783.25,21.71,0.396,16934.25,Approved,0
APP_00378,Timothy Smith,22,Postgraduate,Business Owner,2,1,Single,975584,41118,1,11075,179674,4063895,663,1,0,3,0,1114593,12,Personal,81298.67,13.62,1.142,29105.67,Approved,0
APP_00379,Melissa Soto,41,Postgraduate,Contract,21,0,Married,338575,10842,2,12696,107409,1020341,566,17,0,7,1,228804,84,Vehicle,28214.58,45.0,0.676,4676.58,Rejected,1
APP_00380,Katie Hart,22,Diploma,Salaried,0,4,Single,594182,20580,0,0,117578,1539366,714,3,0,1,1,572654,60,Medical,49515.17,0.0,0.964,28935.17,Approved,0
APP_00381,Randy Elliott,34,High School,Contract,12,3,Married,354967,9215,3,13311,169402,772748,664,12,0,5,0,202635,60,Vehicle,29580.58,45.0,0.571,7054.58,Rejected,0
APP_00382,Jennifer Brown,25,Graduate,Salaried,5,4,Married,472888,20074,3,17733,58370,1963721,675,2,1,7,1,549987,12,Home,39407.33,45.0,1.163,1600.33,Rejected,1
APP_00383,Julie Alvarado,26,Postgraduate,Self-Employed,0,1,Single,1319854,25656,3,28097,258264,3424643,655,4,0,7,4,1268742,24,Home,109987.83,25.55,0.961,56234.83,Approved,1
APP_00384,Mrs. Denise Bryan,64,Postgraduate,Business Owner,25,3,Married,1184517,53562,1,16668,592242,1980280,639,1,0,3,4,276426,12,Personal,98709.75,16.89,0.233,28479.75,Approved,0
APP_00385,Stephanie James,38,High School,Salaried,9,3,Married,793086,28144,4,29740,398422,3166444,692,15,0,4,0,1007923,60,Personal,66090.5,45.0,1.271,8206.5,Rejected,0
APP_00386,Anthony Woods,62,Graduate,Self-Employed,9,2,Single,496537,12247,2,18620,110757,1483956,568,8,0,5,3,301836,24,Home,41378.08,45.0,0.608,10511.08,Rejected,1
APP_00387,Elizabeth Wood,33,Postgraduate,Salaried,7,4,Single,247108,10084,3,9266,68407,626157,687,13,1,8,1,381145,36,Vehicle,20592.33,45.0,1.542,1242.33,Rejected,1
APP_00388,Matthew Gray,33,Graduate,Self-Employed,2,0,Single,415803,11604,2,7408,143805,735449,627,3,0,6,0,480007,24,Vehicle,34650.25,21.38,1.154,15638.25,Approved,0
APP_00389,Robert Adams,55,Graduate,Self-Employed,22,0,Single,549222,17474,1,7841,104473,1292597,709,9,0,2,3,232430,84,Vehicle,45768.5,17.13,0.423,20453.5,Approved,0
APP_00390,Nathan Jenkins,46,Graduate,Salaried,1,3,Single,1129751,35548,1,6678,263922,2833108,756,13,0,3,0,592946,84,Education,94145.92,7.09,0.525,51919.92,Approved,0
APP_00391,Lori Ferguson,34,Graduate,Self-Employed,7,3,Married,1093067,43108,4,40990,351209,2737731,751,16,0,6,1,614904,60,Business,91088.92,45.0,0.563,6990.92,Approved,0
APP_00392,Randy Jackson,27,Diploma,Self-Employed,5,4,Married,745959,27969,4,27973,297240,404055,617,4,0,4,1,998348,84,Business,62163.25,45.0,1.338,6221.25,Rejected,1
APP_00393,Robin Smith,28,Graduate,Salaried,8,4,Single,832565,21326,4,31221,331177,965953,777,10,0,4,0,586346,36,Medical,69380.42,45.0,0.704,16833.42,Approved,0
APP_00394,Erik Sandoval,40,Diploma,Salaried,16,2,Single,428776,9462,2,16079,19762,1114921,683,4,0,1,3,581843,48,Home,35731.33,45.0,1.357,10190.33,Rejected,0
APP_00395,Kristen Walls,37,High School,Business Owner,1,4,Married,1193718,52415,4,44764,429769,717045,667,10,0,3,2,528146,48,Personal,99476.5,45.0,0.442,2297.5,Rejected,0
APP_00396,Mitchell Burns,45,Graduate,Salaried,3,4,Married,583233,21262,2,21871,191786,2030344,573,2,0,8,1,762383,60,Personal,48602.75,45.0,1.307,5469.75,Rejected,1
APP_00397,Veronica Thompson,62,Graduate,Salaried,0,4,Married,867488,27204,0,0,31834,3099552,705,6,0,5,0,202464,60,Personal,72290.67,0.0,0.233,45086.67,Approved,0
APP_00398,John Alvarado,33,Diploma,Salaried,1,0,Single,865069,19712,1,9139,443829,1451295,542,2,1,6,2,1152525,36,Medical,72089.08,12.68,1.332,43238.08,Rejected,1
APP_00399,Cynthia Ramirez,34,Postgraduate,Business Owner,1,3,Single,1286875,52635,4,40501,611058,13991,638,10,0,1,2,510350,12,Medical,107239.58,37.77,0.397,14103.58,Approved,1
APP_00400,James Graves,37,Graduate,Contract,15,4,Married,488326,16754,4,18312,281689,1704237,763,4,0,4,0,200515,24,Medical,40693.83,45.0,0.411,5627.83,Approved,0
APP_00401,Peter Peterson,65,Graduate,Salaried,31,3,Single,622828,12829,1,4841,107459,1924229,491,19,1,7,2,505338,48,Business,51902.33,9.33,0.811,34232.33,Rejected,1
APP_00402,Stephanie Frye,44,Graduate,Self-Employed,12,1,Single,927916,35753,4,34796,369406,2762349,525,22,0,7,4,930429,48,Home,77326.33,45.0,1.003,6777.33,Rejected,1
APP_00403,Mark Becker,59,Graduate,Salaried,28,3,Married,731807,21491,4,27442,135041,1097967,653,14,0,3,1,987712,12,Business,60983.92,45.0,1.35,12050.92,Approved,1
APP_00404,Kristina Knight,51,High School,Salaried,5,4,Single,1106521,26839,1,16274,381874,3615657,710,19,1,3,0,587611,60,Business,92210.08,17.65,0.531,49097.08,Rejected,0
APP_00405,Barbara Williams,28,Graduate,Salaried,2,3,Married,712584,21556,3,26721,285455,1024216,652,6,0,2,3,91715,24,Personal,59382.0,45.0,0.129,11105.0,Rejected,1
APP_00406,Emily Snow,39,Postgraduate,Salaried,5,3,Married,795003,19606,3,29812,399732,3656542,687,14,0,6,1,556169,24,Personal,66250.25,45.0,0.7,16832.25,Rejected,0
APP_00407,Mark Castillo,47,Postgraduate,Salaried,9,0,Single,693394,23829,4,26002,28219,261483,673,23,0,1,1,331749,84,Personal,57782.83,45.0,0.478,7951.83,Rejected,0
APP_00408,Andrew Davis DDS,47,Postgraduate,Self-Employed,21,2,Single,805391,32711,1,4485,76329,1773386,679,9,0,4,1,782780,48,Personal,67115.92,6.68,0.972,29919.92,Approved,0
APP_00409,Hannah Lam,33,Graduate,Business Owner,11,1,Married,840507,35794,4,31519,382126,1784071,784,12,0,6,0,769821,12,Medical,70042.25,45.0,0.916,2729.25,Approved,0
APP_00410,Michael Rhodes,22,Graduate,Salaried,1,2,Single,628147,19182,2,22322,149349,2513814,788,3,0,8,0,934097,120,Vehicle,52345.58,42.64,1.487,10841.58,Approved,0
APP_00411,Robert Lee,21,High School,Business Owner,1,4,Married,1283611,28935,2,13395,537013,1496586,721,3,0,2,1,1345471,36,Medical,106967.58,12.52,1.048,64637.58,Approved,1
APP_00412,Paula Levy,43,Graduate,Salaried,19,0,Married,704989,17745,1,12346,263260,1521709,713,2,0,1,1,531958,12,Personal,58749.08,21.01,0.755,28658.08,Approved,0
APP_00413,Jeffrey Guzman,65,High School,Salaried,0,0,Single,387423,11830,3,14528,129891,1224419,679,2,0,7,1,161509,36,Personal,32285.25,45.0,0.417,5927.25,Rejected,1
APP_00414,Christina Johnson,47,Graduate,Contract,4,0,Married,425617,13055,3,15960,66179,241722,567,17,0,2,5,410939,12,Home,35468.08,45.0,0.966,6453.08,Rejected,1
APP_00415,Stephanie Morgan,31,Graduate,Self-Employed,1,4,Married,666628,11994,2,24998,288508,2252545,623,2,0,3,1,585937,24,Medical,55552.33,45.0,0.879,18560.33,Rejected,1
APP_00416,Jennifer Cook,53,Diploma,Self-Employed,13,0,Married,916264,41297,1,9489,193985,3136098,565,13,0,8,2,1198684,48,Home,76355.33,12.43,1.308,25569.33,Approved,1
APP_00417,Ryan Wright,50,Postgraduate,Salaried,3,0,Married,792336,25245,1,3879,235082,3364146,740,14,0,8,1,889152,60,Vehicle,66028.0,5.87,1.122,36904.0,Approved,0
APP_00418,Ryan Howe,58,Postgraduate,Salaried,32,0,Single,571418,11710,2,8704,176045,670694,729,17,0,3,2,463163,12,Education,47618.17,18.28,0.811,27204.17,Approved,0
APP_00419,John Russell,25,Graduate,Business Owner,4,3,Single,962816,34235,0,0,532354,2491008,716,3,0,3,1,849829,24,Vehicle,80234.67,0.0,0.883,45999.67,Approved,0
APP_00420,Christine Garcia,44,Diploma,Self-Employed,22,3,Married,935452,20704,2,24860,434910,1706679,656,11,1,7,0,1407457,48,Business,77954.33,31.89,1.505,32390.33,Rejected,1
APP_00421,Dr. Alan Dennis,56,Graduate,Self-Employed,31,1,Single,525235,18152,0,0,89560,492175,740,7,0,1,0,304430,84,Education,43769.58,0.0,0.58,25617.58,Approved,0
APP_00422,Jordan Cox,23,Graduate,Salaried,0,2,Married,654363,21824,0,0,235961,1181408,567,4,0,3,3,729409,36,Vehicle,54530.25,0.0,1.115,32706.25,Approved,1
APP_00423,Richard Gilbert,28,Postgraduate,Self-Employed,1,1,Single,859373,32142,2,22120,424906,1934142,805,7,0,3,1,1152424,84,Education,71614.42,30.89,1.341,17352.42,Approved,0
APP_00424,Bobby Thomas,45,Graduate,Salaried,8,0,Married,670050,23289,3,23604,231783,2910647,744,11,0,5,1,596865,36,Business,55837.5,42.27,0.891,8944.5,Approved,0
APP_00425,Carl Perry,58,Graduate,Salaried,17,0,Married,727973,13542,0,0,264852,2028039,703,3,0,7,4,491836,84,Business,60664.42,0.0,0.676,47122.42,Approved,0
APP_00426,Jason Holt,54,High School,Self-Employed,19,2,Single,802285,35389,4,30085,10000,2734065,613,14,0,3,1,401977,60,Vehicle,66857.08,45.0,0.501,1383.08,Rejected,1
APP_00427,Joseph Cooper,64,Postgraduate,Salaried,16,3,Married,555207,23757,3,20820,148165,1712193,779,3,0,2,0,436063,36,Business,46267.25,45.0,0.785,1690.25,Approved,0
APP_00428,Susan Wilson,63,Graduate,Business Owner,13,4,Married,539021,13014,0,0,67496,484781,744,4,0,4,0,167569,48,Home,44918.42,0.0,0.311,31904.42,Approved,0
APP_00429,David Barnett,42,Graduate,Salaried,17,4,Single,806766,29767,2,22838,297367,1506832,725,18,0,5,1,503295,24,Education,67230.5,33.97,0.624,14625.5,Approved,0
APP_00430,Ashley Hatfield,35,Graduate,Salaried,9,1,Married,857880,32569,1,10791,121239,2368406,649,16,1,1,1,524652,48,Education,71490.0,15.09,0.612,28130.0,Rejected,1
APP_00431,Cindy Washington,26,Graduate,Contract,6,0,Married,439957,8246,1,16498,10853,1458222,625,2,0,2,6,556793,120,Home,36663.08,45.0,1.266,11919.08,Rejected,0
APP_00432,Melissa Evans,54,Graduate,Salaried,26,0,Married,543320,21131,1,5615,226452,748556,693,10,0,2,1,511590,48,Vehicle,45276.67,12.4,0.942,18530.67,Approved,0
APP_00433,Kimberly Perry,43,Graduate,Salaried,18,4,Married,372481,8328,2,13968,107490,988015,581,8,0,3,0,391979,12,Business,31040.08,45.0,1.052,8744.08,Rejected,1
APP_00434,Jared Harris,39,Graduate,Self-Employed,7,4,Married,542258,20188,4,20334,94650,1528546,689,5,0,5,0,601591,84,Business,45188.17,45.0,1.109,4666.17,Approved,0
APP_00435,Lori Romero,49,Postgraduate,Self-Employed,24,1,Married,835390,34945,4,27617,221787,1893322,704,21,0,2,0,393220,120,Vehicle,69615.83,39.67,0.471,7053.83,Approved,0
APP_00436,Julie James,51,Diploma,Salaried,5,2,Married,755343,26784,1,11472,298950,3170645,713,8,0,8,1,669618,24,Vehicle,62945.25,18.23,0.887,24689.25,Approved,0
APP_00437,Michael Burns,65,Postgraduate,Salaried,13,4,Single,660338,26349,0,0,251753,2273503,702,21,0,7,1,1099384,12,Business,55028.17,0.0,1.665,28679.17,Rejected,0
APP_00438,Aaron Taylor,51,Graduate,Salaried,4,2,Married,863759,21464,2,16873,291504,1908160,728,17,0,4,0,1122477,48,Personal,71979.92,23.44,1.3,33642.92,Approved,0
APP_00439,Brittany Bradley,38,Graduate,Self-Employed,11,1,Married,631745,20548,3,23690,14871,239849,777,20,0,8,0,280670,48,Business,52645.42,45.0,0.444,8407.42,Approved,0
APP_00440,Cynthia Scott,61,High School,Salaried,18,0,Married,870443,31465,1,6030,257699,3451764,631,23,1,8,6,202475,120,Home,72536.92,8.31,0.233,35041.92,Rejected,1
APP_00441,Trevor Lang,38,High School,Salaried,11,1,Married,507796,20822,1,17432,205110,1788438,704,20,0,7,0,384788,60,Personal,42316.33,41.19,0.758,4062.33,Approved,0
APP_00442,Sheila Bennett,55,Postgraduate,Contract,30,3,Single,329654,10752,3,12362,83298,443925,723,13,0,3,2,500756,36,Business,27471.17,45.0,1.519,4357.17,Approved,1
APP_00443,Rebecca Mercer,37,Postgraduate,Salaried,3,1,Married,662297,19884,1,8539,211237,2183215,806,12,0,5,0,146626,48,Personal,55191.42,15.47,0.221,26768.42,Approved,0
APP_00444,Jacob Wilkins,27,Graduate,Contract,6,4,Single,580496,19225,2,21768,208222,3222746,706,7,0,3,1,400868,36,Medical,48374.67,45.0,0.691,7381.67,Rejected,0
APP_00445,Jordan Marks,43,High School,Contract,2,4,Single,481855,9344,2,18069,232472,816411,678,13,0,4,0,707189,48,Personal,40154.58,45.0,1.468,12741.58,Rejected,1
APP_00446,Erika Rose,64,Graduate,Business Owner,31,0,Single,1445556,29716,0,0,182122,6774659,581,2,1,8,0,1822374,48,Education,120463.0,0.0,1.261,90747.0,Rejected,1
APP_00447,Lauren Wells,52,Graduate,Contract,1,1,Married,746528,17165,3,27994,260124,2969778,586,23,1,6,2,401584,24,Medical,62210.67,45.0,0.538,17051.67,Rejected,1
APP_00448,James Salinas,44,Graduate,Business Owner,18,3,Single,897641,37868,0,0,506856,1179623,496,1,1,4,6,1431543,48,Vehicle,74803.42,0.0,1.595,36935.42,Rejected,1
APP_00449,Thomas Compton,32,Graduate,Self-Employed,4,2,Married,664166,19746,0,0,313042,1172471,756,3,0,2,0,635812,48,Personal,55347.17,0.0,0.957,35601.17,Approved,0
APP_00450,Christopher Kelly,42,Graduate,Business Owner,15,3,Married,1072367,31432,2,18046,378101,2519558,726,17,0,4,0,172160,48,Vehicle,89363.92,20.19,0.161,39885.92,Approved,0
APP_00451,Christy Abbott,35,High School,Business Owner,7,3,Married,979702,33479,4,36738,394666,4177076,750,8,0,3,0,1203016,84,Personal,81641.83,45.0,1.228,11424.83,Approved,0
APP_00452,Dr. Timothy Rubio,31,Graduate,Salaried,1,3,Married,733580,29760,0,0,261313,2008728,693,9,0,5,0,386622,60,Vehicle,61131.67,0.0,0.527,31371.67,Approved,0
APP_00453,Zachary Nelson,41,Graduate,Contract,2,0,Married,497688,18405,1,10852,78044,614547,803,17,0,1,0,50000,36,Personal,41474.0,26.17,0.1,12217.0,Approved,0
APP_00454,Crystal Guzman,39,Graduate,Salaried,5,2,Married,578547,15515,0,0,187178,1964114,765,8,0,5,0,560437,36,Business,48212.25,0.0,0.969,32697.25,Approved,0
APP_00455,Ryan Moore,50,Graduate,Business Owner,15,3,Married,1144049,33625,2,30681,277286,3506254,737,14,0,2,0,1126343,84,Medical,95337.42,32.18,0.985,31031.42,Approved,0
APP_00456,Richard Payne,38,High School,Salaried,8,0,Single,814535,29358,0,0,144901,1773023,596,10,1,1,0,1137834,60,Personal,67877.92,0.0,1.397,38519.92,Rejected,1
APP_00457,Thomas Wilkinson,55,Graduate,Salaried,26,0,Married,815576,17121,0,0,416328,1876589,702,4,0,5,0,585334,24,Personal,67964.67,0.0,0.718,50843.67,Approved,0
APP_00458,Rachel Clarke,40,Graduate,Salaried,11,0,Single,447510,18718,0,0,249009,641133,679,10,0,2,0,261298,36,Home,37292.5,0.0,0.584,18574.5,Approved,0
APP_00459,Robert Duffy,36,Diploma,Business Owner,11,3,Married,871126,20306,3,27812,479118,2688217,789,1,0,8,0,1279165,84,Personal,72593.83,38.31,1.468,24475.83,Approved,0
APP_00460,Nina Wells,35,Graduate,Salaried,12,4,Married,740637,33309,1,11360,352181,1650466,600,9,0,7,5,634115,24,Education,61719.75,18.41,0.856,17050.75,Rejected,0
APP_00461,Shaun Warren,63,Graduate,Salaried,2,4,Single,658513,26942,0,0,266171,2765881,747,5,1,6,0,311285,120,Personal,54876.08,0.0,0.473,27934.08,Approved,0
APP_00462,James Newman,42,Graduate,Salaried,2,0,Married,597878,24466,4,22420,283861,1266785,625,9,0,5,2,258743,48,Personal,49823.17,45.0,0.433,2937.17,Rejected,1
APP_00463,Jose Oneill,52,Graduate,Self-Employed,16,4,Single,492131,20511,1,9259,196976,2092115,649,20,0,8,4,472170,84,Personal,41010.92,22.58,0.959,11240.92,Rejected,0
APP_00464,Tara Zhang,47,Graduate,Business Owner,25,4,Married,987332,44335,4,21354,199708,2536059,583,21,0,1,6,600567,120,Vehicle,82277.67,25.95,0.608,16588.67,Approved,1
APP_00465,Linda Robinson,22,Postgraduate,Salaried,0,3,Single,867389,34695,4,29186,197222,2271857,638,2,0,6,0,1299093,120,Business,72282.42,40.38,1.498,8401.42,Rejected,1
APP_00466,Lisa Torres,44,Graduate,Business Owner,3,1,Single,482056,14533,3,18077,149795,1523890,748,14,0,8,1,383191,24,Personal,40171.33,45.0,0.795,7561.33,Approved,0
APP_00467,Jacqueline Ward,51,Graduate,Business Owner,28,1,Single,618979,23935,1,3990,184696,1024142,681,7,0,4,2,726368,12,Home,51581.58,7.74,1.173,23656.58,Approved,0
APP_00468,Steven Ball,34,High School,Business Owner,7,4,Married,909144,23661,0,0,352638,2914116,641,14,1,7,1,1121938,120,Medical,75762.0,0.0,1.234,52101.0,Rejected,1
APP_00469,Tyler Richardson,42,High School,Salaried,2,3,Single,619187,26894,0,0,179615,1391849,680,7,1,6,0,507702,12,Business,51598.92,0.0,0.82,24704.92,Approved,1
APP_00470,Warren West,32,Graduate,Business Owner,9,0,Single,1205764,49020,2,13990,311674,2110276,673,11,0,1,0,1729570,120,Personal,100480.33,13.92,1.434,37470.33,Approved,0
APP_00471,Elizabeth Gardner,61,Diploma,Business Owner,20,3,Married,1167919,31569,2,26950,464638,1223813,565,22,1,7,0,433361,12,Personal,97326.58,27.69,0.371,38807.58,Rejected,1
APP_00472,Michael Richardson,29,Graduate,Self-Employed,8,4,Married,786299,30813,1,14795,137009,1012236,744,11,0,3,0,1157077,12,Home,65524.92,22.58,1.472,19916.92,Approved,0
APP_00473,Brian Adams,43,Diploma,Salaried,2,0,Married,281413,6895,0,0,129893,765182,656,5,0,4,0,325295,48,Business,23451.08,0.0,1.156,16556.08,Approved,0
APP_00474,Christopher Harrison,54,Graduate,Salaried,20,4,Married,716655,28775,4,26874,107389,2532078,644,1,1,6,6,153881,12,Business,59721.25,45.0,0.215,4072.25,Rejected,1
APP_00475,Mandy Hill,36,Postgraduate,Business Owner,5,1,Married,714662,23694,2,24399,250471,826417,741,15,0,4,0,1012955,120,Home,59555.17,40.97,1.417,11462.17,Approved,0
APP_00476,Matthew Lawrence,40,Graduate,Self-Employed,4,3,Married,615296,20644,3,23073,173009,715440,666,10,0,2,0,440512,12,Vehicle,51274.67,45.0,0.716,7557.67,Rejected,1
APP_00477,Karen Faulkner,47,High School,Salaried,19,2,Single,578526,19065,1,13956,307576,610045,715,20,0,8,0,553557,84,Medical,48210.5,28.95,0.957,15189.5,Approved,0
APP_00478,Eric Thomas,62,Postgraduate,Business Owner,29,1,Married,1052448,37003,1,16708,462381,2867869,649,8,0,7,2,1425135,60,Personal,87704.0,19.05,1.354,33993.0,Rejected,0
APP_00479,Roger Woodard,45,Postgraduate,Salaried,12,0,Married,658213,23058,3,24682,180697,2376748,584,25,1,7,6,312591,120,Business,54851.08,45.0,0.475,7111.08,Rejected,1
APP_00480,Robert Young,47,Graduate,Salaried,24,0,Single,749845,18966,2,26422,370691,2060177,765,5,0,5,0,1047480,36,Vehicle,62487.08,42.28,1.397,17099.08,Rejected,0
APP_00481,Nicholas Villarreal,41,Graduate,Business Owner,17,3,Single,980834,23295,4,36781,206913,2110903,806,14,0,8,1,991169,24,Personal,81736.17,45.0,1.011,21660.17,Approved,0
APP_00482,Kaitlyn Fisher,51,Postgraduate,Contract,11,2,Single,414156,17285,3,15530,106261,756532,658,10,0,4,2,662199,48,Vehicle,34513.0,45.0,1.599,1698.0,Rejected,1
APP_00483,Sarah Collier,51,Graduate,Self-Employed,20,1,Single,945782,26048,2,23946,337074,2211296,767,5,0,4,0,479275,60,Education,78815.17,30.38,0.507,28821.17,Approved,0
APP_00484,Joseph Meyer,31,Diploma,Contract,5,1,Married,491899,12745,3,16916,114985,1344889,694,3,1,5,4,347766,120,Vehicle,40991.58,41.27,0.707,11330.58,Rejected,1
APP_00485,Bradley Koch,22,High School,Salaried,1,4,Married,526733,20287,2,19752,150571,1280561,679,4,0,3,2,631315,120,Education,43894.42,45.0,1.199,3855.42,Rejected,1
APP_00486,Brandon Pena,30,Diploma,Salaried,1,2,Married,502054,19452,0,0,10000,1384453,592,11,1,6,3,462588,36,Education,41837.83,0.0,0.921,22385.83,Rejected,1
APP_00487,Joanne Harper,58,Graduate,Contract,21,2,Single,624119,23581,1,8448,182945,1485125,693,17,0,7,1,642442,24,Vehicle,52009.92,16.24,1.029,19980.92,Approved,0
APP_00488,Andrew Davis,39,Graduate,Salaried,16,3,Single,849385,22831,1,8307,484244,1560969,743,19,0,5,4,932284,84,Medical,70782.08,11.74,1.098,39644.08,Approved,0
APP_00489,Mark Guzman,31,Graduate,Self-Employed,2,1,Married,642393,22199,3,23594,386252,2390616,640,10,0,5,0,790652,60,Business,53532.75,44.07,1.231,7739.75,Rejected,1
APP_00490,Kimberly Hopkins MD,60,Graduate,Salaried,26,0,Single,803469,25563,1,17677,196145,1167910,745,12,0,6,0,1224886,84,Personal,66955.75,26.4,1.524,23715.75,Approved,0
APP_00491,Amy West,61,Graduate,Self-Employed,25,0,Single,892439,29189,1,9436,224335,2400860,663,23,0,1,2,676585,60,Home,74369.92,12.69,0.758,35744.92,Approved,0
APP_00492,Hannah Rosario,28,Graduate,Salaried,4,3,Married,502347,21150,4,18838,206029,1722723,741,3,0,3,3,339953,84,Vehicle,41862.25,45.0,0.677,1874.25,Approved,0
APP_00493,Matthew Wood,38,High School,Salaried,16,3,Single,343794,11896,0,0,122428,677995,622,11,1,4,4,232475,60,Personal,28649.5,0.0,0.676,16753.5,Rejected,1
APP_00494,Jessica Briggs,52,Graduate,Salaried,3,3,Married,775966,27252,1,14490,254577,1729917,661,18,0,7,1,375663,84,Home,64663.83,22.41,0.484,22921.83,Rejected,1
APP_00495,David Moore,22,Postgraduate,Salaried,1,3,Single,786788,19824,2,17994,326096,3309067,598,4,0,2,1,601566,120,Medical,65565.67,27.44,0.765,27747.67,Rejected,1
APP_00496,Catherine Washington,64,Diploma,Salaried,31,3,Married,831812,14279,1,15806,81734,1185246,616,3,1,7,1,1226490,120,Home,69317.67,22.8,1.474,39232.67,Rejected,1
APP_00497,Jon Tate,43,Postgraduate,Salaried,22,0,Married,514887,11409,1,9566,131330,1789249,660,1,1,1,3,293828,12,Home,42907.25,22.29,0.571,21932.25,Rejected,0
APP_00498,Sharon Fleming,39,Graduate,Business Owner,7,1,Married,252101,6682,3,9453,30807,628028,667,8,0,3,0,296143,60,Vehicle,21008.42,45.0,1.175,4873.42,Approved,0
APP_00499,Nathaniel Davidson,54,Graduate,Salaried,5,1,Married,767724,22901,3,28789,143613,2226396,701,25,0,2,3,800583,60,Business,63977.0,45.0,1.043,12287.0,Approved,0
APP_00500,Christina Booker,39,High School,Salaried,10,4,Single,312792,10370,3,11729,37397,665802,759,13,0,5,0,360276,36,Vehicle,26066.0,45.0,1.152,3967.0,Rejected,0
APP_00501,Deborah Parsons,27,High School,Business Owner,1,0,Single,942156,24817,1,15989,369193,2981031,654,4,0,7,0,305683,12,Personal,78513.0,20.36,0.324,37707.0,Approved,0
APP_00502,April Lopez,52,Graduate,Salaried,32,1,Married,721078,32419,2,14958,106127,1215243,658,4,1,4,1,352785,36,Personal,60089.83,24.89,0.489,12712.83,Rejected,1
APP_00503,Theresa Morris,28,High School,Business Owner,5,1,Single,978428,22343,1,13978,271804,2719694,771,2,0,3,0,532702,24,Personal,81535.67,17.14,0.544,45214.67,Approved,0
APP_00504,Christopher Medina,50,Graduate,Contract,12,2,Married,339021,9349,4,12713,85438,1319074,712,23,1,7,1,289620,120,Home,28251.75,45.0,0.854,6189.75,Rejected,1
APP_00505,Cathy Townsend,41,Graduate,Salaried,3,4,Married,624750,13135,4,23428,155982,1761875,742,22,0,6,1,414207,24,Education,52062.5,45.0,0.663,15499.5,Approved,1
APP_00506,Sarah Johnson,40,Graduate,Salaried,10,4,Married,642531,27225,2,24094,270352,876785,673,20,0,6,2,372077,120,Home,53544.25,45.0,0.579,2225.25,Rejected,0
APP_00507,William Mejia,49,Graduate,Salaried,26,2,Single,843300,36361,2,15507,205840,2662212,639,24,0,5,4,677496,24,Business,70275.0,22.07,0.803,18407.0,Rejected,0
APP_00508,Ashley Patel,53,Diploma,Salaried,3,3,Single,623639,17408,2,23386,157299,1896255,723,8,0,6,2,702835,12,Personal,51969.92,45.0,1.127,11175.92,Approved,1
APP_00509,Erica Smith,29,Graduate,Self-Employed,4,2,Married,1193853,27395,0,0,413264,2553882,779,9,0,1,0,572375,60,Personal,99487.75,0.0,0.479,72092.75,Approved,0
APP_00510,Kelly Lewis,53,Postgraduate,Business Owner,11,2,Married,1332637,41849,3,30281,364438,4696961,742,6,0,5,3,761446,12,Home,111053.08,27.27,0.571,38923.08,Approved,0
APP_00511,Charles Lowery,55,Diploma,Business Owner,20,4,Single,1272677,35964,4,39526,544338,3640733,764,14,0,7,0,2234745,48,Personal,106056.42,37.27,1.756,30566.42,Approved,0
APP_00512,Jeff Sanchez,39,Graduate,Salaried,7,0,Married,466699,9696,2,6563,125693,1826221,625,14,1,7,4,620438,24,Personal,38891.58,16.88,1.329,22632.58,Rejected,1
APP_00513,Kathy Rosales,61,Diploma,Salaried,30,2,Married,597491,15661,2,22405,143681,2599454,731,9,0,3,3,613829,120,Personal,49790.92,45.0,1.027,11724.92,Rejected,0
APP_00514,Shawn Roberts,62,Graduate,Salaried,6,3,Single,640554,11204,0,0,287083,1895530,754,8,0,2,0,391901,36,Home,53379.5,0.0,0.612,42175.5,Approved,0
APP_00515,Stephanie Jenkins,27,Diploma,Salaried,6,0,Married,571007,17308,1,15721,73740,1362618,801,6,0,7,0,540498,60,Home,47583.92,33.04,0.947,14554.92,Rejected,0
APP_00516,Pamela Henry,53,Diploma,Self-Employed,12,2,Single,613418,16929,1,16408,197676,1328608,652,6,0,3,1,680706,60,Personal,51118.17,32.1,1.11,17781.17,Approved,1
APP_00517,Danielle Gilbert,30,High School,Self-Employed,0,3,Married,845579,28901,1,8270,195592,1142296,822,4,0,3,0,536673,36,Personal,70464.92,11.74,0.635,33293.92,Approved,0
APP_00518,Jacqueline Waters,21,Diploma,Salaried,1,0,Married,440555,15956,0,0,10000,1252022,732,3,1,6,1,585924,84,Education,36712.92,0.0,1.33,20756.92,Approved,1
APP_00519,Maureen Collins,49,Diploma,Self-Employed,22,2,Married,675849,12749,3,25344,291912,2709423,768,15,0,2,0,889793,24,Business,56320.75,45.0,1.317,18227.75,Approved,0
APP_00520,Elizabeth Carlson,48,Graduate,Salaried,0,3,Single,904857,23879,4,33932,345304,1995255,716,8,0,6,0,1538524,12,Personal,75404.75,45.0,1.7,17593.75,Rejected,1
APP_00521,Darren Moss,58,Postgraduate,Self-Employed,4,4,Married,271664,8018,3,10187,42173,618966,787,23,0,7,0,288469,48,Home,22638.67,45.0,1.062,4433.67,Approved,0
APP_00522,Lisa Johnson,58,Diploma,Salaried,33,3,Married,434444,9639,4,16291,88498,355177,668,9,0,7,0,283604,60,Home,36203.67,45.0,0.653,10273.67,Approved,0
APP_00523,Robert Lee,21,High School,Business Owner,1,3,Married,679337,23857,3,14821,254936,1731694,595,2,0,3,6,599609,84,Vehicle,56611.42,26.18,0.883,17933.42,Rejected,1
APP_00524,Joshua Morgan,23,Postgraduate,Salaried,1,1,Married,531117,21547,0,0,130095,1120439,827,4,1,6,0,720843,12,Medical,44259.75,0.0,1.357,22712.75,Approved,0
APP_00525,Lynn Gamble,38,Postgraduate,Self-Employed,17,2,Single,603326,15421,0,0,113017,368193,673,9,0,7,0,600879,60,Business,50277.17,0.0,0.996,34856.17,Approved,0
APP_00526,Julie Lang,38,Diploma,Self-Employed,7,2,Single,508696,10560,2,19076,109358,1684248,644,4,0,8,6,694415,24,Vehicle,42391.33,45.0,1.365,12755.33,Rejected,1
APP_00527,Caleb Bailey,44,Postgraduate,Salaried,14,1,Single,455828,12335,1,13386,194399,1540121,651,14,0,3,0,320189,84,Business,37985.67,35.24,0.702,12264.67,Approved,0
APP_00528,Mary Spence,22,Postgraduate,Business Owner,0,4,Married,249402,6973,2,9352,69962,528844,686,2,0,5,1,329049,24,Home,20783.5,45.0,1.319,4458.5,Rejected,0
APP_00529,Rachael Goodman,37,Graduate,Salaried,14,1,Single,856549,14954,4,32120,10904,1478172,674,15,0,4,2,709688,12,Medical,71379.08,45.0,0.829,24305.08,Approved,0
APP_00530,Billy Gonzalez,47,Diploma,Salaried,19,3,Married,626857,15916,2,10649,156544,1482307,603,10,1,5,3,440687,60,Personal,52238.08,20.39,0.703,25673.08,Rejected,1
APP_00531,Amy Ellis,33,Postgraduate,Salaried,13,0,Single,653290,27067,0,0,61811,1222742,675,12,0,5,1,999361,48,Business,54440.83,0.0,1.53,27373.83,Approved,0
APP_00532,Terry Evans,59,Graduate,Salaried,13,4,Single,539133,12391,0,0,158488,1077192,767,2,0,7,0,567797,24,Vehicle,44927.75,0.0,1.053,32536.75,Approved,0
APP_00533,Tracy Marquez,32,Graduate,Business Owner,4,1,Single,646212,18931,0,0,258995,1136250,587,12,1,7,6,411102,84,Personal,53851.0,0.0,0.636,34920.0,Rejected,1
APP_00534,Austin Wolf,28,Graduate,Salaried,1,3,Married,432797,7805,1,12143,45487,924300,649,6,1,3,4,571457,24,Home,36066.42,33.67,1.32,16118.42,Rejected,1
APP_00535,Carolyn Wilson,46,Postgraduate,Contract,17,3,Single,310788,9234,3,11654,23742,1269149,719,2,1,2,3,50000,120,Business,25899.0,45.0,0.161,5011.0,Rejected,1
APP_00536,Susan Romero,58,Graduate,Business Owner,3,3,Single,858787,25942,3,32115,84568,1998207,690,24,0,3,0,1305781,60,Vehicle,71565.58,44.87,1.52,13508.58,Approved,1
APP_00537,Amanda Powell,62,High School,Salaried,34,1,Married,1000982,35715,1,8520,233943,2272731,724,2,0,3,0,843259,12,Home,83415.17,10.21,0.842,39180.17,Approved,0
APP_00538,Alexandra Butler,33,Postgraduate,Business Owner,0,0,Married,180000,4211,1,6750,15670,536407,514,2,0,2,0,197972,60,Business,15000.0,45.0,1.1,4039.0,Rejected,1
APP_00539,Albert Barker,61,Graduate,Salaried,14,0,Married,664917,25899,1,13257,228364,1255544,706,12,1,1,0,586165,24,Personal,55409.75,23.93,0.882,16253.75,Rejected,0
APP_00540,Richard Hoffman,59,Graduate,Salaried,30,3,Single,418053,12703,1,13219,205214,491435,682,1,0,4,0,484795,60,Education,34837.75,37.94,1.16,8915.75,Rejected,0
APP_00541,Alicia Duncan,61,Graduate,Contract,11,4,Married,614649,24530,4,23049,220603,1092221,667,25,0,7,0,316833,84,Personal,51220.75,45.0,0.515,3641.75,Approved,0
APP_00542,Jodi Ellis,26,High School,Business Owner,6,4,Married,707509,21193,1,12140,207825,578733,646,6,1,7,3,468404,12,Personal,58959.08,20.59,0.662,25626.08,Rejected,1
APP_00543,Kyle Mann,37,Diploma,Salaried,3,0,Single,208993,9576,0,0,123314,448187,546,4,1,2,2,50000,120,Business,17416.08,0.0,0.239,7840.08,Rejected,1
APP_00544,Jamie Daniels,39,Postgraduate,Salaried,17,0,Married,710328,26595,0,0,357294,1452823,618,9,0,8,0,1092687,84,Personal,59194.0,0.0,1.538,32599.0,Rejected,0
APP_00545,Cheryl Thompson,39,Diploma,Salaried,1,2,Married,679801,25233,2,25492,247636,1585643,661,13,0,1,1,1037514,24,Vehicle,56650.08,45.0,1.526,5925.08,Rejected,1
APP_00546,Tara Neal,57,High School,Contract,2,1,Single,586947,18996,1,11928,231598,1120939,603,13,1,3,0,552283,48,Personal,48912.25,24.39,0.941,17988.25,Rejected,1
APP_00547,Brenda Nolan,27,Graduate,Contract,2,3,Single,877807,34618,2,16857,497798,2931715,711,2,0,4,2,731579,12,Education,73150.58,23.04,0.833,21675.58,Approved,0
APP_00548,Erica Blankenship,28,Graduate,Salaried,0,4,Single,556275,20364,1,13530,294948,244495,667,5,0,4,1,888979,48,Personal,46356.25,29.19,1.598,12462.25,Rejected,0
APP_00549,Kyle Schneider,56,Graduate,Salaried,7,1,Married,917392,15877,3,34402,10000,1343770,753,5,0,3,0,1059210,120,Vehicle,76449.33,45.0,1.155,26170.33,Approved,0
APP_00550,Sandra Reese,52,Postgraduate,Salaried,8,3,Married,688979,26019,1,12007,295269,1419692,647,4,0,6,1,518711,48,Personal,57414.92,20.91,0.753,19388.92,Approved,1
APP_00551,Joshua Sandoval,48,Postgraduate,Salaried,25,1,Married,685558,21669,4,25708,226327,882454,479,15,1,1,2,271003,120,Vehicle,57129.83,45.0,0.395,9752.83,Rejected,1
APP_00552,Edward Miller,25,Postgraduate,Salaried,5,1,Married,588964,14057,0,0,241539,1466744,611,3,0,6,2,299728,48,Education,49080.33,0.0,0.509,35023.33,Approved,0
APP_00553,Ralph Hood,56,Graduate,Salaried,15,0,Single,694000,27538,1,5348,198062,996416,674,15,0,6,0,407764,120,Personal,57833.33,9.25,0.588,24947.33,Approved,0
APP_00554,Brittney Kelley,54,Diploma,Salaried,30,1,Single,774699,31447,1,6238,295220,2423777,588,5,0,8,3,498109,120,Business,64558.25,9.66,0.643,26873.25,Rejected,0
APP_00555,Michael Brady,33,Graduate,Self-Employed,2,0,Married,415319,10099,0,0,69420,1256456,731,11,1,1,2,332576,120,Home,34609.92,0.0,0.801,24510.92,Rejected,1
APP_00556,Peter Hill,22,Graduate,Business Owner,1,3,Married,1115667,22733,4,41837,371249,2488942,713,2,0,2,0,1405319,60,Vehicle,92972.25,45.0,1.26,28402.25,Approved,1
APP_00557,Angel Morales,22,Graduate,Salaried,1,3,Married,465741,17102,0,0,119763,820010,819,3,0,8,0,136071,12,Business,38811.75,0.0,0.292,21709.75,Approved,0
APP_00558,Cynthia Barnett,61,Postgraduate,Salaried,34,1,Married,756710,21622,2,15602,134798,994891,666,12,0,8,1,697273,120,Business,63059.17,24.74,0.921,25835.17,Rejected,0
APP_00559,Ashley Price,63,Graduate,Contract,5,3,Married,604083,12669,0,0,266265,2170659,742,17,0,6,0,720245,24,Medical,50340.25,0.0,1.192,37671.25,Approved,0
APP_00560,Jennifer Wheeler,46,Graduate,Contract,18,1,Single,525668,21773,4,19712,284802,1395135,611,21,0,8,1,192896,24,Home,43805.67,45.0,0.367,2320.67,Approved,0
APP_00561,Alexa Dominguez,48,Graduate,Salaried,22,0,Single,659150,14512,2,24718,218506,1944931,673,13,0,3,0,384979,12,Medical,54929.17,45.0,0.584,15699.17,Rejected,0
APP_00562,Shannon Herrera,47,Postgraduate,Business Owner,7,0,Married,976781,37405,0,0,97886,3719547,728,25,0,2,0,316224,12,Business,81398.42,0.0,0.324,43993.42,Approved,0
APP_00563,Christopher Martinez,42,Graduate,Business Owner,8,2,Single,366317,6203,1,13736,164324,738689,738,2,0,7,0,215900,120,Home,30526.42,45.0,0.589,10587.42,Approved,0
APP_00564,Erica Parker,24,Postgraduate,Salaried,1,3,Married,621601,19476,2,18231,266643,1954194,752,1,1,2,0,301916,36,Personal,51800.08,35.19,0.486,14093.08,Approved,1
APP_00565,Lisa Singh,58,Graduate,Salaried,22,0,Married,605470,18721,2,19286,406625,1782989,583,6,0,1,1,50000,24,Vehicle,50455.83,38.22,0.083,12448.83,Rejected,1
APP_00566,Dennis Lynch,57,Graduate,Salaried,6,4,Married,851421,25744,0,0,283630,2092090,483,8,0,5,5,915798,12,Medical,70951.75,0.0,1.076,45207.75,Rejected,1
APP_00567,Abigail Cortez,44,High School,Self-Employed,19,0,Single,919637,20347,2,34486,17261,2121780,596,13,1,4,0,1144616,60,Home,76636.42,45.0,1.245,21803.42,Rejected,1
APP_00568,Sean Nguyen,21,Graduate,Salaried,0,1,Single,956739,24414,2,30904,127252,2871581,680,1,0,4,0,382666,84,Medical,79728.25,38.76,0.4,24410.25,Approved,0
APP_00569,Joseph Mccormick,56,Graduate,Self-Employed,25,0,Single,430657,7539,0,0,188040,654831,631,2,0,2,0,202837,84,Vehicle,35888.08,0.0,0.471,28349.08,Approved,0
APP_00570,Alexander Scott,36,Graduate,Salaried,8,2,Married,1074730,30748,0,0,204603,3864125,711,2,0,2,1,493166,48,Personal,89560.83,0.0,0.459,58812.83,Approved,0
APP_00571,Rebecca Sampson,30,Graduate,Salaried,7,3,Single,830605,36428,4,31147,317514,2310508,694,9,0,6,1,561351,48,Business,69217.08,45.0,0.676,1642.08,Rejected,1
APP_00572,Matthew Hart,35,High School,Self-Employed,5,1,Single,981002,23691,2,16271,388753,2076688,625,14,0,3,1,903159,60,Education,81750.17,19.9,0.921,41788.17,Rejected,0
APP_00573,Sheila Russell,61,Graduate,Salaried,20,0,Married,454606,17683,1,11703,45212,1239332,673,22,0,5,1,705353,48,Education,37883.83,30.89,1.552,8497.83,Rejected,0
APP_00574,Emily Contreras,55,Postgraduate,Salaried,11,2,Single,925952,23237,3,32105,259522,1570596,682,4,0,1,2,1384409,36,Education,77162.67,41.61,1.495,21820.67,Rejected,0
APP_00575,Paul Howard,32,Graduate,Salaried,6,2,Married,495115,11595,3,18566,209893,1343069,613,2,0,8,3,669792,60,Vehicle,41259.58,45.0,1.353,11098.58,Approved,0
APP_00576,Michael Wall,47,Graduate,Salaried,17,1,Married,754606,26961,2,18028,153385,1336077,653,16,1,2,1,696941,36,Business,62883.83,28.67,0.924,17894.83,Rejected,1
APP_00577,Justin Adkins,27,Postgraduate,Business Owner,7,4,Single,668696,13838,4,25076,153492,1740972,699,7,0,6,4,982896,24,Vehicle,55724.67,45.0,1.47,16810.67,Rejected,1
APP_00578,Roger Wang,36,High School,Salaried,10,2,Single,945653,27569,4,35461,337856,3461062,737,15,0,1,0,1380632,120,Business,78804.42,45.0,1.46,15774.42,Rejected,0
APP_00579,Andre Gamble,50,Graduate,Salaried,18,2,Married,404294,14531,4,15161,119285,1168890,719,17,0,6,0,501159,36,Vehicle,33691.17,45.0,1.24,3999.17,Rejected,0
APP_00580,Angela Mahoney,59,High School,Salaried,0,0,Married,483700,10988,2,15374,153234,988344,670,12,0,1,1,607323,60,Education,40308.33,38.14,1.256,13946.33,Rejected,0
APP_00581,Carmen Williams,35,Graduate,Salaried,4,4,Single,607411,13390,1,3422,10000,1380850,735,16,0,3,1,739719,12,Personal,50617.58,6.76,1.218,33805.58,Approved,0
APP_00582,Whitney Hernandez,21,Graduate,Contract,0,3,Single,466512,10428,0,0,110642,1223956,715,1,0,3,0,767139,36,Business,38876.0,0.0,1.644,28448.0,Rejected,0
APP_00583,Caroline Tran,35,High School,Salaried,4,0,Married,643135,12095,2,23304,172630,1440728,662,14,1,4,2,780049,36,Education,53594.58,43.48,1.213,18195.58,Rejected,1
APP_00584,Matthew Watson,41,High School,Salaried,20,0,Married,798480,21729,2,16778,347671,1623110,759,1,0,3,0,211090,48,Medical,66540.0,25.21,0.264,28033.0,Approved,0
APP_00585,Rebecca Griffin,23,Graduate,Business Owner,2,4,Married,1491826,31441,1,7172,432326,1698108,773,5,0,5,0,551911,84,Education,124318.83,5.77,0.37,85705.83,Approved,0
APP_00586,William Houston PhD,21,Postgraduate,Self-Employed,1,1,Married,957274,28312,0,0,456735,2258322,729,2,0,8,0,794289,120,Medical,79772.83,0.0,0.83,51460.83,Approved,0
APP_00587,Stephanie Johnson,48,Graduate,Salaried,0,4,Single,560220,11164,1,16428,122895,1049263,774,14,0,2,1,596183,12,Home,46685.0,35.19,1.064,19093.0,Approved,1
APP_00588,Haley Gibbs,51,Postgraduate,Business Owner,5,1,Married,875817,31895,3,31490,367512,697726,631,19,1,5,2,608509,12,Home,72984.75,43.15,0.695,9599.75,Rejected,1
APP_00589,Matthew Alvarez,33,Diploma,Salaried,10,3,Married,930288,36070,1,13101,305182,3058852,666,10,0,5,2,510890,120,Personal,77524.0,16.9,0.549,28353.0,Approved,0
APP_00590,Suzanne Wright,64,Postgraduate,Business Owner,19,4,Married,798816,22747,2,20063,276110,1802279,727,15,0,2,3,824739,120,Home,66568.0,30.14,1.032,23758.0,Rejected,0
APP_00591,Mark Wilson,44,Graduate,Contract,22,2,Single,661103,29488,2,13555,263542,1903230,719,5,0,8,0,362280,120,Education,55091.92,24.6,0.548,12048.92,Approved,0
APP_00592,Gregory Meza,46,Postgraduate,Contract,10,4,Married,563637,18153,1,13913,166395,1551524,658,16,0,8,0,465023,60,Education,46969.75,29.62,0.825,14903.75,Rejected,0
APP_00593,Michael Lawrence,29,Graduate,Salaried,4,1,Single,312197,11175,1,11041,56239,969377,659,5,0,6,1,297957,36,Home,26016.42,42.44,0.954,3800.42,Rejected,0
APP_00594,Anne Bauer,57,High School,Self-Employed,26,3,Single,687091,31047,2,17225,197562,2471240,778,14,1,1,0,983757,36,Home,57257.58,30.08,1.432,8985.58,Approved,0
APP_00595,Amanda Roberts,22,Graduate,Self-Employed,1,0,Single,729626,19892,3,27360,304483,717162,705,1,0,7,0,871645,120,Medical,60802.17,45.0,1.195,13550.17,Approved,1
APP_00596,Grace Armstrong,60,Graduate,Contract,15,1,Single,180000,5740,3,6750,68601,538487,683,24,0,2,3,111737,12,Education,15000.0,45.0,0.621,2510.0,Rejected,0
APP_00597,Crystal Taylor,31,Postgraduate,Self-Employed,1,2,Single,437630,14689,1,16411,88429,952710,738,3,0,3,1,464784,12,Home,36469.17,45.0,1.062,5369.17,Rejected,1
APP_00598,Cindy Price,51,Diploma,Salaried,12,4,Married,657931,25011,3,24672,99199,1496284,598,21,1,2,2,320892,12,Personal,54827.58,45.0,0.488,5144.58,Rejected,1
APP_00599,Mr. John Brewer,45,Diploma,Self-Employed,8,1,Married,556791,24653,0,0,157516,967069,698,12,0,1,3,436761,48,Home,46399.25,0.0,0.784,21746.25,Approved,0
APP_00600,William Walsh,53,Graduate,Salaried,19,1,Married,487108,18625,4,18266,57165,1788964,833,22,0,7,0,453023,120,Home,40592.33,45.0,0.93,3701.33,Approved,0
APP_00601,Jeanette Wilson,42,Graduate,Contract,13,1,Married,600879,24621,4,22532,202584,642271,685,1,0,8,0,59481,12,Home,50073.25,45.0,0.099,2920.25,Approved,0
APP_00602,Becky Green,41,Postgraduate,Salaried,18,3,Single,559910,17549,2,20996,279080,1090886,559,11,1,2,4,611808,120,Medical,46659.17,45.0,1.093,8114.17,Rejected,1
APP_00603,Savannah Shaffer,33,Graduate,Self-Employed,6,4,Married,1497472,61720,0,0,606867,4710445,739,7,0,8,3,1196868,48,Medical,124789.33,0.0,0.799,63069.33,Approved,0
APP_00604,Leslie Reynolds,48,Postgraduate,Salaried,3,3,Married,591085,22657,2,10652,202292,1539901,727,4,0,3,0,803907,12,Home,49257.08,21.63,1.36,15948.08,Approved,0
APP_00605,Brooke Cannon,51,High School,Business Owner,5,3,Married,1311540,40507,2,27580,135749,5493306,627,4,0,2,4,1089384,12,Business,109295.0,25.23,0.831,41208.0,Rejected,0
APP_00606,Vanessa Cooley,41,High School,Salaried,6,3,Married,467247,13972,3,17521,216796,1099896,669,5,0,5,0,472548,60,Business,38937.25,45.0,1.011,7444.25,Approved,0
APP_00607,Charlene Keller,64,High School,Contract,13,3,Single,527768,22149,3,19791,236010,1462842,589,4,0,6,2,249685,24,Personal,43980.67,45.0,0.473,2040.67,Rejected,1
APP_00608,William Kirk,27,High School,Salaried,6,4,Single,634564,20950,4,23796,355205,515453,719,2,0,1,3,838530,84,Home,52880.33,45.0,1.321,8134.33,Approved,0
APP_00609,Shawn Norris,51,Diploma,Self-Employed,2,0,Single,656017,11459,2,19830,222506,2013907,750,12,0,7,0,722685,36,Vehicle,54668.08,36.27,1.102,23379.08,Approved,0
APP_00610,Stephen Middleton,61,Graduate,Salaried,32,4,Married,915567,33455,4,34333,500791,2140948,756,25,0,6,0,1054592,48,Medical,76297.25,45.0,1.152,8509.25,Approved,0
APP_00611,Melinda Gutierrez,43,High School,Salaried,12,3,Married,597901,21710,4,22421,180105,373461,734,15,0,5,2,515681,60,Business,49825.08,45.0,0.862,5694.08,Approved,0
APP_00612,Kevin Dean,29,Postgraduate,Salaried,8,0,Single,399808,17557,3,14992,272632,1684113,653,9,0,7,4,55806,48,Vehicle,33317.33,45.0,0.14,768.33,Approved,1
APP_00613,Richard Little,52,Graduate,Salaried,19,1,Married,899246,38909,4,33721,214636,1666726,749,16,0,3,1,935765,12,Home,74937.17,45.0,1.041,2307.17,Approved,1
APP_00614,Maria Lewis,40,Graduate,Salaried,11,0,Single,683211,23673,3,25620,257975,1627053,682,6,0,1,1,368212,120,Personal,56934.25,45.0,0.539,7641.25,Rejected,0
APP_00615,Valerie Phillips,21,Graduate,Salaried,0,0,Single,438158,18731,1,16430,238100,1442130,615,2,0,5,4,164524,12,Vehicle,36513.17,45.0,0.375,1352.17,Rejected,1
APP_00616,Tracy Evans,63,Diploma,Salaried,3,2,Single,287539,7987,2,10782,116659,951622,710,7,0,6,0,137263,120,Medical,23961.58,45.0,0.477,5192.58,Approved,0
APP_00617,Jennifer Mitchell,44,Graduate,Salaried,7,1,Single,792270,22333,1,14186,299538,1334187,838,10,0,6,0,1049437,84,Home,66022.5,21.49,1.325,29503.5,Approved,0
APP_00618,Sean Ruiz,61,High School,Salaried,29,4,Single,850212,30440,1,5450,357077,2579652,705,25,0,7,2,1079832,36,Medical,70851.0,7.69,1.27,34961.0,Approved,0
APP_00619,Regina Wilson,49,Diploma,Business Owner,14,3,Married,1360538,43686,2,28114,301272,5381889,689,7,0,7,0,636959,120,Vehicle,113378.17,24.8,0.468,41578.17,Approved,0
APP_00620,Lisa Whitaker,39,Graduate,Salaried,5,0,Single,776175,20856,2,18065,131180,1849768,613,12,1,8,4,850894,84,Medical,64681.25,27.93,1.096,25760.25,Rejected,1
APP_00621,Michelle Tucker,36,Graduate,Contract,15,0,Married,605665,22344,4,22712,337516,1512200,705,1,0,6,3,368458,12,Education,50472.08,45.0,0.608,5416.08,Rejected,0
APP_00622,Eric Martinez,57,High School,Business Owner,30,1,Married,396185,7555,3,14856,41021,1181228,793,2,0,8,1,327148,24,Business,33015.42,45.0,0.826,10604.42,Approved,0
APP_00623,Katie Carroll,65,Postgraduate,Salaried,30,0,Single,677251,28789,0,0,129685,2001980,731,17,0,7,1,459748,12,Home,56437.58,0.0,0.679,27648.58,Approved,0
APP_00624,Eric Lee,63,High School,Contract,2,4,Married,411965,13294,3,15448,138447,1787477,628,12,0,8,6,228363,24,Home,34330.42,45.0,0.554,5588.42,Rejected,1
APP_00625,John Mcdonald,60,Diploma,Salaried,27,2,Single,671824,25975,1,3325,227981,2610739,651,15,0,1,1,948243,36,Business,55985.33,5.94,1.411,26685.33,Approved,0
APP_00626,Jonathan Roberts,24,Diploma,Contract,4,4,Married,371697,13347,0,0,109182,579169,689,2,0,2,3,321189,24,Vehicle,30974.75,0.0,0.864,17627.75,Approved,0
APP_00627,James Obrien,43,Graduate,Salaried,13,0,Single,427585,8710,0,0,250711,1273860,736,2,0,2,0,174664,24,Medical,35632.08,0.0,0.408,26922.08,Rejected,0
APP_00628,Michael Perez,58,Graduate,Business Owner,34,2,Married,1727286,79163,2,28163,619039,5072191,670,20,0,5,1,1997124,48,Business,143940.5,19.57,1.156,36614.5,Approved,0
APP_00629,Alicia Mcdonald,64,High School,Business Owner,22,3,Married,843382,20181,2,19225,325398,972692,747,25,0,3,0,379498,120,Business,70281.83,27.35,0.45,30875.83,Approved,1
APP_00630,Tonya Gutierrez,23,Graduate,Self-Employed,0,3,Married,411114,13377,1,15416,168309,1001792,585,1,0,1,6,170436,36,Business,34259.5,45.0,0.415,5466.5,Rejected,1
APP_00631,Jessica Lopez,59,Graduate,Contract,34,0,Married,627641,15787,2,17590,67885,1652468,617,24,0,1,3,962116,12,Personal,52303.42,33.63,1.533,18926.42,Rejected,1
APP_00632,Casey Johnson,29,High School,Business Owner,3,3,Single,607606,23556,1,4697,286195,2140476,720,11,0,1,0,440903,36,Business,50633.83,9.28,0.726,22380.83,Approved,0
APP_00633,Joshua Prince,35,Graduate,Salaried,15,1,Married,936181,40663,4,35106,179725,998105,663,17,1,1,1,1277645,36,Personal,78015.08,45.0,1.365,2246.08,Rejected,1
APP_00634,Casey Diaz,40,High School,Salaried,10,3,Married,592246,19384,3,22209,161691,1323515,736,16,0,7,0,278588,24,Medical,49353.83,45.0,0.47,7760.83,Approved,0
APP_00635,Megan Martinez,36,Graduate,Contract,7,1,Married,582369,12376,2,21838,128412,1684951,741,17,0,5,1,383047,12,Personal,48530.75,45.0,0.658,14316.75,Approved,0
APP_00636,Tanya Hawkins,36,Graduate,Salaried,15,0,Single,598316,13327,0,0,207217,1728239,633,4,1,6,3,244834,84,Business,49859.67,0.0,0.409,36532.67,Rejected,0
APP_00637,John Garcia,51,Postgraduate,Salaried,12,2,Single,614634,21076,4,23048,47466,2101594,742,17,0,4,1,432335,24,Home,51219.5,45.0,0.703,7095.5,Approved,0
APP_00638,Cody Bradshaw,64,Graduate,Salaried,19,3,Single,616737,24667,4,23127,170475,1505500,724,12,1,8,1,845204,12,Personal,51394.75,45.0,1.37,3600.75,Rejected,1
APP_00639,Johnny Hunter,34,Diploma,Self-Employed,10,0,Married,750079,31193,4,28127,162322,1939109,615,16,0,1,0,390752,24,Medical,62506.58,45.0,0.521,3186.58,Approved,1
APP_00640,Melissa Ballard,24,Graduate,Salaried,3,0,Married,572766,15035,4,21478,298661,2274442,779,5,0,5,0,209779,36,Medical,47730.5,45.0,0.366,11217.5,Approved,0
APP_00641,Cody Le,29,Diploma,Contract,4,3,Married,654878,24056,4,24557,282007,1845994,573,2,0,6,4,212147,84,Vehicle,54573.17,45.0,0.324,5960.17,Rejected,1
APP_00642,Daniel Ward,41,Graduate,Business Owner,0,3,Single,1535455,52458,1,9671,899574,4006504,682,20,0,6,0,1376975,84,Home,127954.58,7.56,0.897,65825.58,Approved,0
APP_00643,Kevin Mcdonald,34,Graduate,Salaried,4,1,Married,833600,35539,2,29955,494844,2282624,813,15,0,5,0,713079,36,Home,69466.67,43.12,0.855,3972.67,Approved,0
APP_00644,Beth Heath,65,High School,Business Owner,1,1,Married,959390,16203,2,18930,436894,3218214,728,22,0,2,0,1100030,48,Business,79949.17,23.68,1.147,44816.17,Approved,0
APP_00645,Shannon Mcdaniel,54,Diploma,Self-Employed,3,4,Single,912712,19250,3,32082,303221,2428439,803,16,0,2,1,449730,36,Business,76059.33,42.18,0.493,24727.33,Approved,0
APP_00646,Jonathan Martin,22,High School,Salaried,2,3,Single,738881,18084,2,20524,321118,2056669,740,4,0,6,1,490806,48,Medical,61573.42,33.33,0.664,22965.42,Rejected,0
APP_00647,Alexa Rivera,38,Postgraduate,Salaried,10,1,Married,649051,18212,3,23455,234209,1359754,699,8,0,7,0,570122,120,Business,54087.58,43.36,0.878,12420.58,Approved,0
APP_00648,Diana Bernard,56,Postgraduate,Business Owner,16,0,Single,983239,40193,0,0,404251,1491047,804,1,0,5,0,1739303,120,Home,81936.58,0.0,1.769,41743.58,Approved,0
APP_00649,Tammy Salas,34,Postgraduate,Salaried,4,2,Married,476935,18872,0,0,139380,1252606,604,2,0,1,1,209098,60,Home,39744.58,0.0,0.438,20872.58,Approved,0
APP_00650,Johnathan Ramsey,52,Diploma,Salaried,10,0,Married,536605,12532,1,11921,125588,1420006,756,13,0,1,0,829618,48,Personal,44717.08,26.66,1.546,20264.08,Approved,0
APP_00651,Catherine Figueroa,64,High School,Self-Employed,2,1,Married,1040020,34302,0,0,524444,3292243,710,1,0,5,1,1375705,84,Home,86668.33,0.0,1.323,52366.33,Approved,1
APP_00652,Megan Brooks,61,Graduate,Salaried,7,2,Married,707388,18516,3,26527,173083,2437617,703,22,1,5,3,396608,36,Home,58949.0,45.0,0.561,13906.0,Rejected,1
APP_00653,Jermaine Valentine,51,Graduate,Self-Employed,27,4,Married,1030247,46676,3,28280,409166,2340840,696,22,0,5,0,1340103,12,Education,85853.92,32.94,1.301,10897.92,Rejected,0
APP_00654,Robin Perkins,42,Graduate,Self-Employed,18,4,Single,1072145,29799,0,0,299075,2965134,667,5,0,3,3,727294,84,Personal,89345.42,0.0,0.678,59546.42,Approved,0
APP_00655,Danielle Cross,54,Graduate,Self-Employed,5,1,Single,848661,20545,0,0,300209,1909441,661,16,0,3,1,696950,84,Vehicle,70721.75,0.0,0.821,50176.75,Approved,0
APP_00656,Charles Marshall,57,Graduate,Business Owner,18,0,Married,788801,28104,4,29580,348010,2154784,707,23,0,6,0,922141,84,Home,65733.42,45.0,1.169,8049.42,Approved,1
APP_00657,Krystal Lee,42,Graduate,Business Owner,15,4,Single,483715,12502,1,3848,269845,2002546,674,20,0,5,0,610417,12,Vehicle,40309.58,9.55,1.262,23959.58,Approved,0
APP_00658,Matthew Wood,50,Postgraduate,Salaried,13,2,Single,572461,20469,1,10247,115755,1373890,793,1,0,6,0,321680,120,Vehicle,47705.08,21.48,0.562,16989.08,Approved,0
APP_00659,Aimee Jackson,34,High School,Salaried,3,1,Married,519325,18327,1,5590,57247,1253071,774,13,0,5,0,867651,84,Medical,43277.08,12.92,1.671,19360.08,Approved,0
APP_00660,Tina Miller,58,Diploma,Salaried,25,1,Married,537480,17798,4,20155,120049,2111381,506,22,0,7,5,545942,12,Education,44790.0,45.0,1.016,6837.0,Rejected,1
APP_00661,Brian Davidson,48,Graduate,Salaried,9,1,Married,566947,17715,1,3088,152730,959676,663,15,0,4,1,428652,36,Home,47245.58,6.54,0.756,26442.58,Approved,0
APP_00662,James King,23,High School,Business Owner,3,4,Single,1226740,32356,2,29339,509719,6194467,730,2,0,8,0,623373,120,Home,102228.33,28.7,0.508,40533.33,Approved,0
APP_00663,Shelby Stein,31,Graduate,Salaried,9,2,Married,708446,18052,4,26566,213269,2294406,568,10,1,5,4,579558,84,Personal,59037.17,45.0,0.818,14419.17,Rejected,1
APP_00664,Dustin Solis,38,High School,Business Owner,3,1,Married,979228,29442,0,0,372279,2895534,840,13,0,6,0,1638511,36,Personal,81602.33,0.0,1.673,52160.33,Approved,0
APP_00665,Andrew Love,62,High School,Contract,17,2,Single,295925,7022,3,11097,10000,1093204,696,23,0,5,0,218003,120,Personal,24660.42,45.0,0.737,6541.42,Approved,0
APP_00666,Katie Warren,31,High School,Salaried,5,0,Married,857024,27379,2,14905,129497,1672220,709,7,0,1,4,485427,12,Personal,71418.67,20.87,0.566,29134.67,Approved,0
APP_00667,Brian Jackson,21,High School,Salaried,0,0,Married,915161,40658,3,25278,456062,4493792,724,3,0,5,1,274671,24,Personal,76263.42,33.15,0.3,10327.42,Approved,0
APP_00668,Ronald Gonzalez,44,Graduate,Salaried,24,3,Single,551588,18404,3,20684,137580,1306323,697,13,0,7,1,593796,84,Medical,45965.67,45.0,1.077,6877.67,Approved,0
APP_00669,Robert Payne,37,Graduate,Salaried,3,0,Single,709370,26626,3,26601,243250,1102737,663,16,0,1,0,809354,60,Home,59114.17,45.0,1.141,5887.17,Approved,1
APP_00670,Nathaniel Fischer,23,High School,Business Owner,1,2,Married,180000,6246,1,3129,49741,711140,761,2,0,6,1,228400,120,Personal,15000.0,20.86,1.269,5625.0,Approved,1
APP_00671,David Howard,27,Postgraduate,Salaried,6,4,Single,886779,27489,1,15017,568318,3152612,641,3,0,8,1,1060034,24,Home,73898.25,20.32,1.195,31392.25,Approved,0
APP_00672,Charles Wood,62,Postgraduate,Contract,33,4,Married,510726,20450,1,11099,193202,1166824,571,19,1,1,4,357859,48,Business,42560.5,26.08,0.701,11011.5,Rejected,1
APP_00673,Lindsey Mendez,45,Graduate,Salaried,8,3,Married,596891,17969,0,0,237944,1492739,749,13,0,2,2,837062,24,Personal,49740.92,0.0,1.402,31771.92,Approved,0
APP_00674,John Harrison,54,Postgraduate,Salaried,31,4,Married,643293,25798,1,15187,256662,2287479,558,4,0,3,4,1055674,24,Personal,53607.75,28.33,1.641,12622.75,Rejected,1
APP_00675,Casey Wolf,23,Graduate,Salaried,2,1,Married,329863,11396,2,12369,155695,649800,696,5,0,8,2,189653,60,Vehicle,27488.58,45.0,0.575,3723.58,Rejected,1
APP_00676,Sarah Berger,29,Postgraduate,Salaried,0,2,Married,674343,12628,2,23455,254094,2131722,842,3,0,1,0,891256,36,Personal,56195.25,41.74,1.322,20112.25,Approved,0
APP_00677,Patricia Jones,41,High School,Salaried,9,3,Single,602620,25842,2,14675,225225,1107654,717,23,0,4,1,699700,24,Home,50218.33,29.22,1.161,9701.33,Approved,0
APP_00678,Barbara Griffin,44,Graduate,Business Owner,24,0,Single,965359,36043,1,11005,19857,1897150,656,24,0,7,1,105224,36,Business,80446.58,13.68,0.109,33398.58,Approved,0
APP_00679,Terry Maxwell,22,Graduate,Self-Employed,0,1,Single,866758,39415,2,20575,283363,3043290,850,1,0,4,2,1413107,24,Personal,72229.83,28.49,1.63,12239.83,Approved,0
APP_00680,Kimberly Adams,54,Graduate,Contract,27,4,Single,269622,5728,4,10110,123409,651239,657,11,0,6,1,349858,36,Vehicle,22468.5,45.0,1.298,6630.5,Approved,1
APP_00681,Douglas Le,64,Graduate,Contract,23,2,Single,422921,16213,1,15859,76190,378953,669,11,0,2,3,660774,120,Personal,35243.42,45.0,1.562,3171.42,Rejected,1
APP_00682,Brian Adams,41,Graduate,Business Owner,3,4,Married,1099396,35133,0,0,319260,4033226,640,5,1,6,4,1236107,36,Personal,91616.33,0.0,1.124,56483.33,Rejected,1
APP_00683,Lisa Shaw,39,Postgraduate,Salaried,5,1,Married,731779,17409,2,27441,107698,1602735,715,2,1,1,1,544070,24,Business,60981.58,45.0,0.743,16131.58,Rejected,0
APP_00684,Matthew Cox MD,48,Postgraduate,Self-Employed,9,3,Single,372550,12315,2,13970,104659,1295169,547,9,1,2,4,95965,36,Medical,31045.83,45.0,0.258,4760.83,Rejected,1
APP_00685,Laura Carrillo,24,Graduate,Self-Employed,0,4,Married,961853,38547,4,29753,225340,3243174,653,5,0,7,0,460337,36,Education,80154.42,37.12,0.479,11854.42,Approved,1
APP_00686,Thomas Wood,39,Diploma,Salaried,13,0,Single,485695,17263,3,18213,141135,800383,700,12,0,1,1,641500,24,Home,40474.58,45.0,1.321,4998.58,Rejected,1
APP_00687,Caleb Johnston,54,High School,Salaried,34,4,Married,842782,27314,4,31604,190773,3320653,714,25,0,4,0,286268,60,Personal,70231.83,45.0,0.34,11313.83,Approved,0
APP_00688,Michael Mcdonald,62,Graduate,Salaried,30,3,Single,904501,17101,3,33366,302748,2635898,727,19,0,8,1,1150204,12,Medical,75375.08,44.27,1.272,24908.08,Approved,0
APP_00689,Mary Carter,60,Graduate,Salaried,0,3,Married,448278,11715,3,16810,150268,795731,739,7,0,1,0,501507,48,Medical,37356.5,45.0,1.119,8831.5,Approved,1
APP_00690,Christopher Glenn,36,High School,Salaried,2,0,Single,739735,13111,2,9633,150476,2671290,717,15,1,6,0,381776,48,Personal,61644.58,15.63,0.516,38900.58,Rejected,0
APP_00691,Mark Francis,55,Postgraduate,Salaried,26,1,Single,331209,12878,1,12266,64404,636455,839,22,0,7,0,523336,12,Education,27600.75,44.44,1.58,2456.75,Approved,0
APP_00692,Timothy Perry,22,Postgraduate,Business Owner,0,3,Single,569256,18574,3,21347,293750,572443,680,1,0,5,0,313707,120,Home,47438.0,45.0,0.551,7517.0,Approved,1
APP_00693,Nicholas Hays,64,Diploma,Salaried,29,1,Single,508680,22565,1,11164,161370,1901449,661,13,0,3,2,282375,36,Home,42390.0,26.34,0.555,8661.0,Approved,0
APP_00694,Arthur Wright,27,Graduate,Self-Employed,2,4,Married,632453,26874,1,9357,163108,1146793,812,5,0,3,0,764720,36,Personal,52704.42,17.75,1.209,16473.42,Approved,0
APP_00695,Philip Spencer,23,Diploma,Self-Employed,3,2,Married,1040820,33229,1,9785,308384,2042958,586,3,0,4,4,1098822,24,Home,86735.0,11.28,1.056,43721.0,Approved,1
APP_00696,Scott Moore,27,Graduate,Salaried,1,1,Single,467481,14153,3,17530,123178,1265189,662,3,0,6,2,203249,12,Home,38956.75,45.0,0.435,7273.75,Rejected,1
APP_00697,Robert Smith,43,Graduate,Self-Employed,18,2,Single,823055,34505,0,0,195806,2769545,641,18,1,8,4,1252928,60,Personal,68587.92,0.0,1.522,34082.92,Rejected,1
APP_00698,Heather Chambers,29,Graduate,Salaried,9,3,Married,526043,15675,2,19726,37775,926664,736,1,0,5,1,311342,84,Education,43836.92,45.0,0.592,8435.92,Rejected,0
APP_00699,Oscar Moore,24,Graduate,Salaried,1,0,Single,745270,17685,3,27947,221034,1867242,583,5,1,1,1,1006692,120,Business,62105.83,45.0,1.351,16473.83,Rejected,1
APP_00700,Robert Moore,22,Graduate,Salaried,1,3,Married,896178,34628,2,20080,251024,5094150,674,4,0,4,1,644395,36,Vehicle,74681.5,26.89,0.719,19973.5,Approved,0
APP_00701,Micheal Schultz,48,Postgraduate,Salaried,17,3,Married,613473,12866,0,0,179004,1293860,703,19,0,7,1,205074,24,Education,51122.75,0.0,0.334,38256.75,Approved,0
APP_00702,Nicole Boyd,38,Graduate,Salaried,15,1,Married,631784,23174,0,0,10000,2130968,704,1,0,5,0,618292,84,Medical,52648.67,0.0,0.979,29474.67,Approved,0
APP_00703,Richard Andrews,60,Graduate,Contract,18,4,Single,605810,19317,2,22717,150584,2010267,669,20,1,5,0,627617,12,Personal,50484.17,45.0,1.036,8450.17,Rejected,1
APP_00704,Julia Williams,58,Postgraduate,Salaried,22,3,Single,595360,14537,0,0,135852,2940496,716,14,0,1,1,656489,120,Personal,49613.33,0.0,1.103,35076.33,Approved,0
APP_00705,Vincent Mathis,25,Graduate,Salaried,0,1,Single,614188,16229,3,23032,192354,1563348,694,1,0,3,0,897897,84,Personal,51182.33,45.0,1.462,11921.33,Rejected,0
APP_00706,Sarah Luna,37,High School,Salaried,4,4,Married,684219,13555,1,3638,175535,1690474,701,17,0,8,1,934645,36,Personal,57018.25,6.38,1.366,39825.25,Approved,0
APP_00707,Jorge Wade,39,Postgraduate,Salaried,0,3,Single,632285,12337,1,3151,113616,1623540,721,3,1,2,0,649732,84,Personal,52690.42,5.98,1.028,37202.42,Rejected,1
APP_00708,Mary Sanford,46,Diploma,Business Owner,3,3,Single,1143028,22925,3,35836,433404,1888278,717,25,0,4,2,838510,120,Vehicle,95252.33,37.62,0.734,36491.33,Approved,0
APP_00709,Robert Castillo,37,Graduate,Business Owner,5,2,Married,1141637,51982,2,31607,365030,3738788,831,5,0,8,0,876233,12,Vehicle,95136.42,33.22,0.768,11547.42,Approved,0
APP_00710,Kimberly Andersen,47,High School,Salaried,20,1,Single,641529,11552,3,24057,132430,2163869,639,1,0,1,3,943269,84,Medical,53460.75,45.0,1.47,17851.75,Rejected,1
APP_00711,Rebecca Warren,21,Diploma,Business Owner,0,3,Married,1105930,40388,1,12968,233543,2068214,714,1,0,6,3,962054,36,Education,92160.83,14.07,0.87,38804.83,Approved,0
APP_00712,Amber Mueller,59,Graduate,Salaried,12,1,Single,664605,11420,3,24922,212801,1922835,606,25,0,4,2,460035,120,Business,55383.75,45.0,0.692,19041.75,Rejected,1
APP_00713,Robert Brown,27,Graduate,Business Owner,5,1,Single,484611,12694,2,18172,53910,1067164,733,2,0,7,0,251352,60,Vehicle,40384.25,45.0,0.519,9518.25,Approved,0
APP_00714,Kimberly Wilcox,34,Graduate,Salaried,7,3,Married,717487,25128,0,0,170318,2504744,648,16,0,4,4,436858,60,Education,59790.58,0.0,0.609,34662.58,Approved,0
APP_00715,Joshua Patel,36,Graduate,Self-Employed,11,3,Married,619542,10691,2,20976,101186,1461126,625,10,0,7,1,208790,120,Personal,51628.5,40.63,0.337,19961.5,Rejected,1
APP_00716,George Sanchez,60,Graduate,Salaried,28,4,Married,694646,14162,2,13514,432449,1038700,765,15,0,3,1,542739,84,Education,57887.17,23.35,0.781,30211.17,Approved,0
APP_00717,Vincent Smith,32,Postgraduate,Business Owner,4,2,Married,922175,32242,3,34581,130737,4253471,702,4,0,2,0,452139,36,Business,76847.92,45.0,0.49,10024.92,Approved,0
APP_00718,Justin Flores,42,Diploma,Salaried,11,1,Single,468013,15621,1,10426,10000,972950,760,17,0,7,2,628950,24,Personal,39001.08,26.73,1.344,12954.08,Approved,0
APP_00719,Anthony Landry,43,Diploma,Salaried,12,3,Married,674071,19222,4,25277,10180,2337551,625,3,1,6,1,398950,60,Education,56172.58,45.0,0.592,11673.58,Rejected,1
APP_00720,Tammy Perez,43,Graduate,Salaried,23,1,Single,605273,22087,4,22697,129285,1422786,745,11,1,6,1,820899,84,Medical,50439.42,45.0,1.356,5655.42,Approved,1
APP_00721,Jennifer Hoover,40,Diploma,Salaried,10,3,Married,724511,17648,0,0,274955,1404185,723,15,0,1,3,495731,24,Business,60375.92,0.0,0.684,42727.92,Approved,0
APP_00722,Melanie May,23,Graduate,Salaried,0,2,Married,825970,23263,0,0,400230,2393233,752,1,1,1,0,559720,60,Medical,68830.83,0.0,0.678,45567.83,Approved,0
APP_00723,Christine Johnson,45,Diploma,Contract,20,1,Single,415345,15812,4,15575,136003,740972,729,24,0,8,0,208471,60,Personal,34612.08,45.0,0.502,3225.08,Approved,1
APP_00724,Jesse Stephens,30,Graduate,Self-Employed,6,0,Single,651690,14462,1,10179,84137,2737731,816,7,0,1,0,282014,84,Vehicle,54307.5,18.74,0.433,29666.5,Approved,0
APP_00725,Paul Rogers,50,Postgraduate,Salaried,16,3,Single,642863,15773,2,23429,123159,2754411,745,14,0,4,1,568008,24,Education,53571.92,43.73,0.884,14369.92,Approved,0
APP_00726,William Madden,57,Postgraduate,Self-Employed,3,3,Single,781389,34318,4,29302,267221,843935,633,4,1,1,1,831485,84,Education,65115.75,45.0,1.064,1495.75,Rejected,1
APP_00727,Jessica Hill,42,Postgraduate,Business Owner,13,0,Single,1067883,29647,2,10604,494028,1133643,631,9,1,6,0,677488,36,Vehicle,88990.25,11.92,0.634,48739.25,Rejected,1
APP_00728,Michael Rodriguez,29,Graduate,Salaried,4,0,Single,586990,18214,2,22012,259067,1517927,649,8,0,1,2,864911,60,Home,48915.83,45.0,1.473,8689.83,Rejected,1
APP_00729,Danielle Mann,51,Postgraduate,Business Owner,21,4,Married,388115,8524,0,0,191723,1144479,603,5,1,2,3,173691,36,Business,32342.92,0.0,0.448,23818.92,Rejected,1
APP_00730,Richard Allen,22,Graduate,Salaried,0,4,Married,723177,25157,0,0,115569,2672970,792,4,0,8,1,622237,84,Vehicle,60264.75,0.0,0.86,35107.75,Approved,0
APP_00731,Gerald Perez,59,Graduate,Self-Employed,32,3,Married,1073475,22317,0,0,38656,2437800,719,16,1,7,1,1483980,24,Vehicle,89456.25,0.0,1.382,67139.25,Approved,0
APP_00732,Benjamin Gordon,48,Postgraduate,Salaried,25,0,Married,660013,29743,2,18169,272410,2167076,649,4,0,4,4,671897,60,Medical,55001.08,33.03,1.018,7089.08,Rejected,1
APP_00733,Joseph Cannon,32,Diploma,Salaried,9,1,Married,450656,15575,3,16899,216410,291046,779,12,0,5,0,579363,60,Education,37554.67,45.0,1.286,5080.67,Approved,0
APP_00734,George Fuentes,24,Diploma,Salaried,3,0,Married,752623,20305,2,24810,335365,923276,699,3,0,3,0,776774,48,Home,62718.58,39.56,1.032,17603.58,Approved,1
APP_00735,Lisa Guerrero,52,Graduate,Salaried,6,4,Single,910428,32655,3,34141,306448,1365489,718,6,0,5,2,950221,36,Education,75869.0,45.0,1.044,9073.0,Rejected,1
APP_00736,Heather Washington,23,Graduate,Business Owner,0,2,Single,644533,28070,4,24169,282683,1626365,706,3,0,8,2,546906,84,Personal,53711.08,45.0,0.849,1472.08,Rejected,1
APP_00737,Thomas Ramirez,25,Graduate,Salaried,1,0,Single,614552,23941,0,0,98916,1009603,724,6,0,3,1,380472,60,Business,51212.67,0.0,0.619,27271.67,Approved,0
APP_00738,Samantha Moore,55,Graduate,Salaried,26,0,Married,417471,16310,1,15655,144080,848868,754,17,0,3,1,538776,60,Home,34789.25,45.0,1.291,2824.25,Rejected,1
APP_00739,Brenda Brown,26,Graduate,Self-Employed,4,4,Single,390628,7708,0,0,195000,529012,603,1,1,7,4,68222,24,Personal,32552.33,0.0,0.175,24844.33,Approved,1
APP_00740,Andrea Waters,58,Postgraduate,Salaried,25,3,Single,962781,36720,2,27446,299037,3190838,653,22,0,3,0,1279618,48,Vehicle,80231.75,34.21,1.329,16065.75,Rejected,1
APP_00741,Robert Gonzalez,44,High School,Business Owner,15,2,Single,876217,39320,3,29950,577059,2686531,656,6,1,8,4,869245,84,Personal,73018.08,41.02,0.992,3748.08,Rejected,1
APP_00742,Jeffrey Flores,41,Postgraduate,Business Owner,19,0,Married,900388,17640,0,0,138253,4237033,663,7,1,1,4,814005,12,Education,75032.33,0.0,0.904,57392.33,Approved,1
APP_00743,Peter Bryant,26,Graduate,Self-Employed,5,4,Single,920071,27913,1,3987,116214,1995287,759,5,0,8,0,865872,60,Vehicle,76672.58,5.2,0.941,44772.58,Approved,0
APP_00744,Linda Brown,54,Diploma,Contract,10,2,Married,676703,22645,2,24288,142480,2318027,605,22,1,2,5,829891,84,Medical,56391.92,43.07,1.226,9458.92,Rejected,1
APP_00745,Kristopher Miller,24,Graduate,Business Owner,3,4,Married,950339,38027,1,12258,56458,2072189,782,2,0,6,0,646427,60,Home,79194.92,15.48,0.68,28909.92,Approved,0
APP_00746,Jennifer Maxwell,62,Graduate,Salaried,14,0,Married,597616,12487,2,11959,218236,1263693,622,23,1,6,1,317116,12,Personal,49801.33,24.01,0.531,25355.33,Approved,1
APP_00747,Mark Edwards,59,Diploma,Self-Employed,29,2,Married,335104,14939,2,12566,120689,1045837,774,23,0,4,0,376331,36,Home,27925.33,45.0,1.123,420.33,Approved,0
APP_00748,Margaret Ramos,42,Diploma,Salaried,2,0,Married,821159,30839,1,10972,188834,2706355,657,18,0,8,2,324125,48,Personal,68429.92,16.03,0.395,26618.92,Approved,0
APP_00749,Andrew Taylor,64,Graduate,Salaried,20,1,Married,699935,18303,4,26247,128825,2774319,567,11,0,3,4,604349,60,Personal,58327.92,45.0,0.863,13777.92,Rejected,1
APP_00750,Kara Holland,50,Graduate,Salaried,11,2,Married,548560,21891,1,12654,127642,1857120,558,19,1,5,4,655809,60,Personal,45713.33,27.68,1.196,11168.33,Rejected,1
APP_00751,Marcus Day,56,Postgraduate,Salaried,2,1,Single,456344,11075,4,17112,222913,2049395,613,4,0,5,2,232615,120,Home,38028.67,45.0,0.51,9841.67,Rejected,0
APP_00752,Nicholas Jones,55,Graduate,Business Owner,33,3,Married,1235188,30639,2,23015,558952,3862838,728,19,0,7,0,1688324,36,Home,102932.33,22.36,1.367,49278.33,Approved,1
APP_00753,Jacob Levine,55,Graduate,Salaried,6,0,Single,791608,23499,3,23701,137816,2896615,640,25,1,5,6,305465,12,Vehicle,65967.33,35.93,0.386,18767.33,Rejected,1
APP_00754,Anthony Thompson,27,Graduate,Salaried,7,4,Married,583360,9896,0,0,135047,1218648,632,9,0,7,6,895727,24,Personal,48613.33,0.0,1.535,38717.33,Rejected,1
APP_00755,William Ruiz,29,Graduate,Business Owner,3,3,Married,1156542,50026,4,43370,31405,3039428,726,4,0,7,3,1035430,120,Personal,96378.5,45.0,0.895,2982.5,Rejected,0
APP_00756,Anthony Lopez,25,Diploma,Self-Employed,0,0,Married,558807,19008,4,20955,101177,1768448,734,7,0,2,1,236434,12,Home,46567.25,45.0,0.423,6604.25,Approved,1
APP_00757,Juan Burch,54,Graduate,Self-Employed,26,0,Married,734131,14950,1,3124,123754,2777760,693,14,0,2,1,687783,24,Education,61177.58,5.11,0.937,43103.58,Rejected,0
APP_00758,Lindsey Martinez,63,Graduate,Salaried,21,4,Single,574409,11351,0,0,134864,450371,711,14,1,1,0,673424,24,Education,47867.42,0.0,1.172,36516.42,Approved,0
APP_00759,Heather Wilson,21,Diploma,Self-Employed,1,1,Single,791504,28126,1,10228,355756,2453380,779,1,0,4,0,942945,36,Medical,65958.67,15.51,1.191,27604.67,Approved,0
APP_00760,Ellen Hart,65,Diploma,Self-Employed,31,1,Single,962728,36987,1,14486,242645,2470818,704,23,1,2,0,1128150,36,Business,80227.33,18.06,1.172,28754.33,Approved,0
APP_00761,Adam Henry,38,Diploma,Business Owner,13,1,Single,850989,24367,1,4870,193171,2161504,766,17,0,1,0,837665,24,Personal,70915.75,6.87,0.984,41678.75,Approved,0
APP_00762,Deanna Fernandez,55,Postgraduate,Salaried,14,1,Single,797774,23319,0,0,229110,3543509,767,8,0,6,2,727913,48,Vehicle,66481.17,0.0,0.912,43162.17,Approved,0
APP_00763,Deanna Booker,23,Graduate,Salaried,3,4,Married,477652,18562,1,8778,194289,1167139,654,1,0,4,1,711719,48,Medical,39804.33,22.05,1.49,12464.33,Approved,0
APP_00764,Nichole Gutierrez,49,Graduate,Salaried,19,0,Married,365472,14770,1,6081,130819,1276320,717,8,1,6,1,69538,60,Home,30456.0,19.97,0.19,9605.0,Approved,0
APP_00765,Kathleen Davis,52,Postgraduate,Self-Employed,17,3,Married,715634,19735,3,26836,227316,1636590,613,23,0,1,0,587084,60,Home,59636.17,45.0,0.82,13065.17,Approved,1
APP_00766,David Thomas,55,Diploma,Business Owner,3,4,Single,780204,14686,2,26191,140709,3079520,659,18,0,3,0,164837,12,Business,65017.0,40.28,0.211,24140.0,Rejected,1
APP_00767,Shaun Burgess,31,Graduate,Self-Employed,7,4,Married,889257,38821,4,28667,499408,2844579,654,5,1,1,0,1407112,84,Vehicle,74104.75,38.68,1.582,6616.75,Rejected,1
APP_00768,Kimberly Chavez,27,Postgraduate,Self-Employed,6,4,Married,866015,15659,3,24464,373870,1071868,788,8,0,7,0,806910,36,Medical,72167.92,33.9,0.932,32044.92,Approved,0
APP_00769,Trevor Duran,46,Postgraduate,Salaried,5,1,Married,535329,9991,0,0,119662,1141143,656,21,0,5,0,699095,48,Personal,44610.75,0.0,1.306,34619.75,Approved,0
APP_00770,Stacey Williams,54,Graduate,Salaried,27,2,Married,794013,22697,2,25827,372484,1313365,690,24,1,6,0,674042,84,Business,66167.75,39.03,0.849,17643.75,Rejected,1
APP_00771,Heather Harris,31,Graduate,Salaried,2,4,Married,654803,20892,4,24555,265457,2030699,820,2,0,7,0,780175,120,Education,54566.92,45.0,1.191,9119.92,Rejected,0
APP_00772,Randy Rogers,35,High School,Salaried,7,0,Married,706686,23191,2,13277,143279,1642951,737,10,0,7,0,907374,60,Vehicle,58890.5,22.55,1.284,22422.5,Approved,0
APP_00773,Larry Walker,63,Diploma,Contract,33,3,Married,594807,19867,0,0,228610,2190222,758,19,1,6,0,494154,84,Education,49567.25,0.0,0.831,29700.25,Approved,0
APP_00774,Alyssa Moyer,26,Graduate,Business Owner,4,3,Married,1094490,31711,2,25394,452185,4158515,693,4,0,5,3,264092,12,Vehicle,91207.5,27.84,0.241,34102.5,Approved,0
APP_00775,Shannon Smith,51,Graduate,Self-Employed,27,1,Married,674381,27704,2,11821,299173,2114466,606,7,1,6,6,524651,48,Medical,56198.42,21.03,0.778,16673.42,Rejected,1
APP_00776,Angelica Porter,33,High School,Salaried,13,0,Married,955371,43703,3,25920,261360,2266928,642,9,0,4,1,682463,84,Education,79614.25,32.56,0.714,9991.25,Approved,0
APP_00777,Ronald Ward,56,Postgraduate,Self-Employed,31,3,Single,1077630,46362,4,40411,269061,2691969,600,21,0,5,3,526096,24,Personal,89802.5,45.0,0.488,3029.5,Rejected,1
APP_00778,Alexander Meyer,40,Diploma,Business Owner,13,4,Married,1413527,53609,0,0,185579,1353570,689,10,0,6,0,1540727,24,Home,117793.92,0.0,1.09,64184.92,Approved,0
APP_00779,Sarah Rubio,29,Postgraduate,Self-Employed,6,0,Married,1314188,43993,0,0,425935,4799183,576,7,1,5,4,930255,48,Home,109515.67,0.0,0.708,65522.67,Rejected,1
APP_00780,Kimberly Murray,35,Graduate,Business Owner,13,4,Single,717202,13169,4,26895,44177,1368306,650,3,0,4,0,891609,36,Vehicle,59766.83,45.0,1.243,19702.83,Rejected,0
APP_00781,Shawn Olsen,42,High School,Contract,3,1,Married,478353,15055,1,17544,215519,1648242,681,9,0,8,0,533737,12,Personal,39862.75,44.01,1.116,7263.75,Rejected,0
APP_00782,Mrs. Lisa Kennedy,56,Graduate,Salaried,30,0,Married,972520,31123,1,7821,183098,1906323,850,3,0,5,0,1079955,24,Business,81043.33,9.65,1.11,42099.33,Rejected,0
APP_00783,Adrian Rodriguez,53,Graduate,Salaried,27,1,Single,634055,14631,3,23777,199762,815237,800,4,0,8,0,268263,36,Business,52837.92,45.0,0.423,14429.92,Approved,0
APP_00784,Pamela Adams,53,Postgraduate,Business Owner,6,1,Single,244911,9603,2,9184,116829,614775,733,19,0,2,0,372353,12,Personal,20409.25,45.0,1.52,1622.25,Approved,0
APP_00785,Jason Fisher,59,Postgraduate,Business Owner,10,0,Single,680799,30644,4,25529,108859,1499405,784,16,0,1,0,915845,60,Vehicle,56733.25,45.0,1.345,560.25,Approved,0
APP_00786,Rachel Johnson,44,High School,Business Owner,23,1,Married,606260,19808,0,0,287132,2212531,736,3,0,1,1,225844,48,Vehicle,50521.67,0.0,0.373,30713.67,Approved,0
APP_00787,Paul Goodwin,47,Graduate,Salaried,17,4,Married,555221,10384,2,19398,189971,1313933,622,3,0,3,1,171583,60,Medical,46268.42,41.92,0.309,16486.42,Rejected,1
APP_00788,Briana Gonzalez,60,Postgraduate,Salaried,34,2,Married,539739,14316,0,0,117052,802196,670,23,0,2,4,862218,24,Business,44978.25,0.0,1.597,30662.25,Approved,0
APP_00789,Audrey Smith,30,High School,Salaried,9,4,Single,727507,19189,3,17865,186597,2412769,747,8,0,3,0,477820,120,Home,60625.58,29.47,0.657,23571.58,Rejected,0
APP_00790,Joshua Sheppard,28,Graduate,Contract,0,4,Married,474348,14494,2,9065,177341,409718,681,8,0,1,1,614538,60,Medical,39529.0,22.93,1.296,15970.0,Rejected,0
APP_00791,Jeanne Thompson,51,Graduate,Salaried,4,3,Married,947992,33386,2,21502,351639,1082152,593,2,1,1,5,1080066,84,Vehicle,78999.33,27.22,1.139,24111.33,Rejected,1
APP_00792,Patricia Davis,35,Graduate,Salaried,11,2,Married,696927,29288,3,19095,203064,2804951,705,17,0,4,1,1033595,24,Home,58077.25,32.88,1.483,9694.25,Rejected,0
APP_00793,Autumn Michael,26,Graduate,Salaried,0,3,Single,739400,22763,1,4429,322645,161439,612,7,0,8,2,381474,48,Home,61616.67,7.19,0.516,34424.67,Approved,1
APP_00794,Rachel Martin,42,Graduate,Self-Employed,4,3,Married,653037,18345,3,24488,119129,1400973,680,20,0,4,0,586555,120,Home,54419.75,45.0,0.898,11586.75,Approved,0
APP_00795,Kathleen Reynolds,40,Postgraduate,Salaried,13,3,Married,511039,12045,4,19163,195409,2580812,664,9,1,7,0,456805,48,Vehicle,42586.58,45.0,0.894,11378.58,Rejected,1
APP_00796,Mario Jordan,53,Graduate,Salaried,4,0,Married,698765,15967,3,25028,329375,1059926,619,22,0,7,0,847397,120,Business,58230.42,42.98,1.213,17235.42,Rejected,1
APP_00797,Eric Sexton,22,Graduate,Salaried,0,1,Married,1050880,23708,2,24981,88077,846220,816,4,0,8,1,540361,48,Personal,87573.33,28.53,0.514,38884.33,Approved,0
APP_00798,Donna Carter,57,Graduate,Contract,24,0,Married,653850,22285,0,0,10000,2142320,697,5,0,4,4,1022227,60,Home,54487.5,0.0,1.563,32202.5,Rejected,0
APP_00799,Matthew Richards,26,Graduate,Self-Employed,0,3,Married,505840,18174,1,11244,271015,1334587,594,7,0,6,5,672925,120,Personal,42153.33,26.67,1.33,12735.33,Rejected,1
APP_00800,Nancy Wallace,48,Diploma,Salaried,26,1,Married,683926,30327,4,25647,162166,1471290,748,15,0,8,1,787224,36,Home,56993.83,45.0,1.151,1019.83,Rejected,0
APP_00801,Christian Thompson,30,Graduate,Salaried,8,2,Single,607370,16613,1,8588,162648,1991584,752,9,0,6,0,453842,12,Personal,50614.17,16.97,0.747,25413.17,Approved,0
APP_00802,Kim Davis,48,Graduate,Salaried,10,1,Married,616248,24717,1,5353,293386,913256,712,3,0,8,0,286691,36,Personal,51354.0,10.42,0.465,21284.0,Approved,0
APP_00803,Deborah Thomas,24,Graduate,Salaried,1,2,Married,675252,30019,0,0,136072,2504792,664,5,0,3,0,734982,36,Business,56271.0,0.0,1.088,26252.0,Approved,1
APP_00804,Kaitlin Hill,40,Postgraduate,Salaried,15,2,Single,569589,15781,4,21359,308999,0,698,5,0,2,0,565616,48,Medical,47465.75,45.0,0.993,10325.75,Approved,0
APP_00805,Sharon Burgess,30,High School,Self-Employed,4,4,Married,398369,16608,4,14938,59668,947525,629,10,1,1,3,554183,48,Business,33197.42,45.0,1.391,1651.42,Rejected,1
APP_00806,Jacqueline Willis,37,High School,Salaried,16,0,Single,450556,11500,3,16895,80843,1390412,781,17,0,6,0,174990,60,Personal,37546.33,45.0,0.388,9151.33,Approved,0
APP_00807,Lisa Morales,43,Graduate,Contract,1,0,Single,319162,8358,1,7510,40537,58583,733,9,0,8,0,318966,120,Education,26596.83,28.24,0.999,10728.83,Approved,0
APP_00808,Monica Lewis,42,High School,Salaried,12,1,Single,776693,24416,1,4384,117568,1470540,752,21,0,7,1,985655,36,Personal,64724.42,6.77,1.269,35924.42,Approved,0
APP_00809,Kristen Atkinson,48,Postgraduate,Salaried,4,4,Married,375395,7931,2,14077,214180,706404,644,13,0,3,1,139035,60,Personal,31282.92,45.0,0.37,9274.92,Rejected,1
APP_00810,Amy Wilson,24,High School,Self-Employed,2,1,Married,749006,33177,4,28087,215969,3580918,804,2,0,6,1,742400,84,Personal,62417.17,45.0,0.991,1153.17,Approved,0
APP_00811,Sara Padilla,35,High School,Business Owner,7,2,Married,1239926,25489,4,38067,337788,2554723,703,8,0,4,4,1534519,12,Business,103327.17,36.84,1.238,39771.17,Approved,0
APP_00812,Leslie Frazier,28,Diploma,Salaried,2,3,Single,537918,18925,1,11608,184410,1776825,646,3,1,6,5,345235,48,Home,44826.5,25.9,0.642,14293.5,Rejected,1
APP_00813,Stephanie Rivera,65,Graduate,Salaried,1,4,Married,863766,39306,4,32391,239736,1323246,650,2,0,6,1,584316,48,Medical,71980.5,45.0,0.676,283.5,Rejected,0
APP_00814,Jimmy James,48,Graduate,Self-Employed,23,2,Married,939351,36741,1,16088,603797,4389841,708,24,0,3,2,1064501,48,Education,78279.25,20.55,1.133,25450.25,Approved,0
APP_00815,Amber Hernandez,43,Graduate,Self-Employed,20,3,Single,695450,24837,0,0,298491,1782603,636,12,1,4,4,772353,120,Vehicle,57954.17,0.0,1.111,33117.17,Rejected,1
APP_00816,Melinda Butler,30,Postgraduate,Business Owner,4,4,Single,1016570,32675,4,38121,479406,2116692,641,9,1,5,0,477578,60,Medical,84714.17,45.0,0.47,13918.17,Rejected,1
APP_00817,Kenneth Lee,22,Graduate,Salaried,2,1,Single,783055,28158,4,29364,146919,1220901,626,3,1,5,5,645541,84,Home,65254.58,45.0,0.824,7732.58,Rejected,1
APP_00818,Shirley Kelly,40,Graduate,Business Owner,1,3,Single,1100016,39754,2,19989,250140,3635319,667,3,0,5,1,1057915,48,Medical,91668.0,21.81,0.962,31925.0,Rejected,0
APP_00819,John Mullen,35,High School,Business Owner,14,0,Married,956249,26597,3,35859,641927,286231,712,14,0,6,0,937668,36,Vehicle,79687.42,45.0,0.981,17231.42,Rejected,0
APP_00820,Cynthia Robinson,46,Postgraduate,Salaried,7,1,Single,659309,13157,1,15146,214823,1165531,636,9,1,5,0,311169,84,Personal,54942.42,27.57,0.472,26639.42,Rejected,1
APP_00821,David Vega,59,Postgraduate,Salaried,29,3,Single,884717,21768,1,12844,110437,1697222,549,23,0,8,5,528281,120,Vehicle,73726.42,17.42,0.597,39114.42,Rejected,0
APP_00822,Alisha Mcguire,31,Postgraduate,Salaried,2,3,Single,548387,22927,3,20564,157611,1302021,684,5,1,2,0,574302,84,Medical,45698.92,45.0,1.047,2207.92,Rejected,1
APP_00823,Eric Walker,48,Diploma,Self-Employed,5,2,Single,669313,19081,1,9332,271764,2071309,642,6,0,8,3,189016,24,Home,55776.08,16.73,0.282,27363.08,Rejected,1
APP_00824,John Ochoa,64,Graduate,Self-Employed,22,4,Single,1132511,25645,1,4898,238089,3541008,629,4,1,3,5,1521272,24,Home,94375.92,5.19,1.343,63832.92,Rejected,1
APP_00825,Shelby Gonzalez,25,Graduate,Salaried,0,1,Married,874840,15583,1,11893,374735,2712278,658,5,0,6,1,598968,120,Business,72903.33,16.31,0.685,45427.33,Approved,0
APP_00826,Tamara Mclaughlin,64,Graduate,Business Owner,20,3,Married,928798,17344,2,28653,330774,1530985,754,20,0,2,2,805022,24,Home,77399.83,37.02,0.867,31402.83,Approved,0
APP_00827,Chelsea Barr,61,High School,Salaried,12,3,Married,387690,9996,3,14538,216679,246775,687,11,0,6,0,222699,120,Business,32307.5,45.0,0.574,7773.5,Approved,0
APP_00828,Ryan Pacheco,56,Diploma,Salaried,10,0,Married,522525,18285,4,19594,266548,1544567,633,18,1,4,3,489325,120,Vehicle,43543.75,45.0,0.936,5664.75,Rejected,1
APP_00829,Andrea Moore,39,Graduate,Self-Employed,11,0,Married,796231,14573,4,29858,108599,2107014,731,4,0,2,1,1225449,48,Vehicle,66352.58,45.0,1.539,21921.58,Rejected,0
APP_00830,Rachael Mooney,65,Postgraduate,Salaried,6,1,Married,733980,15804,0,0,204938,0,658,16,0,2,1,448126,36,Vehicle,61165.0,0.0,0.611,45361.0,Approved,0
APP_00831,Daniel Jones,42,Postgraduate,Self-Employed,16,3,Single,461125,14391,2,10961,10000,1427689,648,13,1,5,0,724065,36,Vehicle,38427.08,28.52,1.57,13075.08,Rejected,1
APP_00832,Steven Jones,33,Postgraduate,Business Owner,9,4,Single,921326,18555,1,5962,404107,3687789,600,4,1,2,4,671170,84,Business,76777.17,7.77,0.728,52260.17,Rejected,1
APP_00833,Sally Johnson,25,Postgraduate,Self-Employed,5,4,Single,706992,24031,1,7298,134223,1646463,701,2,0,1,0,311351,120,Vehicle,58916.0,12.39,0.44,27587.0,Approved,1
APP_00834,Andrea Stevens,42,Postgraduate,Salaried,7,0,Married,973692,40228,3,36513,306004,1811078,674,23,0,8,0,1415082,60,Business,81141.0,45.0,1.453,4400.0,Approved,1
APP_00835,David Foster,33,Graduate,Salaried,12,2,Married,623325,25696,3,22688,317146,1785719,727,2,0,5,4,620552,60,Personal,51943.75,43.68,0.996,3559.75,Approved,1
APP_00836,Anna Ramos,34,High School,Self-Employed,12,2,Married,180000,8158,4,6750,78084,466908,655,15,0,6,0,151601,48,Home,15000.0,45.0,0.842,92.0,Approved,1
APP_00837,Lisa Williams,57,Postgraduate,Business Owner,11,1,Married,825130,23482,1,13895,230496,2158998,596,7,1,7,4,368646,24,Medical,68760.83,20.21,0.447,31383.83,Rejected,1
APP_00838,Joseph Richard,42,Postgraduate,Salaried,4,0,Married,652010,14195,0,0,336793,960947,731,16,0,6,0,530868,60,Education,54334.17,0.0,0.814,40139.17,Approved,0
APP_00839,James Hancock,37,Graduate,Salaried,7,1,Married,306700,9296,1,11501,82727,668921,655,15,0,2,0,202285,60,Medical,25558.33,45.0,0.66,4761.33,Approved,0
APP_00840,Aaron Henderson,41,Graduate,Self-Employed,17,3,Married,863228,21859,1,9141,138784,3662468,614,10,0,7,2,1314823,12,Medical,71935.67,12.71,1.523,40935.67,Rejected,0
APP_00841,Sarah Mata,37,Diploma,Business Owner,16,4,Married,1003848,17129,2,23437,197073,1089800,623,13,0,8,2,1374781,84,Education,83654.0,28.02,1.37,43088.0,Rejected,1
APP_00842,Gary Boyd,32,High School,Salaried,11,3,Single,617894,16350,3,23171,187247,597984,671,9,0,7,2,865297,24,Business,51491.17,45.0,1.4,11970.17,Rejected,0
APP_00843,Michelle Morgan,57,Graduate,Salaried,6,0,Married,850957,28034,1,16668,378302,2252268,713,12,0,5,0,417798,24,Medical,70913.08,23.5,0.491,26211.08,Approved,0
APP_00844,Jeffrey Gibbs,45,High School,Salaried,10,3,Single,763729,14406,4,28639,10000,2199160,720,24,0,5,1,1426681,24,Business,63644.08,45.0,1.868,20599.08,Rejected,1
APP_00845,Deborah Fisher,53,High School,Salaried,20,3,Married,800643,36022,1,16366,213901,1574413,720,24,0,3,1,755924,24,Education,66720.25,24.53,0.944,14332.25,Approved,0
APP_00846,Glenda Lawson,48,Graduate,Salaried,13,3,Married,948565,34323,0,0,520723,3469173,850,13,0,8,0,986158,48,Vehicle,79047.08,0.0,1.04,44724.08,Approved,0
APP_00847,Isaiah Strickland,25,Diploma,Self-Employed,4,4,Single,450708,18364,0,0,248316,100293,512,5,0,6,5,333699,60,Medical,37559.0,0.0,0.74,19195.0,Rejected,1
APP_00848,Kevin Williams,63,High School,Salaried,20,1,Married,866742,34597,3,27900,72076,2201896,635,8,1,1,3,1266635,36,Medical,72228.5,38.63,1.461,9731.5,Rejected,1
APP_00849,William Wood,47,Postgraduate,Salaried,6,1,Married,341160,15381,4,12793,199019,583141,588,25,0,5,2,181269,12,Medical,28430.0,45.0,0.531,256.0,Approved,0
APP_00850,David Richardson,28,High School,Contract,8,2,Married,485955,21411,0,0,197295,969105,700,2,0,2,0,739228,36,Home,40496.25,0.0,1.521,19085.25,Approved,0
APP_00851,Shelby Wood,28,Graduate,Self-Employed,4,2,Married,379799,14493,0,0,141404,731957,630,5,1,4,0,302662,84,Home,31649.92,0.0,0.797,17156.92,Rejected,1
APP_00852,Mr. Thomas Greene,63,Postgraduate,Salaried,0,2,Married,540160,20058,4,20256,145814,1436459,692,9,0,8,2,265316,120,Medical,45013.33,45.0,0.491,4699.33,Approved,1
APP_00853,James Nash,37,Postgraduate,Salaried,9,3,Single,540481,18820,4,20268,195103,1799309,661,17,1,1,0,414269,48,Home,45040.08,45.0,0.766,5952.08,Rejected,1
APP_00854,Christopher Mason,46,High School,Salaried,1,2,Married,768710,13074,1,16516,208947,2252337,660,22,0,5,2,104836,120,Home,64059.17,25.78,0.136,34469.17,Approved,0
APP_00855,Sandra Lawson,41,Graduate,Salaried,8,2,Married,505665,8843,1,6469,192888,889963,592,18,0,6,0,907296,36,Personal,42138.75,15.35,1.794,26826.75,Rejected,0
APP_00856,Shaun Holmes,34,High School,Self-Employed,9,2,Single,1164624,45446,3,27155,727481,390225,642,2,0,5,5,749367,12,Business,97052.0,27.98,0.643,24451.0,Rejected,0
APP_00857,Juan Dalton,42,Graduate,Self-Employed,8,1,Single,412231,13015,3,15458,71824,1286350,677,3,0,5,1,478390,60,Home,34352.58,45.0,1.16,5879.58,Rejected,0
APP_00858,John Smith,53,Graduate,Contract,25,2,Single,764225,30565,2,28658,353957,2166042,726,9,0,8,0,486136,12,Home,63685.42,45.0,0.636,4462.42,Approved,0
APP_00859,Kelly Garrett,28,Graduate,Salaried,2,4,Married,734837,29357,2,18662,271626,1924782,666,1,0,8,2,913134,36,Medical,61236.42,30.48,1.243,13217.42,Approved,0
APP_00860,Jessica Krueger,34,Postgraduate,Self-Employed,3,4,Married,1054387,47368,0,0,131028,3131464,713,5,0,1,1,352021,24,Home,87865.58,0.0,0.334,40497.58,Approved,0
APP_00861,Abigail Lee,53,Graduate,Business Owner,22,3,Married,833211,19908,4,31245,341291,2463110,642,7,0,7,6,546140,24,Home,69434.25,45.0,0.655,18281.25,Rejected,1
APP_00862,Jason Franco,61,Diploma,Salaried,18,1,Married,849621,25631,0,0,352617,3216403,670,22,0,3,1,862453,120,Vehicle,70801.75,0.0,1.015,45170.75,Approved,0
APP_00863,Teresa Mendez,37,Postgraduate,Business Owner,3,2,Married,729744,30745,4,27365,23858,480146,707,1,0,3,4,490632,60,Business,60812.0,45.0,0.672,2702.0,Rejected,1
APP_00864,Angela Davis,49,Graduate,Self-Employed,25,4,Married,490007,12444,4,18375,10000,1095739,607,7,0,3,5,566613,48,Vehicle,40833.92,45.0,1.156,10014.92,Rejected,1
APP_00865,Alicia Gordon,31,Postgraduate,Salaried,8,4,Married,540654,10979,3,20274,99699,1373196,583,9,1,2,6,530747,60,Education,45054.5,45.0,0.982,13801.5,Rejected,1
APP_00866,Yolanda Cunningham,48,High School,Self-Employed,12,1,Single,549295,24877,3,20598,133266,435657,729,5,0,8,1,818989,12,Home,45774.58,45.0,1.491,299.58,Rejected,0
APP_00867,Sharon Gill,53,Graduate,Salaried,29,1,Single,598962,12256,4,22461,234747,1705114,738,3,1,3,0,338074,24,Home,49913.5,45.0,0.564,15196.5,Rejected,0
APP_00868,Timothy Miller,26,High School,Business Owner,4,3,Single,1704221,37156,2,26274,298331,6522786,850,7,0,1,0,2224233,48,Education,142018.42,18.5,1.305,78588.42,Approved,0
APP_00869,Krystal White,59,Graduate,Self-Employed,21,1,Married,510868,12989,4,19157,208201,1870267,584,5,0,7,2,504310,84,Personal,42572.33,45.0,0.987,10426.33,Rejected,1
APP_00870,Stephanie Bradley,64,Graduate,Business Owner,17,4,Married,1110552,24509,2,16518,357134,2127649,829,18,0,3,1,1009845,12,Medical,92546.0,17.85,0.909,51519.0,Approved,0
APP_00871,Tina Kim,24,Postgraduate,Salaried,1,3,Single,846480,14322,4,31743,262798,1206644,594,2,1,4,0,480954,36,Personal,70540.0,45.0,0.568,24475.0,Rejected,1
APP_00872,Joseph Olsen,46,Postgraduate,Self-Employed,5,4,Single,788440,19368,3,29217,67722,2387826,583,6,0,5,5,798987,48,Home,65703.33,44.47,1.013,17118.33,Rejected,1
APP_00873,Caitlin Mclaughlin,27,High School,Salaried,1,2,Married,532241,14174,4,19959,198186,1397804,775,2,0,7,0,301814,48,Personal,44353.42,45.0,0.567,10220.42,Approved,0
APP_00874,Julie Richardson,50,High School,Salaried,23,0,Single,791983,35436,4,29699,132808,2760268,604,10,0,5,3,196602,12,Business,65998.58,45.0,0.248,863.58,Approved,1
APP_00875,Lisa Kent,56,Graduate,Contract,27,4,Married,398484,7024,0,0,211901,730395,625,12,1,5,2,580639,36,Personal,33207.0,0.0,1.457,26183.0,Rejected,1
APP_00876,Jamie Harper,42,Postgraduate,Contract,3,0,Married,396016,12922,3,14850,48508,1263328,635,5,1,7,1,328231,48,Medical,33001.33,45.0,0.829,5229.33,Rejected,1
APP_00877,Audrey Robertson,25,Diploma,Salaried,0,0,Married,728294,20465,0,0,204384,1875467,677,4,1,8,1,327828,48,Personal,60691.17,0.0,0.45,40226.17,Rejected,1
APP_00878,Sydney Anderson,61,Graduate,Salaried,5,0,Single,644823,28016,3,24180,234546,2693200,760,3,0,2,0,1013172,36,Personal,53735.25,45.0,1.571,1539.25,Approved,0
APP_00879,Justin Pineda,26,Graduate,Salaried,2,4,Married,830238,17737,4,28703,237897,1741284,654,4,0,4,0,936143,60,Vehicle,69186.5,41.49,1.128,22746.5,Rejected,0
APP_00880,Alejandro Wright,65,Diploma,Salaried,14,0,Single,728356,20982,3,27313,206352,1638242,827,18,0,4,0,514213,84,Business,60696.33,45.0,0.706,12401.33,Approved,0
APP_00881,Carrie Hahn,59,Diploma,Contract,3,4,Single,268671,10296,3,10075,116288,450251,649,21,0,3,1,390172,12,Personal,22389.25,45.0,1.452,2018.25,Rejected,1
APP_00882,April Smith,57,Graduate,Business Owner,2,4,Married,906572,31970,0,0,286741,1199804,744,12,0,3,0,1328553,60,Vehicle,75547.67,0.0,1.465,43577.67,Approved,0
APP_00883,David Lane,59,Postgraduate,Self-Employed,20,4,Single,774564,17776,1,7862,132946,3354031,654,24,0,8,0,759766,36,Education,64547.0,12.18,0.981,38909.0,Approved,0
APP_00884,Debbie Mann,38,Postgraduate,Business Owner,4,4,Married,906681,17767,0,0,357136,2871222,658,11,0,7,2,373571,12,Education,75556.75,0.0,0.412,57789.75,Approved,0
APP_00885,David Church,49,Graduate,Salaried,13,1,Single,615166,11340,2,23068,247212,1642352,748,1,0,2,3,900220,60,Personal,51263.83,45.0,1.463,16855.83,Rejected,0
APP_00886,Brad Watson,44,Diploma,Self-Employed,18,1,Married,692145,29441,0,0,179167,1506189,815,12,0,1,0,451683,12,Medical,57678.75,0.0,0.653,28237.75,Approved,0
APP_00887,Donald Gibson,59,Graduate,Salaried,21,3,Married,799734,22069,4,29990,326503,1638920,848,19,0,4,2,1254507,48,Vehicle,66644.5,45.0,1.569,14585.5,Rejected,0
APP_00888,Christopher Pearson,43,Graduate,Contract,6,0,Married,545457,21858,2,20454,381651,2386060,698,5,0,3,4,736684,84,Medical,45454.75,45.0,1.351,3142.75,Rejected,0
APP_00889,Christopher Dudley,39,Graduate,Salaried,11,3,Married,911256,28162,1,13011,109184,1554963,751,7,0,4,0,1535120,24,Vehicle,75938.0,17.13,1.685,34765.0,Approved,0
APP_00890,Oscar Bauer,47,Graduate,Self-Employed,19,2,Married,486038,21164,3,18226,154158,1326783,678,21,0,6,3,622657,24,Personal,40503.17,45.0,1.281,1113.17,Rejected,0
APP_00891,Anna Pham,31,Postgraduate,Salaried,4,1,Single,635805,18265,1,17008,204470,1883839,715,10,1,4,0,497273,36,Personal,52983.75,32.1,0.782,17710.75,Rejected,1
APP_00892,Paul Gibbs,57,Postgraduate,Salaried,15,1,Married,1092703,47364,1,17809,368516,2417101,789,6,0,1,0,507603,84,Home,91058.58,19.56,0.465,25885.58,Approved,0
APP_00893,Sarah Kemp,29,High School,Salaried,1,2,Single,732778,31862,2,12819,102075,1091601,674,7,0,3,1,721891,24,Personal,61064.83,20.99,0.985,16383.83,Approved,1
APP_00894,Tiffany Cohen,55,Postgraduate,Self-Employed,8,3,Single,1163658,31956,1,3026,304367,839391,699,3,0,8,2,569538,24,Home,96971.5,3.12,0.489,61989.5,Rejected,0
APP_00895,Joseph Murphy,46,Graduate,Salaried,26,1,Married,425570,12469,1,5719,16613,607833,747,24,0,5,0,447009,12,Vehicle,35464.17,16.13,1.05,17276.17,Approved,0
APP_00896,Cathy Wise,27,Postgraduate,Salaried,6,4,Single,683919,26943,3,21941,286678,1683649,734,4,0,1,0,667124,12,Vehicle,56993.25,38.5,0.975,8109.25,Approved,0
APP_00897,Andrew Gonzales,28,Graduate,Salaried,4,4,Married,551976,22359,1,4776,206418,298262,734,5,0,6,2,746165,84,Vehicle,45998.0,10.38,1.352,18863.0,Approved,0
APP_00898,Jason Garcia,64,Graduate,Salaried,29,1,Married,604681,14270,0,0,88337,1403021,695,24,0,2,3,473964,12,Medical,50390.08,0.0,0.784,36120.08,Approved,0
APP_00899,Susan Moore,58,Postgraduate,Salaried,34,3,Married,590810,11822,3,22155,268948,1763169,643,23,0,8,1,894660,84,Business,49234.17,45.0,1.514,15257.17,Rejected,1
APP_00900,Jeremy Cunningham,25,Diploma,Contract,0,2,Single,520973,19657,4,19536,142434,1119121,750,4,0,6,0,275693,120,Vehicle,43414.42,45.0,0.529,4221.42,Approved,0
APP_00901,Kayla Romero,58,Diploma,Salaried,16,2,Married,596813,16814,1,11282,260397,2250051,640,25,0,3,2,276455,60,Education,49734.42,22.68,0.463,21638.42,Rejected,0
APP_00902,Hannah Brown,37,Graduate,Self-Employed,15,2,Single,309069,13119,0,0,143864,762776,710,4,0,6,2,277841,36,Home,25755.75,0.0,0.899,12636.75,Approved,0
APP_00903,Adam Harrington,23,Graduate,Salaried,0,4,Married,646314,18532,4,24236,71976,1380317,659,3,0,8,2,498780,60,Medical,53859.5,45.0,0.772,11091.5,Approved,0
APP_00904,Michael Suarez,62,Postgraduate,Self-Employed,28,2,Married,783224,26017,4,29370,255608,1938314,812,13,0,2,1,602116,120,Medical,65268.67,45.0,0.769,9881.67,Approved,0
APP_00905,James Lang,60,Graduate,Salaried,19,0,Married,468343,10846,0,0,296372,1067857,701,6,0,7,0,518838,24,Personal,39028.58,0.0,1.108,28182.58,Approved,0
APP_00906,Christine Benitez MD,60,High School,Salaried,11,0,Married,906006,36586,3,33975,299712,2754062,676,13,0,5,2,1319666,12,Business,75500.5,45.0,1.457,4939.5,Rejected,1
APP_00907,Andrew Duarte,49,Graduate,Salaried,5,1,Married,865881,21206,2,25912,326617,2810751,775,12,0,2,0,1057218,60,Business,72156.75,35.91,1.221,25038.75,Approved,0
APP_00908,Kristen Huynh,29,Diploma,Contract,1,2,Single,627928,12852,1,14644,233329,816550,594,10,0,8,1,442537,120,Personal,52327.33,27.99,0.705,24831.33,Approved,1
APP_00909,Michael Montoya,42,Graduate,Self-Employed,19,2,Married,787468,27165,3,29530,306733,2367613,707,11,0,6,3,1233607,120,Education,65622.33,45.0,1.567,8927.33,Approved,0
APP_00910,Lisa Stokes,43,Graduate,Self-Employed,5,0,Married,1090180,41865,1,11964,167666,4907246,782,6,0,4,1,1506242,60,Personal,90848.33,13.17,1.382,37019.33,Approved,0
APP_00911,Amanda Estrada,31,Postgraduate,Salaried,4,4,Single,440626,17113,3,16523,180088,858286,575,3,0,6,0,394740,60,Home,36718.83,45.0,0.896,3082.83,Rejected,1
APP_00912,Benjamin Mueller,64,Graduate,Salaried,4,0,Single,796034,22153,4,29851,240971,835502,757,5,0,3,0,766306,24,Education,66336.17,45.0,0.963,14332.17,Approved,0
APP_00913,Andrew Cox,26,High School,Salaried,2,4,Single,513939,9139,1,6170,84492,1275247,843,4,0,8,0,180755,36,Business,42828.25,14.41,0.352,27519.25,Approved,0
APP_00914,Kaitlyn Alvarez,30,Postgraduate,Salaried,3,2,Single,991388,45038,0,0,191515,2132248,713,3,1,4,0,1189810,84,Personal,82615.67,0.0,1.2,37577.67,Approved,1
APP_00915,Jason Stein,59,Graduate,Salaried,18,2,Single,819409,32263,3,30727,99757,1594623,741,25,1,7,3,1095930,36,Vehicle,68284.08,45.0,1.337,5294.08,Rejected,1
APP_00916,Rachel Miller,43,High School,Salaried,14,0,Single,471457,13066,0,0,100102,1809569,546,4,1,1,5,716099,36,Personal,39288.08,0.0,1.519,26222.08,Rejected,1
APP_00917,Donna Flowers,43,Postgraduate,Contract,11,4,Single,619620,11035,2,14820,28586,2093976,737,4,0,5,1,222132,120,Personal,51635.0,28.7,0.358,25780.0,Approved,0
APP_00918,Louis Moreno,25,Diploma,Salaried,5,4,Married,1074782,47648,3,16912,326406,1447802,651,7,1,4,0,1849935,36,Personal,89565.17,18.88,1.721,25005.17,Rejected,0
APP_00919,Elizabeth Kerr,41,Postgraduate,Business Owner,13,4,Single,1489867,38471,4,31800,445674,4088150,679,4,0,6,1,1012129,24,Vehicle,124155.58,25.61,0.679,53884.58,Approved,1
APP_00920,Darius Bailey,32,Diploma,Salaried,2,0,Married,808078,24009,2,7468,482416,2170628,695,8,0,8,0,693434,48,Vehicle,67339.83,11.09,0.858,35862.83,Approved,0
APP_00921,Randall Rodriguez,49,Graduate,Contract,27,1,Married,723153,15229,0,0,277876,2815164,850,25,0,4,0,221095,60,Education,60262.75,0.0,0.306,45033.75,Approved,0
APP_00922,Andrea Long,35,Diploma,Business Owner,15,1,Married,934531,30792,4,31384,434043,1820388,850,11,0,7,0,726844,120,Home,77877.58,40.3,0.778,15701.58,Approved,0
APP_00923,Brian Garcia,47,Graduate,Business Owner,7,3,Married,800524,21383,0,0,70982,2871370,756,14,0,8,0,263850,36,Personal,66710.33,0.0,0.33,45327.33,Approved,0
APP_00924,Lisa Gilbert,28,Diploma,Business Owner,7,2,Married,1177509,29756,1,4572,410097,2023716,738,4,0,4,3,1461419,84,Business,98125.75,4.66,1.241,63797.75,Approved,1
APP_00925,Kathleen Vargas,29,Postgraduate,Contract,5,3,Married,471726,12268,3,17689,112416,2177177,686,10,0,2,1,480147,60,Home,39310.5,45.0,1.018,9353.5,Approved,0
APP_00926,Jason Garcia,44,Graduate,Salaried,24,1,Married,551196,19377,0,0,76626,677208,633,7,0,8,6,285712,36,Education,45933.0,0.0,0.518,26556.0,Approved,1
APP_00927,Kevin Smith,49,Diploma,Business Owner,1,4,Married,813930,26353,3,30522,90117,3317319,739,4,0,5,2,877376,120,Vehicle,67827.5,45.0,1.078,10952.5,Rejected,1
APP_00928,Amber Leonard,25,Graduate,Business Owner,3,4,Single,1008895,43734,1,8344,268042,2212143,603,4,1,6,6,941878,48,Vehicle,84074.58,9.92,0.934,31996.58,Rejected,1
APP_00929,Joyce Wade,29,Graduate,Self-Employed,1,2,Single,681155,23217,2,17836,169662,1189949,606,1,0,8,6,315521,24,Personal,56762.92,31.42,0.463,15709.92,Rejected,0
APP_00930,Brian Perry,27,Graduate,Self-Employed,4,0,Married,920839,37959,3,27061,433985,2162212,637,3,0,2,5,458495,48,Medical,76736.58,35.26,0.498,11716.58,Rejected,1
APP_00931,Mary Bush,38,Graduate,Business Owner,15,2,Single,599601,16984,0,0,323820,1933711,717,1,1,5,3,731762,12,Business,49966.75,0.0,1.22,32982.75,Approved,1
APP_00932,Peter Robertson,46,Postgraduate,Salaried,1,0,Married,677384,12211,0,0,184456,1875503,685,18,1,3,1,837120,36,Vehicle,56448.67,0.0,1.236,44237.67,Rejected,0
APP_00933,Sandra Gibson,49,High School,Salaried,16,0,Single,1030090,38519,2,21195,389801,1559302,631,14,1,1,2,585871,36,Vehicle,85840.83,24.69,0.569,26126.83,Rejected,1
APP_00934,Natasha King,39,Graduate,Salaried,4,3,Married,578992,13117,1,6222,259085,1454653,704,9,0,1,1,436874,60,Medical,48249.33,12.9,0.755,28910.33,Approved,0
APP_00935,Jonathan Jenkins,40,Graduate,Salaried,4,3,Single,619293,24784,2,12893,223634,1751494,541,13,1,2,6,846016,12,Personal,51607.75,24.98,1.366,13930.75,Rejected,1
APP_00936,Julian Lamb,38,Graduate,Self-Employed,3,4,Single,460501,10066,1,3762,210566,1314752,807,7,0,3,0,628921,12,Education,38375.08,9.8,1.366,24547.08,Approved,0
APP_00937,Molly Spencer,23,High School,Salaried,1,2,Single,695781,28227,2,13015,89627,1308044,717,2,0,8,1,1097409,60,Home,57981.75,22.45,1.577,16739.75,Approved,0
APP_00938,James Carr,46,High School,Salaried,13,1,Single,666067,20786,0,0,238032,1546015,561,12,1,4,6,1139019,60,Medical,55505.58,0.0,1.71,34719.58,Rejected,1
APP_00939,Alicia Cohen,41,Diploma,Self-Employed,9,1,Married,677010,14359,1,9797,260230,941597,686,10,1,2,1,422043,36,Business,56417.5,17.37,0.623,32261.5,Rejected,0
APP_00940,Crystal Glover,37,Graduate,Contract,14,0,Single,399885,13798,0,0,72491,527090,702,18,0,6,1,460857,36,Medical,33323.75,0.0,1.152,19525.75,Approved,0
APP_00941,Holly Clark,44,High School,Salaried,18,2,Married,838559,34883,2,23746,235529,2173309,676,7,0,7,0,256659,48,Home,69879.92,33.98,0.306,11250.92,Rejected,0
APP_00942,Jacob Jackson,64,High School,Salaried,34,2,Married,522941,18339,3,19610,197168,1594213,622,13,1,6,2,507068,60,Personal,43578.42,45.0,0.97,5629.42,Rejected,1
APP_00943,Scott Rodriguez,48,High School,Salaried,27,1,Married,338361,6580,4,12688,76183,333321,716,19,0,3,0,441052,84,Personal,28196.75,45.0,1.303,8928.75,Rejected,0
APP_00944,Cathy Lamb,44,Graduate,Contract,19,2,Single,461574,9321,4,17309,85834,1555394,742,10,1,7,0,587773,36,Vehicle,38464.5,45.0,1.273,11834.5,Approved,1
APP_00945,Kevin Long,24,Graduate,Business Owner,2,4,Married,805098,34768,1,17513,129859,1593425,760,5,0,1,0,948078,24,Personal,67091.5,26.1,1.178,14810.5,Approved,0
APP_00946,Daniel Galvan,33,Diploma,Contract,13,2,Single,591945,17062,3,22197,135867,1368618,703,10,0,5,4,256322,36,Business,49328.75,45.0,0.433,10069.75,Approved,0
APP_00947,Kathryn Davis,61,Postgraduate,Salaried,27,1,Married,868791,35204,4,32579,123308,1659132,649,16,0,7,4,317262,48,Vehicle,72399.25,45.0,0.365,4616.25,Rejected,1
APP_00948,Tracy Smith,25,High School,Salaried,5,1,Married,594963,20231,0,0,88938,910992,550,7,1,1,4,161227,48,Business,49580.25,0.0,0.271,29349.25,Rejected,1
APP_00949,Brian Cook,62,Postgraduate,Salaried,14,3,Married,753680,20628,2,28263,430826,1639401,740,8,0,4,2,1013404,84,Vehicle,62806.67,45.0,1.345,13915.67,Rejected,1
APP_00950,Robert Clark,62,Graduate,Salaried,29,1,Married,716641,11987,3,17567,185539,1498483,716,9,0,7,4,690197,60,Business,59720.08,29.42,0.963,30166.08,Approved,0
APP_00951,Chris Garcia,46,Graduate,Salaried,18,3,Married,366858,10425,1,12085,113528,396112,591,22,0,3,2,159592,24,Personal,30571.5,39.53,0.435,8061.5,Rejected,1
APP_00952,Douglas Willis,23,Diploma,Salaried,0,0,Married,329063,6405,1,8420,79617,1339036,637,1,0,7,5,272960,60,Vehicle,27421.92,30.71,0.83,12596.92,Rejected,1
APP_00953,Samantha Maldonado,37,High School,Salaried,8,3,Married,463399,19473,0,0,72646,1450170,689,3,0,4,2,239667,120,Vehicle,38616.58,0.0,0.517,19143.58,Approved,0
APP_00954,Joseph Patterson,50,Postgraduate,Business Owner,12,3,Single,744194,27158,3,27907,460795,1306155,607,1,1,3,3,332723,120,Medical,62016.17,45.0,0.447,6951.17,Rejected,1
APP_00955,Douglas Gibson,52,High School,Self-Employed,17,4,Single,892660,38991,2,26450,390658,1779708,733,21,0,7,2,1329221,48,Personal,74388.33,35.56,1.489,8947.33,Rejected,0
APP_00956,Linda Miller,46,Graduate,Salaried,25,1,Married,678994,30881,4,25462,102182,1980204,765,13,0,5,0,624656,36,Business,56582.83,45.0,0.92,239.83,Approved,0
APP_00957,Colleen Bass,64,Graduate,Self-Employed,32,1,Single,1460862,30236,1,5978,559731,1968921,683,18,0,7,1,2181785,12,Medical,121738.5,4.91,1.493,85524.5,Approved,0
APP_00958,Tiffany Gray,25,Graduate,Salaried,2,2,Single,774937,13007,3,29060,208752,1445968,752,4,1,4,0,950851,120,Personal,64578.08,45.0,1.227,22511.08,Rejected,1
APP_00959,Jeffrey Bass,38,Graduate,Self-Employed,5,2,Married,837790,37454,3,24937,10000,2106887,755,8,0,8,0,1064979,48,Vehicle,69815.83,35.72,1.271,7424.83,Approved,0
APP_00960,Kevin Ramsey,22,Postgraduate,Salaried,0,2,Single,875360,23005,4,32826,364982,1295131,648,3,1,3,4,793951,24,Education,72946.67,45.0,0.907,17115.67,Rejected,1
APP_00961,Erica Edwards,36,Graduate,Salaried,6,2,Single,618725,27619,4,23202,10000,1461626,635,4,0,6,0,197451,60,Business,51560.42,45.0,0.319,739.42,Rejected,0
APP_00962,Chad Carter,39,Graduate,Salaried,16,1,Single,657855,25701,4,24669,265964,2386225,639,11,1,3,4,430514,120,Education,54821.25,45.0,0.654,4451.25,Rejected,1
APP_00963,Stephen Duke,51,Diploma,Salaried,6,2,Married,714748,24218,1,3081,74807,1673573,642,10,1,1,1,116147,60,Medical,59562.33,5.17,0.163,32263.33,Rejected,1
APP_00964,Jason Scott,31,Diploma,Salaried,3,0,Single,860959,20959,4,32285,61969,1419720,601,10,1,7,2,599434,48,Home,71746.58,45.0,0.696,18502.58,Rejected,1
APP_00965,Daniel Butler,30,Graduate,Business Owner,8,1,Married,847036,36177,4,31763,324174,1974117,662,3,0,8,1,1086339,84,Personal,70586.33,45.0,1.283,2646.33,Rejected,1
APP_00966,Stacy Bryant,33,High School,Salaried,7,1,Married,702878,26039,1,12681,157480,2196464,677,7,0,6,0,490227,60,Vehicle,58573.17,21.65,0.697,19853.17,Approved,1
APP_00967,Michele Ramos,52,High School,Business Owner,7,0,Single,1380743,61690,1,3997,256087,5056641,850,15,0,2,0,1617446,12,Personal,115061.92,3.47,1.171,49374.92,Approved,0
APP_00968,Margaret Hicks DVM,40,Graduate,Salaried,17,1,Married,610496,15320,1,4292,257378,1178925,766,13,0,4,0,223577,84,Personal,50874.67,8.44,0.366,31262.67,Approved,0
APP_00969,Elizabeth Johnson,32,Diploma,Salaried,11,2,Single,756099,31917,4,28353,312817,1377759,686,13,0,5,4,254718,36,Vehicle,63008.25,45.0,0.337,2738.25,Approved,1
APP_00970,Corey Booker,32,High School,Salaried,5,0,Single,859165,36223,4,32218,76976,1887898,620,8,0,5,0,902820,60,Vehicle,71597.08,45.0,1.051,3156.08,Rejected,0
APP_00971,Katherine Flores,29,Diploma,Business Owner,4,2,Married,458013,10237,1,9243,31846,380778,658,6,0,5,2,226167,48,Personal,38167.75,24.22,0.494,18687.75,Rejected,0
APP_00972,Pamela Robinson,27,Postgraduate,Salaried,6,1,Married,636411,23924,3,23865,210505,1342307,783,9,0,3,0,343631,24,Medical,53034.25,45.0,0.54,5245.25,Approved,0
APP_00973,Dawn Lee,37,Graduate,Business Owner,7,4,Married,298671,4979,3,11200,53243,969580,743,5,0,2,1,287841,120,Medical,24889.25,45.0,0.964,8710.25,Approved,0
APP_00974,Rebecca Cooper MD,58,Diploma,Business Owner,22,4,Married,1162619,29485,0,0,464171,2630269,772,25,0,5,0,1112034,36,Business,96884.92,0.0,0.956,67399.92,Approved,0
APP_00975,Shannon Torres,38,Postgraduate,Salaried,13,2,Married,563688,24674,1,4202,190797,1225049,741,8,0,7,3,507005,60,Personal,46974.0,8.95,0.899,18098.0,Rejected,0
APP_00976,William Villarreal,57,Diploma,Business Owner,12,4,Single,1127227,20730,0,0,421412,5530768,522,18,1,6,4,1565105,36,Medical,93935.58,0.0,1.388,73205.58,Rejected,1
APP_00977,Bryan Griffin,29,Diploma,Salaried,0,2,Married,728157,24236,0,0,327245,2536877,626,2,1,7,2,632291,24,Home,60679.75,0.0,0.868,36443.75,Rejected,1
APP_00978,Nathan Jones,55,Graduate,Self-Employed,23,2,Married,603698,10402,4,22638,59247,1381956,598,3,1,6,5,619313,36,Vehicle,50308.17,45.0,1.026,17268.17,Rejected,1
APP_00979,Donald Logan,24,Postgraduate,Self-Employed,4,1,Single,785106,23514,4,29441,286808,2415265,526,4,0,4,5,928333,12,Vehicle,65425.5,45.0,1.182,12470.5,Rejected,1
APP_00980,Michelle Hester,21,Graduate,Salaried,0,0,Single,703542,12321,1,9173,233167,2771067,765,2,0,2,0,545148,60,Home,58628.5,15.65,0.775,37134.5,Approved,0
APP_00981,Joshua Giles,45,High School,Business Owner,19,2,Married,731253,13319,4,27421,215844,1472643,719,20,0,6,1,929352,60,Vehicle,60937.75,45.0,1.271,20197.75,Approved,1
APP_00982,John Robinson,62,Diploma,Salaried,32,3,Married,706716,20276,3,26501,234628,1943181,742,23,0,2,4,618762,60,Medical,58893.0,45.0,0.876,12116.0,Rejected,0
APP_00983,Mrs. Jillian Smith,46,Postgraduate,Salaried,3,1,Single,755864,28027,2,27509,239870,1015267,741,20,0,4,2,449510,60,Home,62988.67,43.67,0.595,7452.67,Approved,1
APP_00984,Heather Olsen,24,Graduate,Salaried,2,1,Married,973558,36592,2,29906,256085,3804705,768,3,0,2,0,258963,84,Home,81129.83,36.86,0.266,14631.83,Approved,0
APP_00985,Jacqueline Washington,37,Graduate,Contract,9,3,Married,464968,9173,0,0,178850,1045175,791,9,0,3,1,264732,24,Personal,38747.33,0.0,0.569,29574.33,Approved,0
APP_00986,Mia Johnson,58,High School,Contract,11,1,Single,282975,6770,2,10611,64104,811373,721,1,0,6,1,319129,12,Personal,23581.25,45.0,1.128,6200.25,Rejected,0
APP_00987,Troy Lawson,62,Postgraduate,Self-Employed,1,0,Single,851675,19490,2,16638,340045,2035329,750,1,0,3,0,325678,12,Vehicle,70972.92,23.44,0.382,34844.92,Approved,0
APP_00988,Yvonne Smith,34,High School,Salaried,9,1,Single,517107,11030,2,16983,221244,1347468,568,15,0,2,0,485380,120,Medical,43092.25,39.41,0.939,15079.25,Approved,1
APP_00989,Amanda Robbins,35,Diploma,Self-Employed,8,3,Married,998891,29231,4,37458,249323,3265443,676,15,0,3,4,1494357,120,Medical,83240.92,45.0,1.496,16551.92,Rejected,1
APP_00990,Dean Myers Jr.,23,Graduate,Salaried,0,2,Single,529235,12665,1,7490,177710,1875008,789,4,0,2,0,465693,12,Vehicle,44102.92,16.98,0.88,23947.92,Approved,0
APP_00991,Christy Cline,50,Postgraduate,Contract,14,1,Single,654276,14429,3,24535,301198,2983638,658,24,0,7,3,266392,12,Personal,54523.0,45.0,0.407,15559.0,Rejected,0
APP_00992,Justin Stevens,25,Postgraduate,Contract,5,3,Married,652733,15973,1,3983,160889,2611198,728,6,0,5,3,240508,24,Personal,54394.42,7.32,0.368,34438.42,Approved,0
APP_00993,Travis Frye,31,Diploma,Salaried,3,1,Married,734291,16303,4,27535,361634,1726619,647,10,1,1,1,1187619,24,Personal,61190.92,45.0,1.617,17352.92,Rejected,1
APP_00994,Matthew Jackson,51,High School,Self-Employed,2,4,Single,628252,16538,0,0,10000,1266505,677,25,0,6,0,569334,48,Vehicle,52354.33,0.0,0.906,35816.33,Approved,0
APP_00995,Richard Taylor,23,Diploma,Self-Employed,0,0,Married,1024481,33924,3,32215,268580,1391604,616,3,1,3,0,726341,12,Home,85373.42,37.73,0.709,19234.42,Rejected,1
APP_00996,William Campos,34,Graduate,Self-Employed,14,2,Married,560691,11193,1,13562,133147,1171435,767,10,0,1,2,798080,120,Vehicle,46724.25,29.03,1.423,21969.25,Approved,0
APP_00997,John Love,33,Graduate,Salaried,5,1,Single,743650,25560,1,8068,10000,2259885,687,9,0,7,4,1146638,36,Personal,61970.83,13.02,1.542,28342.83,Rejected,0
APP_00998,Sarah Tran,21,Graduate,Salaried,1,3,Married,808329,16843,2,23584,277135,1932864,731,2,0,6,2,945702,120,Vehicle,67360.75,35.01,1.17,26933.75,Approved,1
APP_00999,Bethany Frost,51,Diploma,Salaried,31,0,Married,643099,11983,4,24116,150848,2157718,721,20,1,7,0,383990,24,Personal,53591.58,45.0,0.597,17492.58,Approved,0
APP_01000,Stephanie Macdonald,37,Diploma,Salaried,6,3,Married,971775,33482,0,0,19380,2095721,697,6,0,5,0,1124426,120,Personal,80981.25,0.0,1.157,47499.25,Approved,0
APP_01001,Emily Bradford,56,Graduate,Self-Employed,4,4,Married,880869,22320,4,33032,269349,992764,661,17,0,2,1,1298189,48,Business,73405.75,45.0,1.474,18053.75,Rejected,1
APP_01002,Jill Buck DVM,25,High School,Salaried,5,0,Married,827444,19182,2,15177,335069,1355739,818,5,0,5,1,847146,60,Medical,68953.67,22.01,1.024,34594.67,Approved,0
APP_01003,Cristina Nash,33,Graduate,Salaried,0,0,Single,359615,10887,2,11201,141288,379604,719,3,0,5,1,265997,48,Personal,29967.92,37.38,0.74,7879.92,Approved,0
APP_01004,Alexis Davenport,25,Graduate,Salaried,2,0,Single,322156,7462,1,12080,86494,596131,628,2,0,7,1,301843,48,Vehicle,26846.33,45.0,0.937,7304.33,Approved,0
APP_01005,Robert Orozco,36,Postgraduate,Salaried,12,3,Married,469356,19036,3,17600,252991,979019,639,16,0,6,0,241065,24,Vehicle,39113.0,45.0,0.514,2477.0,Approved,1
APP_01006,Gregg Davis,31,Graduate,Salaried,9,0,Single,481673,20063,0,0,126826,1819038,644,3,0,2,1,235231,36,Home,40139.42,0.0,0.488,20076.42,Approved,0
APP_01007,Riley Lewis,38,High School,Salaried,1,3,Married,979317,35802,2,17695,314657,3021604,697,19,0,7,1,1213410,84,Personal,81609.75,21.68,1.239,28112.75,Approved,0
APP_01008,Marissa Morales,56,High School,Self-Employed,20,0,Married,871889,26463,1,15263,180989,3858518,737,4,1,5,2,579772,120,Personal,72657.42,21.01,0.665,30931.42,Approved,0
APP_01009,Gregory Montgomery,46,Graduate,Self-Employed,26,0,Married,999334,27970,4,35235,281915,1017203,624,10,0,5,0,1380636,24,Business,83277.83,42.31,1.382,20072.83,Rejected,1
APP_01010,Deborah Miller,37,Postgraduate,Self-Employed,8,3,Single,436555,13683,2,16370,122380,941550,714,11,1,2,0,459895,12,Home,36379.58,45.0,1.053,6326.58,Rejected,0
APP_01011,Victor Campbell,22,Diploma,Salaried,1,1,Married,818903,26271,4,30708,271404,1583468,774,3,0,8,1,720226,36,Personal,68241.92,45.0,0.88,11262.92,Approved,0
APP_01012,Kimberly Kramer,59,Graduate,Salaried,8,3,Single,701959,26548,3,26323,335800,763549,850,19,0,5,0,388378,120,Medical,58496.58,45.0,0.553,5625.58,Approved,0
APP_01013,Christina Johnson,48,Graduate,Salaried,20,0,Single,361461,8061,4,13554,113753,649331,614,23,0,3,4,586429,120,Medical,30121.75,45.0,1.622,8506.75,Rejected,1
APP_01014,Jillian Martin,23,High School,Business Owner,2,4,Married,1350825,58840,4,45048,452451,4458370,674,4,1,2,3,1903569,12,Personal,112568.75,40.02,1.409,8680.75,Rejected,1
APP_01015,Trevor Gonzalez,22,Graduate,Self-Employed,2,0,Married,180000,4614,4,6750,56057,644219,688,2,0,7,0,93319,24,Business,15000.0,45.0,0.518,3636.0,Approved,0
APP_01016,Tamara Hinton,35,Graduate,Self-Employed,3,2,Married,737623,30505,2,27660,440638,3608671,743,15,0,5,0,595393,120,Vehicle,61468.58,45.0,0.807,3303.58,Rejected,0
APP_01017,Vanessa Robinson,48,Diploma,Salaried,17,4,Married,775587,33911,1,5253,386633,1830382,786,10,0,4,1,682241,48,Vehicle,64632.25,8.13,0.88,25468.25,Approved,0
APP_01018,Alexa Hamilton,26,Postgraduate,Salaried,3,3,Single,457698,14900,2,17163,310616,745755,699,3,0,1,1,143982,48,Vehicle,38141.5,45.0,0.315,6078.5,Rejected,0
APP_01019,Caleb Williams,43,High School,Self-Employed,8,1,Married,988398,33595,4,37064,208724,1274830,606,24,1,5,3,1754778,36,Business,82366.5,45.0,1.775,11707.5,Rejected,1
APP_01020,Mathew Obrien,62,High School,Contract,32,1,Single,377636,10685,4,14161,109296,1013938,612,3,0,4,4,433162,48,Business,31469.67,45.0,1.147,6623.67,Rejected,1
APP_01021,Anna Carr,37,High School,Salaried,14,4,Married,526662,22153,3,19749,85114,2871298,724,6,0,5,0,540729,12,Home,43888.5,45.0,1.027,1986.5,Approved,0
APP_01022,Michael Ware,56,Postgraduate,Self-Employed,7,3,Married,573484,22217,3,21505,156791,1578739,641,24,0,5,4,778771,48,Education,47790.33,45.0,1.358,4068.33,Rejected,1
APP_01023,Mandy Hood,31,Diploma,Contract,5,1,Single,451958,13779,4,16948,35642,1164173,630,12,1,1,6,611347,36,Business,37663.17,45.0,1.353,6936.17,Rejected,1
APP_01024,Stephanie Novak,41,Diploma,Self-Employed,5,2,Single,1049303,37885,3,37081,282224,1872247,723,21,0,7,0,988302,12,Personal,87441.92,42.41,0.942,12475.92,Rejected,0
APP_01025,Mark Boyd DDS,48,Postgraduate,Salaried,2,0,Married,958435,17530,1,8112,54642,2729897,709,23,0,7,0,487398,60,Home,79869.58,10.16,0.509,54227.58,Approved,0
APP_01026,Miguel Barrett,49,Graduate,Self-Employed,21,4,Married,950848,40653,0,0,357162,1798134,568,22,0,4,2,278023,24,Personal,79237.33,0.0,0.292,38584.33,Rejected,0
APP_01027,Angela Ortiz,50,Postgraduate,Business Owner,3,2,Married,1375995,39079,1,14393,98616,0,613,17,1,6,1,915554,120,Education,114666.25,12.55,0.665,61194.25,Rejected,1
APP_01028,Christine Hanson,27,High School,Contract,3,3,Married,297919,8487,2,11171,123083,773814,688,2,0,8,1,163160,24,Home,24826.58,45.0,0.548,5168.58,Rejected,0
APP_01029,Ashley Henderson,54,Graduate,Salaried,19,0,Single,897781,20140,4,33666,528800,2482907,627,24,0,1,3,1018645,12,Vehicle,74815.08,45.0,1.135,21009.08,Approved,1
APP_01030,Michael Wilson,30,Graduate,Salaried,3,3,Married,712930,18308,2,26139,184085,2721649,766,12,0,6,0,421933,12,Home,59410.83,44.0,0.592,14963.83,Approved,0
APP_01031,William Holden,50,Graduate,Business Owner,6,0,Married,1057279,24205,1,10498,175332,3164198,612,13,0,1,0,1292607,12,Personal,88106.58,11.92,1.223,53403.58,Rejected,0
APP_01032,Jose Cook,22,Graduate,Salaried,2,1,Married,501877,21431,0,0,250799,591391,817,3,0,4,0,282806,60,Business,41823.08,0.0,0.563,20392.08,Approved,0
APP_01033,Michael Roberts,45,Postgraduate,Contract,16,2,Single,453547,8425,0,0,100945,404153,805,7,0,7,0,445386,48,Business,37795.58,0.0,0.982,29370.58,Approved,0
APP_01034,Ashley Snyder,43,Diploma,Self-Employed,0,2,Single,975549,43282,2,22294,424089,3166276,700,1,0,1,2,656022,36,Education,81295.75,27.42,0.672,15719.75,Approved,0
APP_01035,Miss Andrea Schultz,32,Diploma,Business Owner,4,1,Single,1426470,39786,0,0,408246,4526843,757,11,0,6,0,1325094,48,Vehicle,118872.5,0.0,0.929,79086.5,Approved,0
APP_01036,Kimberly Park,41,Diploma,Salaried,3,2,Married,673074,14428,3,25240,516390,2168748,646,1,1,6,4,267161,84,Vehicle,56089.5,45.0,0.397,16421.5,Rejected,1
APP_01037,Thomas Kelly,21,Graduate,Salaried,1,3,Married,800812,17539,3,30030,172378,1800241,767,1,0,3,0,420388,24,Vehicle,66734.33,45.0,0.525,19165.33,Approved,0
APP_01038,Daniel Day,55,Postgraduate,Salaried,5,2,Single,558847,20634,2,18457,180348,2180100,745,19,0,4,0,431126,60,Vehicle,46570.58,39.63,0.771,7479.58,Approved,0
APP_01039,Jason Watson,34,Graduate,Salaried,3,2,Single,551655,12112,4,20687,168659,576227,769,5,0,3,0,243806,48,Vehicle,45971.25,45.0,0.442,13172.25,Approved,0
APP_01040,Savannah Bender,32,High School,Self-Employed,11,3,Single,740599,17172,1,7189,134972,967648,716,10,0,2,1,368983,84,Medical,61716.58,11.65,0.498,37355.58,Approved,0
APP_01041,Andrea Nielsen,58,Postgraduate,Salaried,23,0,Single,678065,15602,3,25427,191624,3568994,682,25,0,1,0,836037,12,Medical,56505.42,45.0,1.233,15476.42,Approved,0
APP_01042,Jason Hill,62,Graduate,Business Owner,13,4,Married,1341464,35179,4,45080,420824,5945010,710,4,0,4,1,205260,12,Business,111788.67,40.33,0.153,31529.67,Rejected,0
APP_01043,Krystal Nelson,26,Graduate,Salaried,6,1,Single,502637,12436,2,18848,230242,923523,678,6,1,1,1,496779,24,Personal,41886.42,45.0,0.988,10602.42,Rejected,1
APP_01044,Jeremy Quinn,53,Graduate,Business Owner,9,3,Single,686498,29753,2,21496,322599,1471089,579,14,1,4,5,553118,48,Personal,57208.17,37.58,0.806,5959.17,Rejected,1
APP_01045,Mr. Francisco Harrell,24,Graduate,Self-Employed,2,2,Married,538148,20434,2,19099,159361,941428,663,1,0,7,2,364816,48,Vehicle,44845.67,42.59,0.678,5312.67,Approved,1
APP_01046,Spencer Schwartz,25,High School,Business Owner,4,2,Married,1202429,33266,4,45091,58589,3419801,635,1,0,3,0,488809,120,Business,100202.42,45.0,0.407,21845.42,Approved,1
APP_01047,Monica Glover,32,High School,Self-Employed,4,4,Married,912797,29567,3,24843,86378,2704899,738,13,0,8,3,844063,120,Vehicle,76066.42,32.66,0.925,21656.42,Approved,0
APP_01048,Manuel Hayes,37,Graduate,Salaried,14,3,Married,493988,8918,4,18524,205754,1153489,692,2,1,4,2,481366,12,Education,41165.67,45.0,0.974,13723.67,Rejected,1
APP_01049,Erika Orozco,56,Diploma,Self-Employed,17,1,Married,916765,31609,2,19063,335097,3390639,669,4,0,2,4,889223,120,Personal,76397.08,24.95,0.97,25725.08,Rejected,0
APP_01050,Martin Anderson,43,Graduate,Salaried,1,1,Single,898464,33138,3,25325,279153,840246,691,5,0,7,1,1055646,48,Personal,74872.0,33.82,1.175,16409.0,Approved,0
APP_01051,Elizabeth Phelps,30,Postgraduate,Self-Employed,2,4,Married,1041137,41014,0,0,250832,2128856,670,8,1,4,0,333782,48,Education,86761.42,0.0,0.321,45747.42,Rejected,0
APP_01052,Maria Wallace,25,High School,Salaried,0,4,Single,544277,21374,2,13887,210788,632244,709,7,0,1,0,842030,60,Vehicle,45356.42,30.62,1.547,10095.42,Approved,1
APP_01053,Erica Moody,31,High School,Salaried,1,2,Single,656086,21566,1,13179,88095,2883396,623,13,1,3,2,439943,60,Home,54673.83,24.1,0.671,19928.83,Rejected,1
APP_01054,Mr. Christopher Love,58,Graduate,Business Owner,8,2,Married,219759,9070,2,8240,53119,527842,697,18,0,3,1,162331,84,Business,18313.25,44.99,0.739,1003.25,Approved,0
APP_01055,Patricia Turner,57,Graduate,Business Owner,18,0,Single,758058,15268,2,28427,298499,3086066,741,25,0,6,1,920056,12,Education,63171.5,45.0,1.214,19476.5,Approved,0
APP_01056,Daniel Smith,38,Graduate,Salaried,10,3,Married,499701,21362,4,18738,253403,732712,547,18,0,7,6,601322,12,Education,41641.75,45.0,1.203,1541.75,Rejected,1
APP_01057,Carol Hernandez DDS,39,Graduate,Salaried,10,4,Married,641855,27752,4,24069,275038,2057614,717,11,0,8,1,321072,12,Business,53487.92,45.0,0.5,1666.92,Approved,0
APP_01058,Kenneth Willis,43,Postgraduate,Business Owner,11,3,Single,1208951,32455,0,0,283187,3556907,759,10,0,3,0,594559,24,Home,100745.92,0.0,0.492,68290.92,Approved,0
APP_01059,Susan Estrada,62,Graduate,Self-Employed,22,1,Married,667728,17459,1,8254,119257,1847864,780,18,0,6,2,563545,84,Business,55644.0,14.83,0.844,29931.0,Approved,0
APP_01060,Miguel Jones,43,Graduate,Business Owner,14,2,Single,237901,5719,0,0,29298,752747,698,8,0,2,0,317730,60,Vehicle,19825.08,0.0,1.336,14106.08,Approved,0
APP_01061,Dawn Williams,60,Postgraduate,Salaried,22,3,Single,638178,18075,4,23931,92649,1230953,522,22,1,2,1,704537,60,Business,53181.5,45.0,1.104,11175.5,Rejected,1
APP_01062,Ruth Martinez,26,Graduate,Salaried,6,2,Married,836245,25930,2,28171,360995,1060192,707,4,0,1,0,324509,24,Business,69687.08,40.42,0.388,15586.08,Approved,0
APP_01063,Donald Payne,30,Graduate,Salaried,10,2,Married,840872,19395,0,0,44326,1584241,780,12,0,1,0,623387,60,Education,70072.67,0.0,0.741,50677.67,Approved,0
APP_01064,Seth Rocha,29,Diploma,Contract,3,0,Married,516953,14504,2,19385,163502,758170,717,6,0,8,0,756550,36,Personal,43079.42,45.0,1.463,9190.42,Approved,1
APP_01065,Curtis Harrison,50,Graduate,Salaried,11,1,Married,742572,15407,2,17910,128859,2373051,636,16,1,3,5,576177,36,Education,61881.0,28.94,0.776,28564.0,Rejected,1
APP_01066,Hunter Hartman,47,Graduate,Contract,18,2,Single,330622,5880,1,10086,83964,583732,654,7,0,5,0,501898,120,Medical,27551.83,36.61,1.518,11585.83,Rejected,0
APP_01067,Michael Stuart,40,Graduate,Salaried,19,4,Single,621972,14634,0,0,106309,1398413,789,14,0,1,0,233127,84,Business,51831.0,0.0,0.375,37197.0,Approved,0
APP_01068,Kevin Kane,61,Postgraduate,Self-Employed,20,1,Married,948816,19033,0,0,93760,2096530,743,1,0,7,0,1247507,60,Home,79068.0,0.0,1.315,60035.0,Rejected,0
APP_01069,Kristina Brooks,34,Graduate,Salaried,13,4,Single,418478,10279,1,14496,40094,991063,665,15,0,4,2,573015,48,Home,34873.17,41.57,1.369,10098.17,Rejected,1
APP_01070,Jeffrey Simmons,37,High School,Self-Employed,11,0,Single,180000,7285,1,6750,93872,320108,694,9,1,5,0,123348,12,Personal,15000.0,45.0,0.685,965.0,Rejected,1
APP_01071,Shelley Clements,44,High School,Self-Employed,1,1,Single,833396,21861,2,23848,135278,3146414,621,18,0,5,5,815681,120,Vehicle,69449.67,34.34,0.979,23740.67,Rejected,1
APP_01072,Connor Reid,49,Graduate,Self-Employed,6,4,Married,706172,23099,4,26481,195227,1865548,667,20,0,3,0,1095339,36,Personal,58847.67,45.0,1.551,9267.67,Rejected,1
APP_01073,Rick Martin,30,Graduate,Business Owner,7,4,Married,1040248,24904,3,31226,370351,318388,737,6,0,5,1,811764,24,Vehicle,86687.33,36.02,0.78,30557.33,Approved,0
APP_01074,Debra Horton,52,Graduate,Self-Employed,15,2,Married,548108,11906,3,20554,108259,1986139,787,5,0,4,0,734838,84,Personal,45675.67,45.0,1.341,13215.67,Approved,0
APP_01075,Paula Waller,30,Postgraduate,Salaried,9,3,Married,698123,16885,2,21029,151294,1377891,722,8,1,6,0,785196,120,Education,58176.92,36.15,1.125,20262.92,Rejected,1
APP_01076,Michael Anderson,40,Postgraduate,Salaried,12,3,Single,1335209,40806,1,12290,458778,2672690,676,4,0,6,0,2183661,60,Business,111267.42,11.05,1.635,58171.42,Approved,0
APP_01077,Jennifer Gonzalez,56,High School,Salaried,31,1,Married,676270,14134,1,9738,191021,2905313,628,15,1,2,4,665747,48,Vehicle,56355.83,17.28,0.984,32483.83,Rejected,1
APP_01078,Miranda Beard,64,Graduate,Contract,17,4,Married,443959,18788,3,16648,211142,1170527,732,8,0,7,1,457254,24,Vehicle,36996.58,45.0,1.03,1560.58,Approved,1
APP_01079,Bradley Haney,42,Diploma,Self-Employed,6,3,Married,920446,40095,4,34516,531568,2640687,648,20,1,8,2,1316924,36,Personal,76703.83,45.0,1.431,2092.83,Rejected,1
APP_01080,Rachel Anderson,65,High School,Salaried,6,1,Single,777700,18457,0,0,405593,869953,739,25,0,3,0,1141766,120,Education,64808.33,0.0,1.468,46351.33,Approved,0
APP_01081,Adam Wood,57,Postgraduate,Self-Employed,4,4,Married,1018875,27391,0,0,324239,2072858,740,23,0,5,1,624143,60,Personal,84906.25,0.0,0.613,57515.25,Approved,0
APP_01082,Stephanie Hampton,44,High School,Salaried,4,3,Single,888594,40562,0,0,343196,2657124,689,10,0,5,4,908400,84,Home,74049.5,0.0,1.022,33487.5,Approved,0
APP_01083,Matthew Guerrero,39,Postgraduate,Salaried,9,1,Single,476223,15037,2,17858,212558,1005384,625,8,0,7,0,745253,12,Business,39685.25,45.0,1.565,6790.25,Rejected,1
APP_01084,Henry Hines,42,Postgraduate,Self-Employed,10,4,Married,659838,28152,4,24743,154856,1512992,557,8,0,2,4,707507,120,Education,54986.5,45.0,1.072,2091.5,Rejected,1
APP_01085,Robert Turner,38,Diploma,Salaried,3,2,Married,747495,29993,1,6481,77871,3092390,749,17,0,1,0,987577,24,Business,62291.25,10.4,1.321,25817.25,Approved,0
APP_01086,Lisa Estes,22,Graduate,Salaried,1,1,Married,408025,10393,0,0,113157,1364215,664,1,0,7,0,240080,24,Business,34002.08,0.0,0.588,23609.08,Approved,0
APP_01087,Belinda Smith,26,Graduate,Salaried,3,2,Single,629688,26872,4,23613,67525,1158149,765,1,0,6,0,244672,120,Personal,52474.0,45.0,0.389,1989.0,Approved,0
APP_01088,Melissa Harrington,22,Graduate,Salaried,0,0,Married,573546,21864,3,21507,143794,2344959,768,4,0,3,1,333968,60,Personal,47795.5,45.0,0.582,4424.5,Approved,0
APP_01089,Alexis Wood,25,Graduate,Business Owner,3,2,Single,971929,19911,1,3983,357033,1365579,644,1,0,3,5,1112187,60,Home,80994.08,4.92,1.144,57100.08,Rejected,1
APP_01090,Dominique Davies,61,High School,Self-Employed,25,0,Married,1144680,40665,4,42925,315617,2925274,720,8,0,3,0,1770765,12,Vehicle,95390.0,45.0,1.547,11800.0,Approved,1
APP_01091,Paul Ewing,49,Graduate,Salaried,28,2,Married,690115,15219,3,25361,260439,2204969,702,24,1,5,2,759542,84,Medical,57509.58,44.1,1.101,16929.58,Rejected,1
APP_01092,Andrew Thompson,54,Graduate,Business Owner,28,0,Single,180000,6515,0,0,10000,349729,641,11,1,7,6,172249,24,Business,15000.0,0.0,0.957,8485.0,Rejected,1
APP_01093,Jonathan Edwards,32,Graduate,Salaried,8,0,Single,589648,17784,0,0,64666,1251246,677,3,0,6,1,409220,120,Home,49137.33,0.0,0.694,31353.33,Approved,0
APP_01094,Sean Oconnor,52,Diploma,Self-Employed,22,1,Single,1091217,26269,3,40920,266527,3425448,641,21,1,7,0,1269942,84,Personal,90934.75,45.0,1.164,23745.75,Rejected,1
APP_01095,Wendy Davis,58,Graduate,Salaried,31,0,Single,486187,20687,1,6793,90820,1370012,850,2,0,2,1,584822,24,Personal,40515.58,16.77,1.203,13035.58,Approved,1
APP_01096,Theresa Lawson,45,Graduate,Salaried,5,3,Married,497789,17063,1,9991,212561,517448,690,13,0,5,0,647982,84,Vehicle,41482.42,24.08,1.302,14428.42,Approved,0
APP_01097,Mark Morgan MD,34,Graduate,Self-Employed,5,2,Married,786585,27492,3,20271,353650,1518423,767,11,0,3,0,568071,84,Personal,65548.75,30.93,0.722,17785.75,Approved,0
APP_01098,Mrs. Julie Rush,26,Postgraduate,Salaried,5,4,Single,927464,19098,1,5390,10000,2200173,705,7,0,5,1,366259,120,Personal,77288.67,6.97,0.395,52800.67,Approved,0
APP_01099,Carol Robles,46,Diploma,Salaried,7,2,Single,314468,12341,2,11792,156251,590548,731,23,0,2,0,132686,24,Personal,26205.67,45.0,0.422,2072.67,Approved,0
APP_01100,Brandon Fox,44,Graduate,Self-Employed,12,3,Married,789130,20797,0,0,103439,1857728,752,2,1,8,0,1084201,120,Personal,65760.83,0.0,1.374,44963.83,Approved,0
APP_01101,Jill Rose,52,Graduate,Self-Employed,22,4,Married,693377,27339,0,0,96038,2211756,767,7,0,6,0,547760,12,Medical,57781.42,0.0,0.79,30442.42,Approved,0
APP_01102,Vicki Graham,39,Diploma,Self-Employed,18,4,Single,513066,8938,0,0,124735,1196554,629,8,0,7,0,631749,24,Business,42755.5,0.0,1.231,33817.5,Approved,0
APP_01103,Jeffery Morgan,64,Graduate,Self-Employed,0,2,Single,822441,36588,4,30841,147185,2249022,732,14,0,2,2,1192541,120,Vehicle,68536.75,45.0,1.45,1107.75,Rejected,1
APP_01104,Melissa Rosario MD,49,Diploma,Salaried,6,4,Married,956666,42739,0,0,81703,1425682,750,24,0,3,1,671049,24,Home,79722.17,0.0,0.701,36983.17,Approved,0
APP_01105,Deborah Baker,21,High School,Salaried,0,2,Single,688420,30378,0,0,387566,1763252,545,2,0,4,5,346049,48,Personal,57368.33,0.0,0.503,26990.33,Rejected,1
APP_01106,Vanessa Gutierrez,53,High School,Self-Employed,20,1,Single,1287454,44369,3,24697,429912,1515609,710,12,0,5,3,1950978,60,Personal,107287.83,23.02,1.515,38221.83,Rejected,0
APP_01107,Jenna Roberts,33,Graduate,Business Owner,7,3,Married,990376,31625,2,25022,225718,2598715,773,15,0,3,0,985888,60,Personal,82531.33,30.32,0.995,25884.33,Approved,0
APP_01108,Erik Wilkinson,55,Diploma,Self-Employed,26,3,Married,1107656,20367,4,41537,230210,3815027,704,16,0,2,0,732771,24,Personal,92304.67,45.0,0.662,30400.67,Rejected,0
APP_01109,Michael Mcknight,25,High School,Business Owner,0,4,Married,1276669,33131,3,40547,315407,4351980,729,1,0,5,1,1012309,60,Personal,106389.08,38.11,0.793,32711.08,Approved,0
APP_01110,Jason Sharp,60,High School,Salaried,15,3,Married,584927,19656,2,12119,206434,2876841,667,3,1,3,1,459418,48,Personal,48743.92,24.86,0.785,16968.92,Rejected,0
APP_01111,Patricia Jordan,36,Graduate,Self-Employed,12,0,Married,875853,17051,4,32844,223221,2816041,576,9,0,8,6,670061,48,Medical,72987.75,45.0,0.765,23092.75,Rejected,1
APP_01112,Roy Browning,39,Graduate,Self-Employed,12,1,Married,856657,32223,0,0,578710,250840,742,6,0,6,2,50000,84,Personal,71388.08,0.0,0.058,39165.08,Approved,0
APP_01113,Paula Allen,24,Graduate,Self-Employed,3,4,Single,580442,25586,4,21766,39729,1827585,702,1,1,8,1,737631,48,Personal,48370.17,45.0,1.271,1018.17,Rejected,1
APP_01114,Jason Miller,46,Graduate,Self-Employed,14,0,Single,890064,31350,3,33377,198585,1652879,685,8,0,3,0,856689,84,Personal,74172.0,45.0,0.963,9445.0,Rejected,1
APP_01115,Katrina Mcfarland,25,Graduate,Business Owner,3,2,Married,636041,19764,1,4496,328076,2480674,669,3,0,4,2,131152,60,Home,53003.42,8.48,0.206,28743.42,Approved,1
APP_01116,Christian Estes,48,Diploma,Contract,22,2,Married,180000,4175,3,6750,44945,354671,651,1,0,8,0,145355,36,Home,15000.0,45.0,0.808,4075.0,Approved,0
APP_01117,Tammy Whitehead,45,Graduate,Salaried,11,2,Married,642499,12289,0,0,198047,1898714,583,23,0,2,2,725456,24,Personal,53541.58,0.0,1.129,41252.58,Rejected,0
APP_01118,Ashley Baker,41,Graduate,Contract,3,0,Single,321337,5586,4,12050,143509,380890,635,16,0,1,4,367621,24,Personal,26778.08,45.0,1.144,9142.08,Rejected,1
APP_01119,Sarah Lee,51,High School,Self-Employed,13,0,Single,1004172,20800,3,26250,32028,2585432,618,20,0,6,2,978030,84,Education,83681.0,31.37,0.974,36631.0,Approved,0
APP_01120,Andrew Nguyen,34,Diploma,Business Owner,12,4,Single,1138957,37138,1,8176,512179,3055494,658,2,0,6,3,551416,84,Personal,94913.08,8.61,0.484,49599.08,Approved,0
APP_01121,Guy Myers,53,Graduate,Self-Employed,24,4,Married,745795,28152,1,15191,376573,2071701,850,14,0,5,1,1172170,84,Personal,62149.58,24.44,1.572,18806.58,Approved,0
APP_01122,William Freeman,53,Diploma,Salaried,13,3,Married,841167,26207,1,5281,289390,1582531,712,8,0,3,2,423746,36,Personal,70097.25,7.53,0.504,38609.25,Approved,0
APP_01123,Andrea Fields,42,Diploma,Salaried,20,1,Married,747542,16162,2,25557,182931,2659675,713,6,0,8,2,680656,36,Personal,62295.17,41.03,0.911,20576.17,Approved,0
APP_01124,Bruce Moreno,50,Graduate,Salaried,5,0,Single,885430,35445,2,25964,193793,1983958,649,23,1,6,4,1123887,12,Business,73785.83,35.19,1.269,12376.83,Rejected,1
APP_01125,Joseph Ortiz,47,Diploma,Salaried,4,3,Married,652983,13037,4,24486,207611,146466,712,9,0,7,3,415433,84,Vehicle,54415.25,45.0,0.636,16892.25,Approved,1
APP_01126,Katherine Garcia,52,Graduate,Self-Employed,9,0,Single,621912,15475,1,15103,55949,957988,750,2,0,6,0,944580,84,Home,51826.0,29.14,1.519,21248.0,Approved,0
APP_01127,Dylan Lewis,44,Graduate,Self-Employed,21,3,Single,960369,27469,2,28914,353345,2478935,759,8,0,3,0,1065464,60,Personal,80030.75,36.13,1.109,23647.75,Approved,0
APP_01128,Heather Wilson,32,High School,Self-Employed,6,4,Married,851583,20940,0,0,251453,2050194,834,8,0,6,0,1033791,36,Personal,70965.25,0.0,1.214,50025.25,Approved,0
APP_01129,Victoria Valdez,47,Diploma,Self-Employed,11,4,Married,514714,17831,3,19301,219354,1732771,661,23,0,3,4,648438,84,Personal,42892.83,45.0,1.26,5760.83,Rejected,1
APP_01130,Heather Chapman,44,Graduate,Business Owner,7,3,Married,669280,22823,3,25098,231257,1350912,747,7,0,8,0,834701,24,Vehicle,55773.33,45.0,1.247,7852.33,Approved,0
APP_01131,Craig Moore,65,Graduate,Self-Employed,11,2,Married,969829,16786,4,28998,197905,2791403,613,12,0,8,6,932939,12,Personal,80819.08,35.88,0.962,35035.08,Rejected,1
APP_01132,Brandi Stevens,34,Diploma,Salaried,6,4,Married,527425,21321,4,19778,84480,1960526,772,11,0,1,0,506876,36,Vehicle,43952.08,45.0,0.961,2853.08,Approved,0
APP_01133,Joshua Harrison,53,Graduate,Self-Employed,18,3,Married,788195,14733,1,4801,425850,2713503,781,18,0,4,0,399510,36,Personal,65682.92,7.31,0.507,46148.92,Approved,0
APP_01134,Jennifer Kidd,30,Postgraduate,Salaried,1,1,Single,685319,15860,0,0,171069,1749042,689,3,0,8,1,589999,36,Home,57109.92,0.0,0.861,41249.92,Rejected,0
APP_01135,Ashley Stephens,29,Diploma,Contract,8,1,Married,376655,15561,1,4828,216985,427482,826,6,0,7,1,226269,120,Home,31387.92,15.38,0.601,10998.92,Approved,0
APP_01136,Zachary Palmer,40,Graduate,Salaried,6,1,Married,797971,16308,1,8506,192362,2053052,566,5,1,3,3,893736,120,Home,66497.58,12.79,1.12,41683.58,Rejected,1
APP_01137,Kristy Calhoun,30,Postgraduate,Salaried,3,3,Married,498462,22108,0,0,117840,1611980,609,12,1,4,1,174722,120,Home,41538.5,0.0,0.351,19430.5,Rejected,1
APP_01138,Katherine Jenkins,58,Postgraduate,Salaried,33,1,Single,500486,16222,1,11922,233969,1374135,715,11,0,4,2,50000,120,Education,41707.17,28.59,0.1,13563.17,Approved,0
APP_01139,Michelle Burton,30,Postgraduate,Contract,0,1,Single,328123,9582,0,0,101468,1036938,660,12,0,7,3,278674,120,Vehicle,27343.58,0.0,0.849,17761.58,Approved,0
APP_01140,David Martin,50,High School,Contract,22,1,Single,819774,22513,3,22562,360083,2193275,655,5,0,5,0,594863,48,Personal,68314.5,33.03,0.726,23239.5,Approved,0
APP_01141,Kayla Reeves,57,Graduate,Salaried,27,1,Single,317467,11739,0,0,84449,1225689,718,19,0,4,0,143799,60,Vehicle,26455.58,0.0,0.453,14716.58,Approved,0
APP_01142,Alice Brown,22,Graduate,Salaried,1,2,Single,600346,24414,2,22512,186606,2097410,725,4,0,4,1,297695,120,Personal,50028.83,45.0,0.496,3102.83,Approved,1
APP_01143,Michael Bryan PhD,31,Postgraduate,Salaried,7,1,Married,462887,20644,1,9934,88565,1999036,638,7,0,5,1,601251,48,Personal,38573.92,25.75,1.299,7995.92,Rejected,1
APP_01144,Robert Singleton,53,Graduate,Self-Employed,4,1,Married,785140,17899,1,11417,310265,2537731,632,10,1,6,1,896859,12,Home,65428.33,17.45,1.142,36112.33,Rejected,1
APP_01145,Brittany Jones,40,Diploma,Business Owner,8,3,Married,313284,7819,2,11748,98089,0,770,21,0,6,0,187985,12,Education,26107.0,45.0,0.6,6540.0,Approved,0
APP_01146,Victoria Hardy,22,Postgraduate,Salaried,2,4,Married,711820,25797,4,17895,89057,1290190,664,4,0,3,0,607730,12,Personal,59318.33,30.17,0.854,15626.33,Approved,0
APP_01147,Heidi Nelson,61,Diploma,Business Owner,2,3,Single,1075172,38073,4,35137,463714,3378620,572,8,1,7,2,1084511,60,Vehicle,89597.67,39.22,1.009,16387.67,Rejected,1
APP_01148,Shawn Franklin,58,High School,Salaried,1,4,Married,757552,30566,1,9860,358438,2945430,680,4,0,4,3,630270,12,Vehicle,63129.33,15.62,0.832,22703.33,Rejected,0
APP_01149,Leah Rodriguez,49,Postgraduate,Business Owner,3,4,Married,284678,8824,0,0,53263,605794,590,14,0,2,5,378990,12,Home,23723.17,0.0,1.331,14899.17,Rejected,1
APP_01150,Tiffany Lucas,53,Postgraduate,Salaried,12,3,Single,559216,24014,1,9355,65021,766272,665,8,0,6,1,354738,48,Personal,46601.33,20.07,0.634,13232.33,Approved,0
APP_01151,Nathan Mcdonald,62,Graduate,Business Owner,24,2,Single,574693,14225,4,21550,147914,568160,645,13,0,6,2,361721,120,Home,47891.08,45.0,0.629,12116.08,Approved,0
APP_01152,Michael Brooks,22,Graduate,Salaried,0,3,Married,741554,13607,3,27808,220033,3291715,530,2,1,8,6,272427,24,Vehicle,61796.17,45.0,0.367,20381.17,Rejected,1
APP_01153,Heather Hernandez,22,Graduate,Salaried,1,1,Married,594848,20231,4,22306,191712,1149884,734,4,0,6,2,566607,60,Education,49570.67,45.0,0.953,7033.67,Approved,1
APP_01154,David Huang,65,Postgraduate,Self-Employed,21,4,Married,1093090,38759,0,0,479041,2788655,718,20,0,3,0,1210329,24,Personal,91090.83,0.0,1.107,52331.83,Approved,0
APP_01155,Mr. William Watson MD,25,Postgraduate,Salaried,2,4,Single,897376,22183,3,18968,295162,1984938,772,7,0,7,0,1434962,36,Vehicle,74781.33,25.36,1.599,33630.33,Rejected,0
APP_01156,Paul Morales,41,Graduate,Salaried,15,3,Single,674699,23539,4,25301,155403,2746289,697,13,0,4,0,370819,60,Personal,56224.92,45.0,0.55,7384.92,Rejected,1
APP_01157,Daniel Chambers,36,Graduate,Salaried,16,3,Married,714448,13642,4,26791,70545,1786528,713,12,0,6,1,717601,24,Home,59537.33,45.0,1.004,19104.33,Approved,0
APP_01158,Mary Cain,24,Graduate,Self-Employed,3,2,Married,1105359,20768,3,34064,445959,2857321,701,5,0,6,2,954069,48,Business,92113.25,36.98,0.863,37281.25,Approved,0
APP_01159,Rebecca Conway,29,Postgraduate,Salaried,1,1,Single,659493,24180,0,0,189706,2106795,657,2,0,3,2,637470,36,Business,54957.75,0.0,0.967,30777.75,Approved,0
APP_01160,James Parker,41,Graduate,Business Owner,17,1,Married,475368,13387,1,12239,254622,2574147,636,22,0,1,3,548927,60,Vehicle,39614.0,30.9,1.155,13988.0,Rejected,0
APP_01161,Deborah Cunningham,39,Graduate,Salaried,6,3,Single,595252,24464,2,15021,134968,1101295,740,18,0,3,0,422021,60,Medical,49604.33,30.28,0.709,10119.33,Approved,0
APP_01162,David Zuniga,57,Graduate,Contract,25,4,Single,525463,10958,0,0,132344,1009498,568,13,0,6,1,515127,12,Education,43788.58,0.0,0.98,32830.58,Approved,1
APP_01163,Justin Williams,54,Graduate,Salaried,31,2,Married,727546,19785,2,27282,57220,1557996,658,13,0,7,2,797469,36,Home,60628.83,45.0,1.096,13561.83,Rejected,1
APP_01164,Natasha Jones,52,Graduate,Contract,12,4,Single,580844,25763,2,11576,79847,485479,761,18,0,1,0,766398,36,Vehicle,48403.67,23.92,1.319,11064.67,Approved,0
APP_01165,Dillon White,35,Graduate,Contract,5,1,Married,543418,18542,4,20378,239068,997404,725,12,1,4,1,611171,12,Personal,45284.83,45.0,1.125,6364.83,Rejected,1
APP_01166,Valerie Davis,61,Graduate,Salaried,29,3,Married,580840,13140,4,21781,187606,336109,711,24,0,7,2,733099,48,Vehicle,48403.33,45.0,1.262,13482.33,Rejected,1
APP_01167,Marvin Simmons,30,Diploma,Salaried,8,1,Married,826145,33017,0,0,521900,563544,811,3,0,4,2,627978,24,Vehicle,68845.42,0.0,0.76,35828.42,Approved,0
APP_01168,Victoria Davis,56,Diploma,Salaried,19,1,Married,1155911,35452,0,0,528028,3040596,766,19,0,1,0,1479710,36,Education,96325.92,0.0,1.28,60873.92,Approved,0
APP_01169,Dr. Rhonda Andrade,29,Graduate,Self-Employed,3,3,Married,650187,22532,2,24382,255015,1124637,692,2,0,6,3,530822,60,Home,54182.25,45.0,0.816,7268.25,Rejected,1
APP_01170,Christopher Morgan,44,Graduate,Contract,2,3,Single,396283,8775,2,14860,245285,943074,671,17,0,3,2,416459,120,Home,33023.58,45.0,1.051,9388.58,Rejected,0
APP_01171,Dustin Tapia,33,Diploma,Business Owner,2,1,Married,1174878,43165,4,44057,284507,2750506,587,10,0,7,3,1274249,36,Personal,97906.5,45.0,1.085,10684.5,Rejected,1
APP_01172,Rebecca Shields DVM,49,Diploma,Salaried,20,0,Married,547314,9636,1,9069,226569,1571127,652,19,0,5,0,569697,60,Vehicle,45609.5,19.88,1.041,26904.5,Approved,0
APP_01173,Jennifer Lee,46,Postgraduate,Self-Employed,3,2,Married,739732,12375,0,0,457986,3477650,758,2,0,2,1,683545,36,Personal,61644.33,0.0,0.924,49269.33,Approved,0
APP_01174,Yolanda Barnes,34,Postgraduate,Business Owner,10,3,Married,846711,21963,0,0,209477,2564073,711,11,0,3,2,706606,60,Business,70559.25,0.0,0.835,48596.25,Approved,0
APP_01175,James Bryant,30,High School,Salaried,4,2,Single,567657,9992,1,3318,104106,1097954,664,9,0,2,2,549470,84,Home,47304.75,7.01,0.968,33994.75,Approved,0
APP_01176,Betty Hester,58,Graduate,Business Owner,18,0,Single,1815404,64188,2,9589,518710,6786494,843,20,0,3,0,679734,24,Home,151283.67,6.34,0.374,77506.67,Approved,0
APP_01177,Andrew Gonzalez,47,High School,Salaried,15,0,Married,510691,12791,1,12280,285131,1200385,762,17,0,7,0,402127,120,Home,42557.58,28.86,0.787,17486.58,Approved,0
APP_01178,Brian Davis,58,Graduate,Self-Employed,32,0,Married,493741,14921,3,18515,126224,1423735,762,22,0,1,1,605020,48,Home,41145.08,45.0,1.225,7709.08,Approved,0
APP_01179,Joseph Ross,24,Postgraduate,Contract,3,1,Single,661997,13643,3,24824,80208,2153920,763,3,0,7,0,814720,12,Business,55166.42,45.0,1.231,16699.42,Approved,0
APP_01180,Juan Williams,45,High School,Salaried,19,4,Single,668145,20895,3,25055,125526,1781642,708,9,1,4,0,626033,48,Personal,55678.75,45.0,0.937,9728.75,Rejected,0
APP_01181,Jordan Rice,23,Graduate,Salaried,0,0,Single,536060,16645,4,20102,236691,1107703,520,4,0,6,1,641542,84,Personal,44671.67,45.0,1.197,7924.67,Rejected,1
APP_01182,John Thompson,21,Graduate,Self-Employed,1,3,Single,538372,18735,3,20188,165649,1264857,680,1,0,4,0,371336,48,Vehicle,44864.33,45.0,0.69,5941.33,Approved,1
APP_01183,Jessica Davis,51,Graduate,Contract,18,3,Married,711240,12439,1,8175,71422,1495000,691,7,0,6,1,760457,36,Business,59270.0,13.79,1.069,38656.0,Approved,1
APP_01184,Andrea Valdez,38,Graduate,Salaried,5,3,Married,938278,26142,3,17580,381606,1889676,794,14,0,7,0,1053716,84,Personal,78189.83,22.48,1.123,34467.83,Approved,1
APP_01185,Jennifer Roberts,51,Postgraduate,Salaried,26,3,Married,361906,9828,2,13571,10000,1127724,525,21,1,1,0,339089,12,Personal,30158.83,45.0,0.937,6759.83,Rejected,1
APP_01186,Mark Jones,45,Graduate,Salaried,7,0,Married,946482,33840,2,28810,269480,1494470,637,3,0,4,3,803246,24,Home,78873.5,36.53,0.849,16223.5,Rejected,1
APP_01187,Terry Scott,36,Diploma,Salaried,15,2,Single,671037,22164,4,25163,180633,961125,719,8,0,5,3,700022,120,Education,55919.75,45.0,1.043,8592.75,Rejected,0
APP_01188,Victor Payne,33,Postgraduate,Salaried,6,1,Married,449266,15662,1,9054,63743,198269,817,5,0,7,0,98890,120,Business,37438.83,24.18,0.22,12722.83,Approved,0
APP_01189,Jesus Ross,41,High School,Business Owner,18,2,Single,1496734,40581,1,7079,251912,6412616,700,2,0,4,0,1017384,48,Business,124727.83,5.68,0.68,77067.83,Approved,0
APP_01190,Melissa Taylor,40,Graduate,Self-Employed,16,4,Married,511618,12210,0,0,242336,1156960,729,20,1,8,0,574329,36,Vehicle,42634.83,0.0,1.123,30424.83,Rejected,0
APP_01191,Patrick Lucas,28,Diploma,Salaried,2,3,Single,871056,28186,3,30778,125248,2234244,687,5,0,1,1,1007838,84,Vehicle,72588.0,42.4,1.157,13624.0,Rejected,1
APP_01192,Dorothy Foster,33,Graduate,Salaried,7,0,Married,715752,20959,4,23331,209244,3148725,630,1,1,7,2,765498,12,Education,59646.0,39.12,1.07,15356.0,Rejected,1
APP_01193,Joseph Glover,54,High School,Contract,6,2,Married,624613,12240,3,16534,238192,671417,594,13,1,7,2,990481,12,Medical,52051.08,31.76,1.586,23277.08,Rejected,1
APP_01194,Michael Wilson,31,Graduate,Self-Employed,1,4,Married,976885,26711,4,36633,217031,3462018,628,1,0,5,5,534975,12,Home,81407.08,45.0,0.548,18063.08,Rejected,1
APP_01195,Katie Hernandez,63,Graduate,Self-Employed,7,1,Married,1252160,33317,2,24936,454472,3581415,571,8,0,5,1,825389,60,Business,104346.67,23.9,0.659,46093.67,Rejected,1
APP_01196,Darrell Cherry,54,Graduate,Business Owner,15,4,Married,1257717,31330,1,7090,152976,3688841,677,11,0,5,0,921992,60,Vehicle,104809.75,6.76,0.733,66389.75,Approved,0
APP_01197,Robert Tate,50,Graduate,Salaried,10,2,Married,921110,18361,3,33230,96236,2403208,736,22,0,8,4,1198076,36,Medical,76759.17,43.29,1.301,25168.17,Approved,1
APP_01198,Tracy Perez,44,High School,Salaried,21,1,Single,246314,9519,4,9236,115119,880110,716,17,1,7,0,130451,84,Personal,20526.17,45.0,0.53,1771.17,Rejected,1
APP_01199,Andrew Gilbert,29,Graduate,Contract,2,0,Single,403922,16614,0,0,146616,1368173,777,5,0,4,0,213881,12,Home,33660.17,0.0,0.53,17046.17,Approved,0
APP_01200,Eric Pennington,54,Graduate,Contract,10,2,Married,592256,20799,1,4043,47419,1546069,729,6,1,4,0,959356,24,Education,49354.67,8.19,1.62,24512.67,Approved,1
APP_01201,Mary Bennett,47,Graduate,Business Owner,23,4,Married,1381557,44003,4,36778,675786,3358104,738,6,0,1,3,1440874,120,Personal,115129.75,31.94,1.043,34348.75,Approved,0
APP_01202,William Hunt,41,Graduate,Self-Employed,13,1,Married,180000,8077,4,6750,82963,518278,670,20,0,5,1,163561,36,Education,15000.0,45.0,0.909,173.0,Rejected,1
APP_01203,Sabrina Hancock,31,High School,Salaried,2,2,Married,714595,12414,2,26797,277582,2113098,664,7,0,2,0,535232,48,Personal,59549.58,45.0,0.749,20338.58,Approved,0
APP_01204,Matthew Gonzalez,21,Graduate,Salaried,1,4,Single,504570,14435,0,0,102848,507259,594,1,0,5,2,292950,84,Business,42047.5,0.0,0.581,27612.5,Approved,1
APP_01205,Kimberly Garcia,47,Graduate,Salaried,5,3,Single,416230,8368,2,11187,23842,767451,806,6,0,1,0,270208,120,Vehicle,34685.83,32.25,0.649,15130.83,Approved,0
APP_01206,David Joseph,42,Diploma,Salaried,5,4,Single,668008,18128,2,8522,173761,2324372,693,21,0,7,1,592779,24,Home,55667.33,15.31,0.887,29017.33,Approved,0
APP_01207,Eric Bennett,40,Graduate,Self-Employed,5,2,Married,748093,19770,3,28053,132777,2179414,683,15,0,5,1,360775,36,Home,62341.08,45.0,0.482,14518.08,Rejected,0
APP_01208,Hayley Peters,47,Graduate,Self-Employed,15,2,Single,997287,18594,1,11932,216316,1697122,681,24,0,2,0,1202678,60,Medical,83107.25,14.36,1.206,52581.25,Approved,0
APP_01209,Dawn Sherman,30,Graduate,Business Owner,9,0,Married,692186,18027,2,16375,203295,2346144,767,6,0,1,1,768439,60,Education,57682.17,28.39,1.11,23280.17,Approved,0
APP_01210,Walter Coleman,42,High School,Salaried,11,3,Married,448632,10811,4,16823,121293,1318767,722,9,0,3,0,592425,36,Vehicle,37386.0,45.0,1.321,9752.0,Rejected,0
APP_01211,Yvette Colon,51,Graduate,Business Owner,4,4,Single,873178,29034,4,32744,166211,1632238,839,6,0,5,0,693014,60,Personal,72764.83,45.0,0.794,10986.83,Rejected,0
APP_01212,Jennifer Gordon,58,Graduate,Salaried,26,0,Married,386184,11272,2,14481,10000,1071751,738,19,0,4,1,484308,84,Home,32182.0,45.0,1.254,6429.0,Approved,0
APP_01213,Ryan Garcia,44,Postgraduate,Salaried,9,4,Married,608875,27599,2,22832,246723,1523719,709,16,0,2,1,704174,36,Personal,50739.58,45.0,1.157,308.58,Approved,0
APP_01214,Sarah Green,36,High School,Self-Employed,1,0,Married,580797,15128,3,21779,130389,350411,685,15,0,2,3,549618,48,Medical,48399.75,45.0,0.946,11492.75,Approved,1
APP_01215,Brittany Nelson,41,Graduate,Salaried,1,2,Married,949930,37227,2,27579,448120,2048499,662,15,0,8,0,1236930,84,Home,79160.83,34.84,1.302,14354.83,Rejected,1
APP_01216,Suzanne Lindsey,53,Diploma,Salaried,4,4,Married,410738,17498,2,15402,122766,1361120,632,9,1,2,2,431950,24,Business,34228.17,45.0,1.052,1328.17,Rejected,1
APP_01217,Thomas Archer,25,Postgraduate,Business Owner,5,0,Single,881126,14911,2,21035,61830,2704295,618,2,0,6,3,297506,120,Home,73427.17,28.65,0.338,37481.17,Rejected,0
APP_01218,Kelly Mcdonald,64,High School,Business Owner,3,4,Single,504030,14947,0,0,244221,930544,581,12,0,2,4,782269,84,Business,42002.5,0.0,1.552,27055.5,Rejected,1
APP_01219,Michelle Petersen,50,Graduate,Contract,0,4,Married,396051,12233,4,14851,114315,1553958,554,1,0,6,1,295469,48,Business,33004.25,45.0,0.746,5920.25,Rejected,1
APP_01220,Kelly Watson,25,Graduate,Contract,2,0,Single,440338,8981,1,12336,120697,971048,693,4,1,7,0,543608,120,Vehicle,36694.83,33.62,1.235,15377.83,Rejected,0
APP_01221,Ann Jenkins,29,Diploma,Salaried,9,2,Married,984721,23138,2,9828,173206,1609515,611,3,0,8,2,697422,84,Medical,82060.08,11.98,0.708,49094.08,Approved,0
APP_01222,Jaime Moore,57,Postgraduate,Salaried,3,0,Single,731878,20701,3,27445,231175,2430603,697,9,0,1,0,350855,60,Business,60989.83,45.0,0.479,12843.83,Rejected,0
APP_01223,Zachary Benson,45,Graduate,Salaried,9,3,Single,515156,19062,0,0,121289,845172,614,9,1,6,6,466466,120,Personal,42929.67,0.0,0.905,23867.67,Rejected,1
APP_01224,Joshua Cruz,50,Graduate,Business Owner,21,0,Single,906170,33829,2,16489,66792,2433516,619,1,1,7,3,313053,84,Education,75514.17,21.84,0.345,25196.17,Rejected,1
APP_01225,Stephen Richardson,48,Graduate,Salaried,5,4,Single,498982,11193,0,0,130058,1636662,765,13,0,7,0,598850,36,Personal,41581.83,0.0,1.2,30388.83,Approved,0
APP_01226,Rachel Jones,48,Graduate,Salaried,26,3,Single,614817,14169,4,23055,272235,2367749,825,23,0,6,1,168911,120,Business,51234.75,45.0,0.275,14010.75,Approved,0
APP_01227,Michael Thomas,21,Graduate,Contract,1,3,Single,588577,19122,3,22071,184352,1552818,672,3,0,2,2,616095,12,Business,49048.08,45.0,1.047,7855.08,Rejected,1
APP_01228,James Walker,62,High School,Self-Employed,11,3,Married,828463,36222,3,30031,139101,3179039,683,2,1,2,4,799039,84,Vehicle,69038.58,43.5,0.964,2785.58,Rejected,1
APP_01229,Melinda Wang,23,High School,Salaried,1,2,Married,597847,16668,0,0,161545,2007277,816,5,0,7,0,747246,120,Home,49820.58,0.0,1.25,33152.58,Approved,0
APP_01230,Alexis Conway,43,Postgraduate,Self-Employed,3,1,Married,759038,22393,2,22155,366939,1304570,545,13,1,5,5,989193,12,Education,63253.17,35.03,1.303,18705.17,Rejected,1
APP_01231,Mr. Matthew Hernandez MD,27,Diploma,Salaried,4,0,Single,768072,16012,1,5670,237679,1687294,660,7,0,7,0,677933,120,Business,64006.0,8.86,0.883,42324.0,Approved,0
APP_01232,Eric Santos,44,High School,Salaried,13,3,Single,744832,32448,4,27931,101927,3043592,596,14,1,2,6,845154,12,Home,62069.33,45.0,1.135,1690.33,Rejected,1
APP_01233,Mr. Michael Ferguson,37,Graduate,Salaried,17,4,Married,543057,24271,1,13666,19491,2179581,729,19,0,6,0,497368,24,Education,45254.75,30.2,0.916,7317.75,Rejected,0
APP_01234,Austin Morgan,37,Graduate,Self-Employed,11,0,Married,1157467,46397,2,26772,269765,2221006,744,2,0,4,1,1456370,36,Personal,96455.58,27.76,1.258,23286.58,Approved,0
APP_01235,Mr. Bradley Graham,41,Graduate,Business Owner,15,2,Married,632417,25591,2,8828,119780,1884305,691,2,0,2,2,821659,12,Medical,52701.42,16.75,1.299,18282.42,Rejected,1
APP_01236,Savannah Winters,40,Graduate,Self-Employed,7,0,Married,624380,21280,3,23414,338504,2307137,642,7,0,6,0,191759,12,Home,52031.67,45.0,0.307,7337.67,Rejected,0
APP_01237,Jessica Bradshaw,34,Diploma,Self-Employed,13,2,Single,763149,31222,1,9639,137290,971624,680,6,0,7,0,746854,12,Medical,63595.75,15.16,0.979,22734.75,Approved,0
APP_01238,Suzanne Pugh,62,Graduate,Salaried,10,1,Married,711737,31290,3,19485,98286,648570,695,20,0,8,0,398781,84,Medical,59311.42,32.85,0.56,8536.42,Approved,0
APP_01239,Joseph Mccoy,61,Postgraduate,Contract,9,2,Married,547057,10068,4,20514,161062,1664247,654,11,0,8,1,508448,36,Business,45588.08,45.0,0.929,15006.08,Approved,0
APP_01240,Russell Macdonald,22,Diploma,Salaried,2,2,Married,434500,10656,2,16293,95714,1461908,678,4,0,4,2,188278,12,Education,36208.33,45.0,0.433,9259.33,Approved,0
APP_01241,Danielle Prince,57,Diploma,Salaried,15,2,Single,760161,17178,0,0,250068,1781639,733,16,0,1,0,1040447,24,Vehicle,63346.75,0.0,1.369,46168.75,Approved,0
APP_01242,Christopher Benson,65,Diploma,Business Owner,32,4,Married,485528,9779,3,18207,181828,1416489,695,4,0,4,2,614070,24,Home,40460.67,45.0,1.265,12474.67,Approved,0
APP_01243,Ashley Henderson,30,Graduate,Self-Employed,10,1,Single,849177,15529,4,31844,335870,2284514,776,12,0,6,1,1002604,36,Home,70764.75,45.0,1.181,23391.75,Approved,0
APP_01244,Lori Brown,36,Postgraduate,Self-Employed,8,3,Single,721232,29085,2,20482,168444,2300321,800,8,0,8,0,386919,36,Home,60102.67,34.08,0.536,10535.67,Approved,0
APP_01245,Daniel Kramer,60,Postgraduate,Salaried,23,1,Married,387456,13321,4,14529,123175,715027,674,7,0,4,0,474257,12,Personal,32288.0,45.0,1.224,4438.0,Approved,0
APP_01246,Jacqueline Russell,27,Graduate,Contract,6,3,Single,393312,7650,1,3478,25404,1588989,776,5,0,3,0,176817,60,Personal,32776.0,10.61,0.45,21648.0,Approved,0
APP_01247,Kimberly Kemp,31,Graduate,Contract,5,0,Single,425565,18188,4,15958,145956,1181984,794,3,0,4,0,737691,24,Vehicle,35463.75,45.0,1.733,1317.75,Rejected,1
APP_01248,Laurie Cardenas,60,Graduate,Salaried,23,0,Married,870450,39112,2,25198,272567,1982249,659,11,0,6,2,384260,84,Business,72537.5,34.74,0.441,8227.5,Rejected,1
APP_01249,Sandra Cain,26,Graduate,Self-Employed,4,3,Married,1009372,18491,0,0,474105,3561655,662,2,0,8,1,1188285,24,Personal,84114.33,0.0,1.177,65623.33,Approved,0
APP_01250,Paul Knapp,64,Graduate,Self-Employed,25,0,Single,1088809,26500,0,0,246063,1652383,749,10,0,5,4,621527,84,Business,90734.08,0.0,0.571,64234.08,Approved,0
APP_01251,Gloria Washington,50,Diploma,Salaried,6,4,Married,518714,18124,0,0,65558,2084451,824,25,0,6,2,730858,36,Personal,43226.17,0.0,1.409,25102.17,Approved,0
APP_01252,Wayne Chen,31,Graduate,Self-Employed,9,3,Married,948819,33348,1,9332,281555,2435097,596,13,1,2,1,577105,120,Personal,79068.25,11.8,0.608,36388.25,Rejected,1
APP_01253,Sean Wood,41,Graduate,Salaried,3,4,Married,521719,20216,3,19564,192040,2142332,623,21,0,8,0,409585,12,Business,43476.58,45.0,0.785,3696.58,Rejected,1
APP_01254,Aaron Lee,62,Postgraduate,Self-Employed,25,3,Married,1207227,54175,0,0,605062,3958169,700,7,0,1,0,625180,24,Business,100602.25,0.0,0.518,46427.25,Approved,0
APP_01255,Daniel Elliott,30,Postgraduate,Self-Employed,9,0,Married,1302867,53441,3,28146,85039,3358411,681,6,0,8,2,600016,84,Personal,108572.25,25.92,0.461,26985.25,Rejected,0
APP_01256,Austin Moore,35,Diploma,Contract,15,3,Married,426212,9757,1,13632,80103,1780112,661,9,0,4,0,628299,120,Business,35517.67,38.38,1.474,12128.67,Approved,0
APP_01257,Erica Fox,21,Graduate,Salaried,1,1,Single,654763,21608,2,20065,185867,1060781,703,3,0,6,1,663303,120,Home,54563.58,36.77,1.013,12890.58,Approved,1
APP_01258,Sonya Garner,29,Graduate,Self-Employed,3,0,Married,1118783,25214,1,3521,325755,2485747,652,6,0,8,0,1082336,120,Medical,93231.92,3.78,0.967,64496.92,Approved,0
APP_01259,Sarah Murphy,24,Postgraduate,Salaried,4,4,Single,859113,20870,0,0,290205,3554077,665,5,0,1,0,358640,48,Personal,71592.75,0.0,0.417,50722.75,Approved,0
APP_01260,Sandra Hines,37,Postgraduate,Salaried,16,2,Married,429444,11361,3,16104,61865,1201043,677,14,0,7,2,480697,48,Home,35787.0,45.0,1.119,8322.0,Approved,0
APP_01261,Stephanie Johnson,25,High School,Salaried,1,0,Married,613144,22054,2,22854,135492,2297396,765,5,0,7,0,102383,120,Medical,51095.33,44.73,0.167,6187.33,Approved,0
APP_01262,Steven Becker,65,Postgraduate,Salaried,34,4,Married,490478,13077,3,18392,87297,1676411,798,15,1,2,0,666096,24,Home,40873.17,45.0,1.358,9404.17,Approved,0
APP_01263,Christina King,33,Graduate,Salaried,11,0,Married,537492,18526,1,12509,11984,1305643,755,9,0,3,1,176630,12,Personal,44791.0,27.93,0.329,13756.0,Approved,0
APP_01264,Kim Sherman,64,Graduate,Salaried,13,1,Married,839029,16835,1,6552,228100,2940451,734,23,0,3,0,303910,84,Personal,69919.08,9.37,0.362,46532.08,Approved,0
APP_01265,Tina Brown,26,Diploma,Self-Employed,0,3,Married,986416,36412,0,0,457110,1829796,740,1,0,6,1,1077322,24,Business,82201.33,0.0,1.092,45789.33,Approved,1
APP_01266,Joan Sanchez,46,Diploma,Self-Employed,20,3,Married,616289,11032,0,0,202575,2086348,676,11,0,5,0,995137,12,Business,51357.42,0.0,1.615,40325.42,Approved,0
APP_01267,Michael Rivera,22,Diploma,Salaried,0,3,Married,649046,11044,1,6942,231245,2440165,689,2,0,2,0,1043558,120,Personal,54087.17,12.83,1.608,36101.17,Approved,0
APP_01268,Matthew Huynh,65,Postgraduate,Salaried,1,2,Single,803934,29530,0,0,163062,3301945,633,1,0,2,6,1190243,12,Education,66994.5,0.0,1.481,37464.5,Rejected,1
APP_01269,Lisa Lyons,36,High School,Self-Employed,4,2,Married,998496,28109,2,25630,477931,2417444,758,10,0,7,1,283542,12,Personal,83208.0,30.8,0.284,29469.0,Approved,0
APP_01270,Nichole Johnson,65,Postgraduate,Salaried,1,2,Single,949279,32479,4,35597,172514,2713518,645,13,0,4,3,1617623,60,Vehicle,79106.58,45.0,1.704,11030.58,Approved,1
APP_01271,John Boone,33,Postgraduate,Contract,2,1,Single,618980,26757,1,12143,252978,118486,657,1,0,7,3,911428,12,Medical,51581.67,23.54,1.472,12681.67,Approved,0
APP_01272,Sarah Davis,41,Graduate,Salaried,21,3,Married,1046658,29984,0,0,275970,3738513,641,11,1,8,5,397915,48,Personal,87221.5,0.0,0.38,57237.5,Rejected,1
APP_01273,John Sullivan,47,High School,Salaried,21,4,Single,301822,12750,4,11318,117192,400270,800,25,0,7,0,101733,120,Home,25151.83,45.0,0.337,1083.83,Rejected,0
APP_01274,Susan Strickland,56,Diploma,Self-Employed,14,3,Married,656847,13557,2,23965,390116,1806172,737,7,1,6,1,919846,84,Medical,54737.25,43.78,1.4,17215.25,Rejected,1
APP_01275,Holly Villa,59,Graduate,Business Owner,29,0,Married,1039333,19941,3,30487,357686,1539724,765,22,0,6,0,1219324,24,Business,86611.08,35.2,1.173,36183.08,Approved,0
APP_01276,Heather Soto,37,Graduate,Salaried,7,4,Single,899342,34882,4,33725,54485,3231211,789,18,0,4,0,372417,60,Business,74945.17,45.0,0.414,6338.17,Approved,0
APP_01277,Ruben Thomas,58,Postgraduate,Salaried,11,0,Married,523709,11600,1,12597,118023,1506337,691,16,0,5,1,412563,120,Personal,43642.42,28.86,0.788,19445.42,Rejected,0
APP_01278,Michelle Williams,65,Diploma,Business Owner,12,3,Married,738016,15359,3,27675,38037,1238541,525,12,0,8,5,853584,48,Medical,61501.33,45.0,1.157,18467.33,Rejected,1
APP_01279,Jacob Kirk,48,Diploma,Contract,7,1,Married,667297,23963,4,25023,117933,1578515,682,11,0,3,4,309153,48,Home,55608.08,45.0,0.463,6622.08,Rejected,1
APP_01280,Michael Miller,42,Graduate,Self-Employed,3,2,Single,799005,32468,3,25509,92059,1782617,818,11,0,6,2,555534,84,Business,66583.75,38.31,0.695,8606.75,Approved,0
APP_01281,Christina Perry,21,Diploma,Business Owner,0,2,Single,592140,16614,3,22205,81156,1912723,621,1,0,3,3,391045,36,Personal,49345.0,45.0,0.66,10526.0,Rejected,1
APP_01282,Deanna King,41,Diploma,Contract,4,0,Single,602542,13329,3,22595,99301,2091755,617,19,0,1,4,703149,60,Home,50211.83,45.0,1.167,14287.83,Rejected,1
APP_01283,Kim Roberts,25,Postgraduate,Business Owner,4,1,Married,180000,5138,4,6750,37855,187257,761,1,0,2,0,275576,24,Business,15000.0,45.0,1.531,3112.0,Approved,1
APP_01284,Devin Powers,28,Postgraduate,Salaried,8,4,Single,747527,13980,4,20891,122218,2251157,750,7,0,5,0,723704,12,Business,62293.92,33.54,0.968,27422.92,Rejected,0
APP_01285,Dr. Denise Curtis MD,54,Diploma,Salaried,0,0,Married,690862,29665,3,25907,146073,1861500,697,10,0,8,1,884263,84,Medical,57571.83,45.0,1.28,1999.83,Rejected,1
APP_01286,Cindy Owen,29,High School,Business Owner,0,1,Married,329885,13432,1,5675,78952,913274,691,2,0,2,4,258213,84,Business,27490.42,20.64,0.783,8383.42,Approved,0
APP_01287,Thomas Clark,24,Diploma,Salaried,1,0,Married,536939,19380,3,14269,191797,1765110,596,6,0,3,3,710495,24,Vehicle,44744.92,31.89,1.323,11095.92,Rejected,1
APP_01288,Terri Hooper,34,Graduate,Contract,6,0,Married,458653,16392,4,17199,272643,857175,764,14,0,6,0,480744,24,Medical,38221.08,45.0,1.048,4630.08,Approved,0
APP_01289,Christopher Woods,45,Graduate,Business Owner,4,3,Married,894409,26452,2,29003,92874,2117061,684,14,1,1,3,363371,12,Business,74534.08,38.91,0.406,19079.08,Rejected,1
APP_01290,Patrick Johnson,23,High School,Salaried,2,1,Married,798266,16866,3,29934,366066,2238314,639,3,1,3,4,1356092,36,Business,66522.17,45.0,1.699,19722.17,Rejected,1
APP_01291,Cynthia Burnett,28,Graduate,Contract,7,2,Single,683404,18421,1,16368,43253,2600956,621,8,1,1,0,797727,36,Medical,56950.33,28.74,1.167,22161.33,Rejected,1
APP_01292,Justin George,25,High School,Salaried,1,2,Married,857126,15604,1,11293,219830,1722160,691,6,0,3,0,1256555,84,Vehicle,71427.17,15.81,1.466,44530.17,Approved,0
APP_01293,Victoria Sampson,33,Graduate,Business Owner,9,2,Married,829250,31438,0,0,382384,3741884,698,3,0,3,1,1067059,60,Education,69104.17,0.0,1.287,37666.17,Approved,0
APP_01294,Willie Holloway,35,Graduate,Business Owner,11,2,Single,1249149,44993,2,12801,489985,3183036,682,3,0,4,1,990511,60,Education,104095.75,12.3,0.793,46301.75,Approved,0
APP_01295,Kevin Foster,46,Graduate,Business Owner,15,4,Married,1278756,41136,0,0,652140,2588512,778,18,0,4,0,433036,12,Vehicle,106563.0,0.0,0.339,65427.0,Approved,0
APP_01296,Christian Scott,61,Diploma,Salaried,27,3,Single,773878,28150,1,3787,190008,2295020,707,14,1,8,0,983524,84,Vehicle,64489.83,5.87,1.271,32552.83,Approved,0
APP_01297,Crystal Brown,21,Graduate,Self-Employed,1,1,Single,922606,21870,2,21281,348277,2291704,681,1,0,3,1,780511,12,Business,76883.83,27.68,0.846,33732.83,Approved,0
APP_01298,David Hanson,48,Postgraduate,Salaried,11,0,Single,803982,32539,0,0,243648,93818,798,15,0,3,0,956123,48,Vehicle,66998.5,0.0,1.189,34459.5,Approved,0
APP_01299,Margaret Salazar,56,Graduate,Salaried,7,4,Married,515118,15399,4,19316,135031,791130,744,9,1,1,0,565456,24,Business,42926.5,45.0,1.098,8211.5,Rejected,0
APP_01300,Madison Hernandez,50,High School,Contract,11,1,Married,397684,6795,1,12337,74870,862684,777,9,0,2,0,359125,120,Vehicle,33140.33,37.23,0.903,14008.33,Approved,0
APP_01301,John Weiss,53,Postgraduate,Salaried,0,4,Single,709856,25961,3,26619,145307,2289082,724,14,0,5,0,841387,120,Personal,59154.67,45.0,1.185,6574.67,Approved,1
APP_01302,Jennifer Williams,45,Postgraduate,Salaried,20,4,Single,647989,29129,0,0,453630,1102614,718,13,0,2,0,474006,120,Home,53999.08,0.0,0.732,24870.08,Approved,0
APP_01303,John Vazquez,25,High School,Salaried,2,4,Married,686151,26116,3,25730,204565,2275152,761,1,0,2,0,415047,120,Vehicle,57179.25,45.0,0.605,5333.25,Approved,0
APP_01304,Jordan Weaver,62,Graduate,Salaried,15,3,Single,504032,10369,1,7490,216801,782390,738,1,0,8,0,623121,48,Personal,42002.67,17.83,1.236,24143.67,Approved,0
APP_01305,Amy Lambert,47,Postgraduate,Business Owner,8,0,Single,589998,10231,4,22124,127020,1508793,627,10,0,4,4,816631,36,Vehicle,49166.5,45.0,1.384,16811.5,Rejected,1
APP_01306,Melissa Donaldson,21,Postgraduate,Contract,0,4,Single,698476,16891,2,24355,489165,1609147,785,2,0,4,0,766749,12,Medical,58206.33,41.84,1.098,16960.33,Approved,0
APP_01307,Crystal Castro,43,Postgraduate,Salaried,0,3,Single,741744,16662,2,27815,304458,2134342,748,18,0,2,2,604664,60,Personal,61812.0,45.0,0.815,17335.0,Rejected,0
APP_01308,Sabrina Brown,32,Graduate,Salaried,1,2,Married,803963,36132,0,0,267380,1181610,701,4,0,7,1,1134673,36,Education,66996.92,0.0,1.411,30864.92,Approved,0
APP_01309,Brittany Holmes,38,Diploma,Self-Employed,11,1,Married,617700,15459,3,23163,112369,2251517,665,9,0,6,0,424157,48,Education,51475.0,45.0,0.687,12853.0,Approved,0
APP_01310,Thomas Moore,34,Postgraduate,Self-Employed,10,4,Single,1035203,25878,0,0,168907,3422807,682,5,1,3,1,514057,84,Personal,86266.92,0.0,0.497,60388.92,Rejected,0
APP_01311,Paula Long,26,Graduate,Salaried,4,2,Single,624869,25634,2,21444,293304,1330432,701,4,0,3,0,276078,60,Home,52072.42,41.18,0.442,4994.42,Approved,0
APP_01312,Jennifer Gray,61,Graduate,Business Owner,23,3,Married,705496,27419,0,0,128565,1010553,682,20,1,8,0,543661,36,Medical,58791.33,0.0,0.771,31372.33,Approved,0
APP_01313,Stephen Gilbert,22,Graduate,Self-Employed,0,2,Married,580209,23004,4,21757,163666,1894561,706,2,0,4,4,493437,48,Medical,48350.75,45.0,0.85,3589.75,Approved,1
APP_01314,Thomas Cruz MD,28,High School,Business Owner,7,2,Single,650362,11196,3,24388,286772,1602327,720,8,0,1,3,515277,48,Medical,54196.83,45.0,0.792,18612.83,Rejected,0
APP_01315,Travis Scott,46,Diploma,Business Owner,5,4,Married,936275,37904,2,17422,133317,1917933,597,25,0,3,0,1549075,48,Personal,78022.92,22.33,1.655,22696.92,Rejected,0
APP_01316,Stephanie Clark,40,Diploma,Contract,18,1,Married,564546,14117,4,21170,284863,5638,792,18,0,8,1,618003,24,Education,47045.5,45.0,1.095,11758.5,Approved,0
APP_01317,Sheila Martin,44,High School,Business Owner,15,1,Single,1099695,26192,1,5837,179337,0,606,5,0,2,5,691958,24,Medical,91641.25,6.37,0.629,59612.25,Rejected,0
APP_01318,Amy Johnson,65,Diploma,Salaried,11,0,Married,816157,18750,4,30605,333189,1951255,815,22,0,7,0,951780,24,Education,68013.08,45.0,1.166,18658.08,Approved,0
APP_01319,Danielle Maldonado,40,Postgraduate,Contract,3,0,Married,425739,15939,3,15965,104167,807156,671,10,1,5,2,506990,12,Business,35478.25,45.0,1.191,3574.25,Rejected,1
APP_01320,Thomas Miller,33,Postgraduate,Salaried,10,4,Single,490565,20637,0,0,161121,937463,554,4,0,3,1,174020,24,Business,40880.42,0.0,0.355,20243.42,Approved,1
APP_01321,Lori Smith,31,Graduate,Business Owner,3,0,Married,476596,17562,2,17872,111971,1192290,720,7,1,5,0,607735,36,Home,39716.33,45.0,1.275,4282.33,Rejected,1
APP_01322,Margaret Tate,45,Graduate,Contract,0,0,Single,310331,6563,0,0,62626,204013,773,18,0,2,0,299733,48,Vehicle,25860.92,0.0,0.966,19297.92,Approved,0
APP_01323,Monica Jensen,43,Graduate,Salaried,5,1,Single,778774,13136,4,29204,263065,1590020,607,22,1,7,2,226820,48,Vehicle,64897.83,45.0,0.291,22557.83,Rejected,1
APP_01324,Aaron Johnson,38,High School,Self-Employed,6,3,Married,886886,35969,1,12660,415083,1984597,691,2,0,3,2,1095077,60,Personal,73907.17,17.13,1.235,25278.17,Approved,0
APP_01325,James Wilson,43,Postgraduate,Salaried,10,4,Married,1138861,42465,3,30752,645377,2000992,636,2,1,1,6,1152250,12,Business,94905.08,32.4,1.012,21688.08,Rejected,1
APP_01326,Charles Carney,55,Graduate,Salaried,35,0,Married,579329,10657,2,21214,152751,1303275,773,24,0,1,0,331847,84,Vehicle,48277.42,43.94,0.573,16406.42,Approved,0
APP_01327,Kristine Schneider,39,High School,Contract,1,4,Single,573108,21963,3,21491,154226,798495,595,3,0,4,3,478355,36,Education,47759.0,45.0,0.835,4305.0,Rejected,1
APP_01328,Kathleen Petersen,46,Graduate,Self-Employed,10,1,Single,789695,17190,2,11703,178201,3478730,646,8,1,8,2,1094302,120,Education,65807.92,17.78,1.386,36914.92,Rejected,1
APP_01329,Kelly Randall,37,Graduate,Business Owner,0,3,Married,1413270,57477,0,0,533122,3531827,732,5,0,7,4,1263820,60,Business,117772.5,0.0,0.894,60295.5,Approved,0
APP_01330,Matthew Mcdonald,61,Graduate,Business Owner,27,2,Married,965463,32386,2,28738,425137,2978042,617,23,1,8,2,473540,120,Education,80455.25,35.72,0.49,19331.25,Rejected,1
APP_01331,Jessica Phillips,45,Diploma,Business Owner,22,0,Single,673132,15378,0,0,323135,1460669,788,1,0,6,0,92941,48,Personal,56094.33,0.0,0.138,40716.33,Approved,0
APP_01332,Donald Kaiser,35,Postgraduate,Salaried,2,2,Single,414461,8245,1,5799,10000,485189,707,14,0,4,0,653795,60,Vehicle,34538.42,16.79,1.577,20494.42,Approved,0
APP_01333,Adrienne Edwards,40,Graduate,Salaried,5,0,Married,650928,25567,0,0,249320,977175,595,22,0,1,0,390312,24,Medical,54244.0,0.0,0.6,28677.0,Rejected,1
APP_01334,Frank Freeman,55,Graduate,Salaried,29,4,Married,619898,23870,3,23246,102546,1817800,470,18,1,1,6,647015,48,Education,51658.17,45.0,1.044,4542.17,Rejected,1
APP_01335,Mike Terry,33,Graduate,Salaried,2,3,Married,891224,39318,0,0,395290,2550795,732,10,0,5,2,1095684,84,Personal,74268.67,0.0,1.229,34950.67,Approved,0
APP_01336,Dana Spencer,30,Graduate,Business Owner,1,3,Single,790352,24066,3,29638,66058,1479622,644,11,0,5,4,738212,24,Vehicle,65862.67,45.0,0.934,12158.67,Rejected,1
APP_01337,Monique Anderson,29,Graduate,Salaried,0,0,Married,954444,21556,3,35791,626754,240613,700,1,0,2,0,1360945,84,Medical,79537.0,45.0,1.426,22190.0,Rejected,1
APP_01338,John Baldwin,61,Graduate,Salaried,24,4,Married,1030063,35325,0,0,233464,2225739,727,11,0,8,1,721534,24,Education,85838.58,0.0,0.7,50513.58,Approved,0
APP_01339,Anthony Medina,28,Graduate,Self-Employed,0,4,Married,1120397,38843,0,0,498396,3411063,697,2,1,7,0,413101,48,Personal,93366.42,0.0,0.369,54523.42,Rejected,1
APP_01340,Robert Garcia,38,Diploma,Contract,8,2,Single,570631,20688,4,21398,171590,1264411,629,19,1,4,2,876231,120,Home,47552.58,45.0,1.536,5466.58,Rejected,1
APP_01341,Jonathan Combs,38,High School,Self-Employed,0,4,Single,643264,17682,2,19381,123054,2359734,734,2,1,1,1,730580,24,Vehicle,53605.33,36.15,1.136,16542.33,Rejected,1
APP_01342,Kelly Bass,48,Diploma,Self-Employed,28,2,Single,1072032,32107,0,0,476712,1624061,645,1,0,2,1,1471762,60,Home,89336.0,0.0,1.373,57229.0,Rejected,0
APP_01343,Joshua Prince,59,Postgraduate,Salaried,18,2,Single,712817,25771,2,26730,192299,2811583,626,2,0,1,0,563797,48,Business,59401.42,45.0,0.791,6900.42,Rejected,1
APP_01344,Shane Wolf,27,Postgraduate,Salaried,6,2,Single,797582,14168,2,24852,260512,1316815,691,4,1,8,0,1199818,120,Home,66465.17,37.39,1.504,27445.17,Rejected,1
APP_01345,William Marshall,23,Postgraduate,Salaried,3,3,Single,799815,24706,1,3290,234270,2439191,636,3,0,6,3,1086959,12,Personal,66651.25,4.94,1.359,38655.25,Rejected,0
APP_01346,Grace Schroeder,39,Diploma,Contract,17,0,Married,530928,20237,2,11973,179337,1838349,698,15,1,7,1,419587,120,Medical,44244.0,27.06,0.79,12034.0,Rejected,1
APP_01347,Christopher Harvey,55,Graduate,Self-Employed,19,1,Married,917158,36757,4,34393,211552,3203141,757,23,0,8,0,1022583,120,Business,76429.83,45.0,1.115,5279.83,Approved,0
APP_01348,Robert Jones,46,Postgraduate,Contract,23,3,Married,859388,30874,2,32227,219969,1574082,706,10,0,6,1,1048763,60,Home,71615.67,45.0,1.22,8514.67,Rejected,1
APP_01349,Ethan Burnett,38,Graduate,Salaried,0,1,Single,524181,20895,3,19656,47143,1453361,652,12,0,8,0,536491,36,Home,43681.75,45.0,1.023,3130.75,Approved,0
APP_01350,Charles Smith,49,Diploma,Salaried,24,4,Married,442480,7659,3,16593,217289,110447,653,16,0,2,1,98831,24,Personal,36873.33,45.0,0.223,12621.33,Approved,0
APP_01351,Kelly Anderson,44,Graduate,Salaried,5,1,Married,855396,30019,2,22004,266260,2514910,679,1,1,2,0,548324,24,Vehicle,71283.0,30.87,0.641,19260.0,Rejected,0
APP_01352,Brett Diaz,50,High School,Contract,1,2,Single,492800,15997,4,18480,184862,1228182,729,17,0,6,2,293229,12,Personal,41066.67,45.0,0.595,6589.67,Rejected,1
APP_01353,Bailey Turner,33,Graduate,Self-Employed,11,2,Married,1042782,47522,4,36967,155035,2915456,679,11,0,3,0,1368576,120,Vehicle,86898.5,42.54,1.312,2409.5,Approved,1
APP_01354,Brittany Carter,61,Diploma,Salaried,23,0,Single,463833,14406,3,17393,152240,1655023,745,13,1,5,0,50000,120,Personal,38652.75,45.0,0.108,6853.75,Rejected,0
APP_01355,Christopher Kelley,29,Postgraduate,Salaried,7,2,Married,415587,10098,1,5551,57864,1216579,707,3,0,4,1,516279,24,Education,34632.25,16.03,1.242,18983.25,Approved,0
APP_01356,Eric Johnson,29,Graduate,Salaried,9,4,Married,563317,25462,1,13952,121424,1743376,676,2,0,7,3,371230,84,Education,46943.08,29.72,0.659,7529.08,Rejected,0
APP_01357,Erin Russell,26,Graduate,Salaried,5,2,Single,532568,8918,3,19971,90600,1583703,725,1,0,2,1,598187,60,Personal,44380.67,45.0,1.123,15491.67,Rejected,0
APP_01358,Janice Medina,62,Graduate,Self-Employed,3,2,Single,996198,29065,0,0,494659,3153712,672,4,0,8,1,979096,48,Personal,83016.5,0.0,0.983,53951.5,Approved,0
APP_01359,Michael Williams,42,Postgraduate,Salaried,13,1,Single,630652,23818,0,0,92320,1292655,690,10,0,7,1,835233,60,Business,52554.33,0.0,1.324,28736.33,Approved,0
APP_01360,Victoria Kent,64,Graduate,Salaried,14,4,Single,791924,34075,2,29697,361686,863705,560,7,1,3,1,1063565,60,Business,65993.67,45.0,1.343,2221.67,Rejected,1
APP_01361,Dennis Case,34,High School,Salaried,13,4,Single,838120,24691,4,31429,522896,1733246,711,4,0,6,2,442117,36,Personal,69843.33,45.0,0.528,13723.33,Rejected,0
APP_01362,Dana Cantu,59,Graduate,Contract,12,1,Married,359452,10859,1,10764,90808,1111595,627,4,0,2,3,188322,120,Home,29954.33,35.93,0.524,8331.33,Rejected,0
APP_01363,John Dawson,28,Graduate,Self-Employed,2,4,Married,572772,12396,3,21478,98041,888860,724,10,0,2,0,617035,48,Vehicle,47731.0,45.0,1.077,13857.0,Approved,0
APP_01364,Andrea Swanson,41,Graduate,Self-Employed,7,1,Married,586668,9988,0,0,218102,743120,753,6,0,4,0,718890,24,Personal,48889.0,0.0,1.225,38901.0,Approved,0
APP_01365,Rebecca Pugh,31,Graduate,Salaried,5,2,Married,677732,25771,2,17742,309493,1365617,713,11,0,1,1,976199,48,Personal,56477.67,31.41,1.44,12964.67,Rejected,0
APP_01366,Whitney Howell,42,Postgraduate,Salaried,22,0,Single,722032,25683,4,27076,192504,1819167,710,15,0,8,0,729895,84,Vehicle,60169.33,45.0,1.011,7410.33,Approved,0
APP_01367,John Torres,27,Graduate,Salaried,3,4,Single,523836,17539,4,19643,91150,2233384,580,4,0,6,5,435512,84,Medical,43653.0,45.0,0.831,6471.0,Rejected,1
APP_01368,Caitlin Chapman,61,Graduate,Salaried,31,2,Single,741293,19094,2,15606,229435,1743394,701,20,0,8,1,1204243,36,Personal,61774.42,25.26,1.625,27074.42,Approved,1
APP_01369,Victor Murphy,21,Postgraduate,Salaried,0,0,Married,953535,26849,0,0,363128,1731368,755,3,0,2,0,1391112,24,Personal,79461.25,0.0,1.459,52612.25,Approved,0
APP_01370,Karl Williams,49,Diploma,Salaried,9,0,Married,774831,22504,4,29056,156312,1597867,691,4,0,5,0,963318,24,Vehicle,64569.25,45.0,1.243,13009.25,Approved,1
APP_01371,Joseph Rose,28,Graduate,Salaried,5,1,Married,238261,8128,2,8934,10000,537445,667,4,0,5,3,288187,12,Medical,19855.08,45.0,1.21,2793.08,Rejected,1
APP_01372,Tracy Larson,53,Diploma,Self-Employed,23,1,Single,751901,31034,4,28196,286047,2266708,744,14,0,3,0,716477,24,Personal,62658.42,45.0,0.953,3428.42,Approved,0
APP_01373,Raymond Smith,23,Postgraduate,Salaried,1,1,Married,774338,16052,1,12652,276306,1301113,587,2,0,1,6,974133,48,Home,64528.17,19.61,1.258,35824.17,Rejected,1
APP_01374,Anne Golden,52,High School,Self-Employed,18,1,Married,961077,20313,3,36040,342499,1976072,644,6,1,1,3,857686,60,Home,80089.75,45.0,0.892,23736.75,Rejected,1
APP_01375,Francisco Pena,27,Graduate,Salaried,5,3,Married,716907,20769,2,25532,299997,1704960,733,2,0,1,3,763959,36,Vehicle,59742.25,42.74,1.066,13441.25,Approved,0
APP_01376,Michael Bell,39,Graduate,Business Owner,9,0,Married,952459,32357,2,18235,305552,3003342,723,3,1,4,2,1021180,48,Business,79371.58,22.97,1.072,28779.58,Approved,1
APP_01377,Carmen Montgomery,27,Graduate,Salaried,6,1,Married,717721,14721,0,0,208269,2409106,685,2,0,3,1,501170,12,Medical,59810.08,0.0,0.698,45089.08,Approved,0
APP_01378,Cassandra Thompson,58,Graduate,Salaried,23,1,Married,603456,11153,1,13746,92309,1802275,662,5,0,2,1,239202,36,Personal,50288.0,27.33,0.396,25389.0,Approved,0
APP_01379,Preston Johnson,52,High School,Salaried,2,0,Married,597597,12157,2,21929,333005,1454280,601,7,0,3,1,467501,36,Home,49799.75,44.03,0.782,15713.75,Rejected,0
APP_01380,Paul Robinson,56,Graduate,Salaried,18,1,Single,889217,24425,2,26602,231667,2689731,663,14,0,4,0,433228,12,Education,74101.42,35.9,0.487,23074.42,Approved,0
APP_01381,Melissa Rowland,28,Diploma,Salaried,2,2,Single,893977,23872,4,26452,282376,945217,667,10,1,2,1,1292167,60,Vehicle,74498.08,35.51,1.445,24174.08,Rejected,1
APP_01382,Kristen Martin,54,Postgraduate,Salaried,27,3,Married,624660,18488,2,10525,135986,2004971,660,9,0,5,0,366404,60,Vehicle,52055.0,20.22,0.587,23042.0,Approved,0
APP_01383,Ivan Walker,26,High School,Salaried,2,1,Married,703426,24728,0,0,207649,1492443,717,2,0,6,2,555876,12,Personal,58618.83,0.0,0.79,33890.83,Approved,0
APP_01384,Justin Day,43,Graduate,Business Owner,2,2,Single,719684,30390,1,3242,208894,3385287,772,4,0,8,0,651257,60,Business,59973.67,5.41,0.905,26341.67,Approved,0
APP_01385,Kathryn Bradley,59,Graduate,Salaried,0,1,Married,585112,20711,3,20880,10000,1195128,812,4,0,5,1,354302,48,Education,48759.33,42.82,0.606,7168.33,Approved,0
APP_01386,Jeffrey Woods,57,High School,Self-Employed,20,1,Married,710288,16543,1,7625,230965,1350383,683,8,0,6,0,820034,120,Education,59190.67,12.88,1.155,35022.67,Approved,0
APP_01387,Tammy Mcgrath,27,High School,Contract,5,0,Single,180000,5166,0,0,57443,583115,590,1,0,3,1,236839,120,Home,15000.0,0.0,1.316,9834.0,Rejected,1
APP_01388,Edward Barton,48,Diploma,Contract,6,3,Single,616342,15964,3,23112,406560,995479,772,7,0,8,1,558983,48,Home,51361.83,45.0,0.907,12285.83,Approved,0
APP_01389,Nancy Garcia,22,Graduate,Contract,1,0,Married,666407,17855,3,24990,92848,1758727,689,1,0,1,0,562244,120,Home,55533.92,45.0,0.844,12688.92,Rejected,0
APP_01390,Terri Reese,31,High School,Self-Employed,3,1,Married,1276876,28052,4,42751,193597,3382223,753,8,0,4,0,1097113,48,Home,106406.33,40.18,0.859,35603.33,Approved,0
APP_01391,Laura Roach,41,Diploma,Salaried,20,3,Married,730088,16555,4,27378,220243,2603068,605,2,0,2,0,588167,36,Home,60840.67,45.0,0.806,16907.67,Approved,0
APP_01392,James King,59,Graduate,Salaried,31,1,Single,558141,11562,4,20930,80178,760609,795,23,0,8,1,752514,84,Business,46511.75,45.0,1.348,14019.75,Rejected,0
APP_01393,Dawn Cervantes,36,Postgraduate,Contract,1,3,Single,468844,10283,4,17581,240224,1773038,590,17,0,3,1,693001,120,Education,39070.33,45.0,1.478,11206.33,Rejected,1
APP_01394,Alexander Bruce,29,Postgraduate,Self-Employed,6,2,Married,744004,13837,2,26315,310875,1827532,694,10,0,2,0,361438,48,Medical,62000.33,42.44,0.486,21848.33,Rejected,0
APP_01395,Aaron Williams,21,Graduate,Salaried,1,0,Married,275966,6875,1,5518,70082,715213,726,3,0,5,2,297576,24,Home,22997.17,23.99,1.078,10604.17,Approved,0
APP_01396,Aaron Spears,40,Graduate,Salaried,17,0,Married,671784,27965,4,25191,359576,2300305,710,1,0,2,3,978415,120,Medical,55982.0,45.0,1.456,2826.0,Approved,1
APP_01397,Karen Cochran,50,Diploma,Salaried,4,3,Married,431235,15831,1,13259,200300,943258,762,5,0,7,0,491199,12,Business,35936.25,36.9,1.139,6846.25,Approved,0
APP_01398,Melanie Wilson,65,Graduate,Salaried,25,4,Married,779737,35572,3,25180,315399,865604,700,10,0,6,3,1081188,60,Personal,64978.08,38.75,1.387,4226.08,Approved,1
APP_01399,Matthew Roth,61,Diploma,Salaried,11,4,Married,696243,15955,0,0,239564,1489210,698,25,1,4,0,574086,60,Home,58020.25,0.0,0.825,42065.25,Approved,0
APP_01400,Nicole Blair,46,Postgraduate,Salaried,2,4,Single,523528,15308,4,19632,108084,1954431,682,2,0,1,3,296294,36,Home,43627.33,45.0,0.566,8687.33,Approved,1
APP_01401,Anne Mccormick,64,Graduate,Salaried,10,1,Married,682035,17115,3,25576,160484,2038465,640,4,0,4,5,551372,24,Vehicle,56836.25,45.0,0.808,14145.25,Rejected,1
APP_01402,Suzanne Ayala,61,Graduate,Business Owner,35,3,Single,1389631,42970,1,8629,460824,1833106,623,13,0,4,6,1227595,84,Vehicle,115802.58,7.45,0.883,64203.58,Rejected,1
APP_01403,Andrea Mayer,28,High School,Self-Employed,7,2,Single,766830,27478,3,28756,404205,1562533,699,6,0,4,1,795428,24,Business,63902.5,45.0,1.037,7668.5,Rejected,1
APP_01404,Christopher Jimenez,30,Diploma,Salaried,6,4,Single,610629,17285,2,17674,436387,2685617,667,4,0,6,0,646432,60,Personal,50885.75,34.73,1.059,15926.75,Approved,1
APP_01405,Amber Carter,52,Diploma,Salaried,2,4,Married,815529,15784,3,30582,245749,2002796,798,5,0,3,0,992602,24,Business,67960.75,45.0,1.217,21594.75,Rejected,0
APP_01406,Rodney Thomas,24,High School,Self-Employed,0,1,Married,636597,20240,2,23872,215300,1825341,667,5,0,8,2,379669,36,Home,53049.75,45.0,0.596,8937.75,Rejected,1
APP_01407,Gregory Phillips,31,High School,Salaried,4,4,Single,794283,35787,0,0,135968,2505895,850,3,0,7,1,1108629,60,Vehicle,66190.25,0.0,1.396,30403.25,Approved,0
APP_01408,Theresa Sutton,26,Postgraduate,Salaried,1,3,Single,1065314,20417,0,0,412543,3517021,790,3,0,7,0,468334,48,Home,88776.17,0.0,0.44,68359.17,Approved,0
APP_01409,Gary Campbell,21,Graduate,Self-Employed,0,3,Married,1048715,45598,4,39326,514663,2234929,752,2,0,8,0,1063605,84,Business,87392.92,45.0,1.014,2468.92,Approved,0
APP_01410,Robert Mendez,47,Diploma,Salaried,5,0,Married,767438,29092,3,28778,125112,2733245,759,14,0,7,0,698952,60,Business,63953.17,45.0,0.911,6083.17,Approved,0
APP_01411,Douglas Thomas,58,Graduate,Salaried,34,1,Single,519663,18917,3,19487,53676,1206870,676,10,0,7,1,539467,48,Vehicle,43305.25,45.0,1.038,4901.25,Rejected,1
APP_01412,Gregory Ortiz,64,Graduate,Business Owner,2,3,Single,857816,33516,1,6862,99257,2450550,689,21,0,5,0,686676,60,Personal,71484.67,9.6,0.8,31106.67,Rejected,0
APP_01413,Malik Higgins,55,Graduate,Salaried,1,0,Single,547259,23438,3,20522,152716,755831,525,3,0,3,1,533349,12,Medical,45604.92,45.0,0.975,1644.92,Approved,1
APP_01414,Annette Hardin,23,Graduate,Salaried,3,3,Single,456208,16917,4,17107,10000,1715725,686,2,1,8,1,281116,84,Personal,38017.33,45.0,0.616,3993.33,Approved,1
APP_01415,Marissa Brown,29,Diploma,Salaried,4,3,Married,468950,18190,0,0,176714,389521,735,11,0,8,3,560363,12,Education,39079.17,0.0,1.195,20889.17,Approved,0
APP_01416,Jessica Roman,64,Diploma,Self-Employed,20,1,Married,180000,4444,3,6750,80758,583323,713,4,0,2,0,206064,120,Medical,15000.0,45.0,1.145,3806.0,Approved,0
APP_01417,Barbara Reyes,45,Graduate,Salaried,4,0,Single,368585,15447,0,0,50435,848423,588,16,0,7,2,271170,12,Personal,30715.42,0.0,0.736,15268.42,Approved,1
APP_01418,Joseph Anderson,57,Diploma,Business Owner,5,4,Single,402912,16132,3,15109,74641,1104571,718,16,0,8,1,618753,24,Business,33576.0,45.0,1.536,2335.0,Approved,1
APP_01419,Ryan Johnson,62,Graduate,Business Owner,20,2,Married,1260485,29387,4,42377,636764,6635758,722,10,0,7,0,1244652,84,Personal,105040.42,40.34,0.987,33276.42,Approved,0
APP_01420,Joshua Palmer,42,Graduate,Business Owner,5,3,Single,695462,29111,0,0,145629,885260,737,24,0,1,0,666693,24,Business,57955.17,0.0,0.959,28844.17,Approved,0
APP_01421,Eric Watson,42,High School,Business Owner,8,0,Single,685297,13823,4,25698,221772,1008260,675,8,0,6,0,758315,120,Home,57108.08,45.0,1.107,17587.08,Rejected,0
APP_01422,Robert White,54,Graduate,Self-Employed,11,0,Married,1089471,23215,2,21566,319710,2358070,644,8,1,1,5,1462486,84,Home,90789.25,23.75,1.342,46008.25,Rejected,1
APP_01423,Karen Davidson,51,Graduate,Contract,24,2,Single,671115,11709,0,0,168246,1649873,647,20,0,3,4,351705,24,Personal,55926.25,0.0,0.524,44217.25,Rejected,0
APP_01424,Brandon Hendricks,30,Graduate,Self-Employed,0,0,Married,590207,20986,1,17408,240630,1612065,586,2,0,3,6,487492,60,Home,49183.92,35.39,0.826,10789.92,Rejected,1
APP_01425,Brian Johnson,43,High School,Contract,18,4,Single,651632,22489,1,8271,10000,1690186,792,7,0,6,0,128752,48,Vehicle,54302.67,15.23,0.198,23542.67,Approved,0
APP_01426,Nathan Smith,48,Diploma,Self-Employed,28,3,Married,578563,21010,0,0,220180,1666525,667,12,0,1,0,473241,120,Personal,48213.58,0.0,0.818,27203.58,Approved,0
APP_01427,Teresa Johnson,30,High School,Salaried,1,2,Married,615031,10573,1,13661,29449,1053607,731,10,1,6,0,521313,48,Education,51252.58,26.65,0.848,27018.58,Approved,0
APP_01428,Robert Cook,46,Diploma,Salaried,15,3,Married,875726,33467,2,25788,10000,4230678,785,11,0,1,0,1375096,60,Home,72977.17,35.34,1.57,13722.17,Approved,0
APP_01429,Carl Jones,23,Graduate,Salaried,2,0,Single,830455,36938,4,30705,508564,1772148,711,5,0,7,0,626015,36,Vehicle,69204.58,44.37,0.754,1561.58,Approved,1
APP_01430,Deanna Chapman,56,Graduate,Self-Employed,12,1,Married,1473338,63643,4,55250,472725,1983660,680,12,0,8,2,2381284,12,Personal,122778.17,45.0,1.616,3885.17,Rejected,1
APP_01431,William Ford,37,Postgraduate,Salaried,11,2,Single,625558,14638,3,23458,254864,1487445,703,7,0,1,1,489821,60,Personal,52129.83,45.0,0.783,14033.83,Rejected,0
APP_01432,Amy Moss,28,Graduate,Salaried,2,3,Married,648260,28429,1,17286,105952,1483548,720,7,0,7,4,238491,120,Personal,54021.67,32.0,0.368,8306.67,Approved,0
APP_01433,Crystal Washington,49,Diploma,Self-Employed,4,3,Married,934685,28670,1,6488,270679,2215908,739,16,0,2,0,1244346,12,Personal,77890.42,8.33,1.331,42732.42,Approved,0
APP_01434,Derek Beltran,23,Diploma,Self-Employed,3,1,Married,833565,27183,0,0,316025,1123043,623,5,0,1,3,632618,60,Vehicle,69463.75,0.0,0.759,42280.75,Rejected,0
APP_01435,Brenda Rangel,35,Graduate,Salaried,13,1,Married,319986,14458,3,11999,41356,254405,579,3,0,4,5,297291,12,Medical,26665.5,45.0,0.929,208.5,Approved,1
APP_01436,John White,27,Diploma,Salaried,6,2,Married,912651,21906,2,31766,249640,2782870,701,5,0,5,1,463135,120,Home,76054.25,41.77,0.507,22382.25,Approved,0
APP_01437,Jason Gilbert,56,Diploma,Business Owner,31,4,Married,869599,32980,2,24818,461011,1212886,665,4,0,3,0,514270,24,Personal,72466.58,34.25,0.591,14668.58,Approved,0
APP_01438,Mary Stevenson,63,Graduate,Salaried,7,2,Married,758352,18927,3,28438,183773,2463158,715,14,0,2,1,855634,48,Medical,63196.0,45.0,1.128,15831.0,Approved,1
APP_01439,Lisa Schroeder,44,Diploma,Self-Employed,16,1,Single,696331,21216,2,18025,253132,1738411,679,4,0,1,0,186080,24,Home,58027.58,31.06,0.267,18786.58,Rejected,0
APP_01440,Jacqueline Smith,32,Graduate,Salaried,9,1,Married,974023,28180,1,13176,10000,3547632,704,5,0,7,1,633672,36,Business,81168.58,16.23,0.651,39812.58,Approved,0
APP_01441,Jason King,28,Graduate,Salaried,8,1,Married,602487,13217,0,0,170631,1590343,697,3,0,1,1,756389,36,Vehicle,50207.25,0.0,1.255,36990.25,Approved,0
APP_01442,Kristi Weber,27,Diploma,Salaried,7,4,Single,518784,15124,2,17779,98494,1027285,836,2,0,1,0,656717,120,Business,43232.0,41.12,1.266,10329.0,Approved,0
APP_01443,Justin Griffith,24,Graduate,Business Owner,1,3,Married,1724105,75878,2,28770,783130,3648565,712,2,0,8,0,1077703,120,Education,143675.42,20.02,0.625,39027.42,Approved,0
APP_01444,Gregory Jenkins,24,Graduate,Salaried,3,2,Single,911944,33793,2,19700,227920,958938,705,3,0,6,1,1304604,36,Personal,75995.33,25.92,1.431,22502.33,Approved,0
APP_01445,Oscar Sloan,60,Graduate,Contract,12,3,Single,625506,21508,1,7234,187833,2234762,639,13,1,8,4,225812,12,Business,52125.5,13.88,0.361,23383.5,Rejected,1
APP_01446,Brandon Smith,65,High School,Self-Employed,30,2,Married,877248,20110,1,5736,409625,2315972,756,15,0,8,1,566352,36,Vehicle,73104.0,7.85,0.646,47258.0,Approved,0
APP_01447,Brenda Woodard,45,Diploma,Salaried,0,4,Married,612254,26509,1,8674,232490,1840141,798,10,0,5,0,53500,24,Personal,51021.17,17.0,0.087,15838.17,Approved,0
APP_01448,Stephanie Hammond,41,Postgraduate,Contract,16,3,Married,296810,13525,4,11130,129797,264621,696,1,1,3,2,256598,24,Home,24734.17,45.0,0.865,79.17,Rejected,1
APP_01449,Crystal Mathews,34,Graduate,Self-Employed,13,0,Married,718452,20322,0,0,239223,1080809,678,5,1,8,0,465234,24,Home,59871.0,0.0,0.648,39549.0,Approved,0
APP_01450,Patrick Lopez,44,Graduate,Salaried,1,0,Single,655058,20351,0,0,121384,1228159,768,12,0,1,0,270723,24,Home,54588.17,0.0,0.413,34237.17,Approved,1
APP_01451,Anna Rowe MD,43,Graduate,Business Owner,3,2,Single,755255,19247,1,8281,82703,2553199,724,19,0,2,1,998257,120,Personal,62937.92,13.16,1.322,35409.92,Approved,0
APP_01452,Emily Harding,21,Graduate,Salaried,1,1,Married,378586,8084,0,0,122365,567069,619,1,0,5,2,523864,36,Personal,31548.83,0.0,1.384,23464.83,Approved,1
APP_01453,Michael Bell,25,Graduate,Business Owner,0,0,Single,995943,31862,1,12536,503003,3684229,639,1,0,8,3,801897,12,Personal,82995.25,15.1,0.805,38597.25,Rejected,0
APP_01454,Lawrence Montes,64,Graduate,Salaried,29,4,Married,401022,14389,4,15038,52168,725872,679,13,1,3,3,440972,84,Home,33418.5,45.0,1.1,3991.5,Rejected,1
APP_01455,Patricia Graham,24,Postgraduate,Salaried,2,0,Single,683409,22655,3,25627,206792,844797,692,2,0,8,1,778422,84,Personal,56950.75,45.0,1.139,8668.75,Approved,0
APP_01456,Christopher Kelley,27,Graduate,Salaried,2,3,Married,690350,22427,3,25888,151246,2849156,745,7,0,4,1,511429,60,Business,57529.17,45.0,0.741,9214.17,Approved,0
APP_01457,Alexis Wood,57,Postgraduate,Salaried,17,3,Married,826844,24529,2,12679,434198,2650118,756,24,0,7,0,460692,12,Home,68903.67,18.4,0.557,31695.67,Approved,0
APP_01458,Timothy Harvey,42,Graduate,Salaried,9,3,Single,673149,23773,3,25243,130544,2369146,668,14,0,6,3,357295,120,Personal,56095.75,45.0,0.531,7079.75,Rejected,0
APP_01459,Jessica Martinez,55,Graduate,Salaried,23,4,Single,500683,21623,1,5733,224648,209194,709,17,1,6,1,507861,60,Home,41723.58,13.74,1.014,14367.58,Approved,1
APP_01460,Jack Anderson,59,Graduate,Salaried,18,3,Single,814833,37065,4,30556,165491,2464126,800,20,0,7,0,953433,36,Home,67902.75,45.0,1.17,281.75,Rejected,0
APP_01461,Morgan Phelps,36,Postgraduate,Salaried,2,1,Married,690586,13470,4,25896,338150,1003275,539,16,1,3,6,187828,36,Education,57548.83,45.0,0.272,18182.83,Rejected,1
APP_01462,Amanda French,39,Graduate,Contract,0,0,Single,600002,10972,0,0,307852,1715590,543,4,0,2,5,827608,120,Personal,50000.17,0.0,1.379,39028.17,Rejected,1
APP_01463,Jason Mejia,46,Postgraduate,Contract,20,0,Single,739838,20577,1,14086,248927,2820308,596,22,0,3,3,846310,24,Personal,61653.17,22.85,1.144,26990.17,Rejected,1
APP_01464,Jacqueline Salazar,34,Graduate,Self-Employed,2,3,Married,987967,28275,3,25476,210139,1944936,718,10,0,2,2,1520188,36,Business,82330.58,30.94,1.539,28579.58,Rejected,0
APP_01465,Felicia Combs,34,Postgraduate,Salaried,1,4,Single,675822,22890,4,25343,164040,2394252,611,12,1,8,2,574399,36,Vehicle,56318.5,45.0,0.85,8085.5,Rejected,1
APP_01466,Jennifer Torres,48,Diploma,Salaried,4,3,Single,537782,12475,0,0,337688,1169231,667,24,0,7,0,547429,24,Vehicle,44815.17,0.0,1.018,32340.17,Approved,0
APP_01467,Ms. Lauren Brown,32,Postgraduate,Business Owner,12,0,Married,945520,26657,0,0,337208,2308011,710,2,0,1,0,382735,48,Home,78793.33,0.0,0.405,52136.33,Approved,0
APP_01468,Frances Camacho,31,Graduate,Salaried,4,4,Single,691527,16990,2,21814,138564,414332,681,7,0,4,0,465461,120,Personal,57627.25,37.85,0.673,18823.25,Approved,0
APP_01469,Amy Pope,35,Diploma,Salaried,10,1,Married,451988,16142,4,16949,105615,1781863,637,12,0,2,1,528995,120,Personal,37665.67,45.0,1.17,4574.67,Rejected,1
APP_01470,Karen Avila DVM,59,Graduate,Self-Employed,33,4,Married,430036,9843,2,16126,127708,1370994,645,11,0,5,2,315386,36,Home,35836.33,45.0,0.733,9867.33,Rejected,1
APP_01471,Sean Tucker,55,Postgraduate,Salaried,21,2,Married,763301,34009,2,23984,357915,2023720,763,2,0,2,0,400266,36,Home,63608.42,37.71,0.524,5615.42,Approved,0
APP_01472,Mathew Mendez,60,Graduate,Salaried,13,1,Married,786270,31984,2,10342,10000,691481,673,20,0,2,0,256051,24,Education,65522.5,15.78,0.326,23196.5,Approved,0
APP_01473,Lynn Davis,53,Graduate,Salaried,32,2,Married,725488,18876,4,27205,196614,1934847,649,20,0,6,3,787200,48,Home,60457.33,45.0,1.085,14376.33,Rejected,0
APP_01474,Sabrina Brown,48,Postgraduate,Business Owner,26,2,Single,1539015,47778,3,38380,694364,5813420,588,1,1,4,2,541968,60,Education,128251.25,29.93,0.352,42093.25,Rejected,1
APP_01475,Julie Chang,51,Graduate,Salaried,21,3,Single,883375,36826,2,14496,274565,3613695,692,23,0,5,0,531121,60,Vehicle,73614.58,19.69,0.601,22292.58,Approved,0
APP_01476,Kelly Steele,50,Graduate,Business Owner,7,4,Married,1102307,28481,0,0,149028,2574607,625,16,0,6,6,1230213,84,Personal,91858.92,0.0,1.116,63377.92,Rejected,0
APP_01477,Ryan Jensen,62,Graduate,Salaried,28,4,Married,854628,15430,2,24947,267507,3095926,684,25,0,3,4,1342536,60,Home,71219.0,35.03,1.571,30842.0,Rejected,1
APP_01478,Jeremy Reese,23,Graduate,Salaried,0,2,Married,766380,27505,3,28739,311034,2016520,621,4,0,4,3,680736,60,Medical,63865.0,45.0,0.888,7621.0,Rejected,1
APP_01479,Gail Davis,55,Graduate,Salaried,15,1,Married,837760,27860,4,31416,109821,763996,712,9,0,7,3,1185824,60,Vehicle,69813.33,45.0,1.415,10537.33,Approved,1
APP_01480,Katrina Mclaughlin,32,Graduate,Salaried,4,3,Single,373527,10161,3,14007,128297,488574,632,12,0,6,5,165311,48,Vehicle,31127.25,45.0,0.443,6959.25,Rejected,0
APP_01481,Patrick Miller,23,Graduate,Self-Employed,0,3,Married,617455,23705,0,0,88939,1173303,664,1,0,8,2,493685,60,Personal,51454.58,0.0,0.8,27749.58,Approved,0
APP_01482,Aaron Green,25,Graduate,Business Owner,1,4,Single,641552,23694,1,3271,58019,2429098,615,4,1,4,1,812846,24,Education,53462.67,6.12,1.267,26497.67,Rejected,1
APP_01483,Barbara Silva,21,Graduate,Salaried,1,0,Single,613952,27851,0,0,141541,1344611,791,3,0,6,0,437618,24,Business,51162.67,0.0,0.713,23311.67,Approved,0
APP_01484,Joseph Williams,32,High School,Business Owner,12,0,Married,648706,29226,3,23280,51002,1054440,772,6,0,6,1,628981,60,Education,54058.83,43.06,0.97,1552.83,Rejected,0
APP_01485,Steven Pierce,64,Graduate,Business Owner,19,1,Single,1241252,45252,0,0,301205,1956961,576,19,1,6,0,1093823,60,Business,103437.67,0.0,0.881,58185.67,Rejected,1
APP_01486,Randy Hale,42,High School,Salaried,17,4,Single,446642,10701,3,16749,195437,1666447,704,20,0,2,0,340892,48,Vehicle,37220.17,45.0,0.763,9770.17,Approved,0
APP_01487,Pamela Mcdonald,57,Postgraduate,Self-Employed,16,1,Single,657157,16568,3,22966,164218,1481307,683,22,0,7,1,752813,60,Medical,54763.08,41.94,1.146,15229.08,Rejected,0
APP_01488,Donald Williams MD,36,Graduate,Salaried,0,1,Single,695821,19322,1,5007,135282,2612927,618,6,0,3,3,343277,84,Personal,57985.08,8.63,0.493,33656.08,Approved,1
APP_01489,Jeffrey Gonzalez,45,Graduate,Self-Employed,24,2,Married,729437,16666,3,27353,116681,1887260,583,17,1,5,5,743512,120,Education,60786.42,45.0,1.019,16767.42,Rejected,1
APP_01490,Jodi Villanueva,39,High School,Business Owner,12,2,Married,827371,26936,3,12318,334711,1335726,615,14,0,8,0,440383,48,Medical,68947.58,17.87,0.532,29693.58,Approved,0
APP_01491,Sierra Martinez,22,Graduate,Self-Employed,0,2,Single,822376,26580,1,17239,300316,4331481,649,4,0,7,4,356151,84,Vehicle,68531.33,25.15,0.433,24712.33,Approved,1
APP_01492,Joshua Rodriguez,40,Graduate,Business Owner,4,2,Married,792187,31719,2,14781,178569,1440512,719,8,0,3,0,621243,36,Personal,66015.58,22.39,0.784,19515.58,Approved,0
APP_01493,Tammy Reyes,56,Postgraduate,Salaried,4,1,Single,748222,23582,2,28058,18622,2334952,850,8,0,5,1,460949,12,Personal,62351.83,45.0,0.616,10711.83,Approved,0
APP_01494,Matthew Lam,59,Postgraduate,Salaried,15,2,Single,570425,20469,0,0,164390,1794655,704,8,0,2,0,415398,24,Business,47535.42,0.0,0.728,27066.42,Approved,0
APP_01495,Patrick Moore,24,Postgraduate,Salaried,1,2,Married,485941,13290,0,0,205772,1324042,628,5,1,5,4,450221,48,Personal,40495.08,0.0,0.926,27205.08,Approved,1
APP_01496,Michael Watts,41,High School,Business Owner,5,2,Married,449574,18062,4,16859,86012,1033951,682,8,0,1,4,191934,120,Vehicle,37464.5,45.0,0.427,2543.5,Rejected,0
APP_01497,Kari Doyle,54,Postgraduate,Contract,23,1,Married,414699,16102,4,15551,74309,196492,746,10,1,2,1,107863,84,Personal,34558.25,45.0,0.26,2905.25,Rejected,0
APP_01498,Brett Brown,63,High School,Business Owner,13,0,Married,919338,21134,4,34475,73137,2203099,705,13,0,5,1,1264450,36,Vehicle,76611.5,45.0,1.375,21002.5,Approved,0
APP_01499,Cheryl Butler,49,High School,Salaried,26,4,Married,913618,22358,3,24045,276603,4122623,706,24,0,8,1,1352391,36,Personal,76134.83,31.58,1.48,29731.83,Approved,1
APP_01500,Morgan Marquez,43,Postgraduate,Salaried,3,3,Single,830013,33294,3,25651,209782,1229441,775,8,1,2,0,815807,84,Personal,69167.75,37.09,0.983,10222.75,Rejected,1
APP_01501,Susan Griffin,62,Postgraduate,Salaried,26,1,Single,251203,9104,3,9420,24549,472596,694,2,0,3,0,147375,120,Vehicle,20933.58,45.0,0.587,2409.58,Approved,0
APP_01502,Dr. Sandy Williams,46,Graduate,Business Owner,24,1,Married,1414628,42400,2,19105,591816,5108170,677,9,0,8,3,2057805,36,Medical,117885.67,16.21,1.455,56380.67,Rejected,0
APP_01503,Michael Osborne,37,Diploma,Business Owner,9,2,Married,1513924,35543,1,11447,75316,4323368,722,4,0,3,0,1312569,84,Medical,126160.33,9.07,0.867,79170.33,Approved,0
APP_01504,Greg Dillon,43,Graduate,Salaried,13,1,Married,929998,16760,2,16965,10000,1650215,655,20,0,1,4,536222,48,Education,77499.83,21.89,0.577,43774.83,Rejected,0
APP_01505,Dylan Russell,30,Graduate,Self-Employed,0,1,Married,536925,19461,4,20134,10000,1226264,638,9,1,3,1,365904,24,Personal,44743.75,45.0,0.681,5148.75,Rejected,1
APP_01506,Patty Parrish,30,Graduate,Salaried,4,4,Single,599470,18273,2,22480,94085,1595294,700,12,0,6,0,847034,84,Business,49955.83,45.0,1.413,9202.83,Rejected,0
APP_01507,Jeff Lopez,43,Postgraduate,Salaried,22,0,Single,714315,23560,0,0,393232,2377623,755,14,1,3,1,1146911,12,Home,59526.25,0.0,1.606,35966.25,Approved,1
APP_01508,Mr. Joshua Moore,55,Postgraduate,Business Owner,31,2,Single,1251926,20988,2,19501,648458,5243157,629,8,0,7,3,1648326,24,Personal,104327.17,18.69,1.317,63838.17,Rejected,0
APP_01509,Lisa Duncan,37,Graduate,Salaried,0,0,Married,904643,30480,1,12611,456203,2139401,729,8,0,2,1,588102,60,Personal,75386.92,16.73,0.65,32295.92,Approved,0
APP_01510,Andrea Harvey,56,Graduate,Contract,2,0,Married,642246,16078,3,24084,190462,1686377,693,23,0,4,1,954867,24,Medical,53520.5,45.0,1.487,13358.5,Approved,0
APP_01511,Alejandra Roberson,60,Graduate,Salaried,11,4,Single,1163253,34743,1,6991,387951,1479915,685,25,0,1,1,1324519,60,Vehicle,96937.75,7.21,1.139,55203.75,Approved,0
APP_01512,Laura Wilson,28,Postgraduate,Self-Employed,4,3,Married,690837,24956,1,6107,10000,2256624,662,2,0,5,3,961801,120,Vehicle,57569.75,10.61,1.392,26506.75,Rejected,1
APP_01513,William Bond,38,Graduate,Self-Employed,0,1,Married,956005,29329,2,13961,453139,3512123,739,6,0,8,0,1002102,60,Vehicle,79667.08,17.52,1.048,36377.08,Approved,0
APP_01514,Michaela Savage,36,Diploma,Salaried,4,1,Single,609784,18665,4,22866,360001,1936175,687,17,0,5,4,351491,120,Personal,50815.33,45.0,0.576,9284.33,Rejected,0
APP_01515,Michael White,34,Postgraduate,Salaried,0,1,Married,599212,24711,2,13783,109435,859712,622,9,1,7,4,361265,60,Personal,49934.33,27.6,0.603,11440.33,Rejected,1
APP_01516,Ronald Knight,27,Graduate,Salaried,6,2,Married,961628,17982,1,13534,286808,2701138,701,7,0,4,2,784226,36,Business,80135.67,16.89,0.816,48619.67,Approved,0
APP_01517,Martha Johnson,36,High School,Salaried,15,3,Married,678897,26863,4,25458,136207,1747414,557,18,1,8,0,674687,24,Business,56574.75,45.0,0.994,4253.75,Rejected,1
APP_01518,Tyler Howard,53,Postgraduate,Salaried,16,1,Married,662635,22805,0,0,113688,1230884,692,10,0,3,1,865167,120,Business,55219.58,0.0,1.306,32414.58,Approved,0
APP_01519,Jonathan Ingram,21,Graduate,Salaried,0,1,Married,869548,17286,1,15136,448056,1350864,617,3,0,5,4,807326,84,Personal,72462.33,20.89,0.928,40040.33,Approved,0
APP_01520,Jason Owen,46,Graduate,Self-Employed,3,1,Married,695803,18009,0,0,359311,2404671,774,13,0,8,0,884973,84,Vehicle,57983.58,0.0,1.272,39974.58,Approved,0
APP_01521,Jennifer Hudson,54,Graduate,Salaried,34,4,Married,953585,21739,4,28110,385318,777027,620,3,1,8,3,971502,24,Vehicle,79465.42,35.37,1.019,29616.42,Rejected,1
APP_01522,David Miranda,27,Diploma,Salaried,2,0,Married,252093,7564,2,9453,87276,758586,682,6,0,5,1,168530,48,Home,21007.75,45.0,0.669,3990.75,Approved,1
APP_01523,Aaron Maldonado,22,Graduate,Salaried,0,0,Married,229089,5057,1,8590,65488,761637,692,2,0,4,0,171217,48,Home,19090.75,45.0,0.747,5443.75,Approved,0
APP_01524,Lorraine Mayo,24,Postgraduate,Salaried,1,4,Married,591719,18343,3,17036,219763,1524505,738,6,0,6,1,599542,24,Home,49309.92,34.55,1.013,13930.92,Approved,0
APP_01525,Patrick Henry,52,Graduate,Salaried,7,4,Single,232415,9539,0,0,50651,58538,692,8,0,5,0,256698,60,Medical,19367.92,0.0,1.104,9828.92,Approved,0
APP_01526,Antonio Gomez,51,Graduate,Salaried,28,0,Single,622072,12659,1,3453,189227,1296920,639,19,0,3,4,276572,48,Personal,51839.33,6.66,0.445,35727.33,Approved,1
APP_01527,Daniel Holmes,65,Graduate,Salaried,10,1,Single,601520,24965,2,22557,226457,1553891,634,16,0,2,4,318197,12,Personal,50126.67,45.0,0.529,2604.67,Rejected,1
APP_01528,Tracy Norton,22,Graduate,Salaried,2,3,Married,219157,7183,1,8218,79803,483157,638,4,0,5,1,213673,24,Education,18263.08,45.0,0.975,2862.08,Approved,1
APP_01529,Denise Watkins,43,Graduate,Salaried,21,4,Single,748343,30730,2,9822,222973,1116479,536,8,0,6,0,628917,24,Personal,62361.92,15.75,0.84,21809.92,Rejected,0
APP_01530,Patricia Howard,55,Postgraduate,Salaried,26,3,Single,654150,15203,1,4830,185187,1091214,737,17,0,3,3,384061,48,Medical,54512.5,8.86,0.587,34479.5,Approved,0
APP_01531,Samantha Green,58,Graduate,Business Owner,8,3,Married,703555,26538,4,26383,155413,1508962,722,3,0,7,1,555067,48,Education,58629.58,45.0,0.789,5708.58,Rejected,0
APP_01532,Jacob Garrett,64,Graduate,Business Owner,28,0,Married,1216963,37993,3,31494,493160,3027586,730,1,0,6,0,1196210,36,Business,101413.58,31.06,0.983,31926.58,Approved,0
APP_01533,Ronald Flynn,25,Graduate,Self-Employed,0,2,Single,336507,9591,1,6785,81691,935436,665,2,0,4,0,300951,84,Personal,28042.25,24.2,0.894,11666.25,Approved,0
APP_01534,Craig Gillespie,41,Diploma,Business Owner,11,3,Single,467263,16137,2,17522,288933,1096601,700,19,0,4,1,512108,36,Vehicle,38938.58,45.0,1.096,5279.58,Rejected,0
APP_01535,Anthony Frost,29,High School,Salaried,3,0,Married,838045,19656,1,10242,10000,0,658,5,0,6,2,525174,60,Vehicle,69837.08,14.67,0.627,39939.08,Approved,1
APP_01536,Jordan Wood,22,Postgraduate,Contract,1,2,Married,490546,12759,1,10930,70227,1609542,625,2,1,3,5,654005,48,Vehicle,40878.83,26.74,1.333,17189.83,Rejected,1
APP_01537,Mary Moreno,33,Graduate,Self-Employed,6,2,Married,937261,25131,3,35147,463048,1781618,746,12,0,5,0,1250282,60,Education,78105.08,45.0,1.334,17827.08,Approved,0
APP_01538,Raven Cortez,30,Graduate,Salaried,6,0,Married,738931,21939,4,27709,278465,2189926,566,6,1,2,4,369862,120,Business,61577.58,45.0,0.501,11929.58,Rejected,1
APP_01539,Jacqueline Patterson,23,High School,Self-Employed,0,4,Married,790519,28734,0,0,404327,1958392,752,4,0,7,0,1140939,84,Business,65876.58,0.0,1.443,37142.58,Approved,0
APP_01540,Lisa Diaz,21,Graduate,Salaried,0,2,Married,393615,15142,2,14760,206220,381464,629,1,0,4,6,554384,84,Home,32801.25,45.0,1.408,2899.25,Rejected,1
APP_01541,Natalie Knapp,45,Graduate,Business Owner,23,1,Married,1798658,73181,3,25752,759972,5681324,752,22,0,4,0,1623433,120,Personal,149888.17,17.18,0.903,50955.17,Approved,0
APP_01542,Kenneth Hudson,55,Graduate,Salaried,34,3,Married,565903,10443,4,21221,146001,965661,733,2,0,2,1,417063,84,Vehicle,47158.58,45.0,0.737,15494.58,Approved,0
APP_01543,Dr. Jeffrey Preston PhD,25,Diploma,Self-Employed,2,0,Married,614962,13010,0,0,141094,1811701,769,6,0,5,0,509435,36,Vehicle,51246.83,0.0,0.828,38236.83,Approved,0
APP_01544,Ronald Roberts,40,Graduate,Contract,6,4,Married,398807,17977,2,14955,123042,560400,648,9,0,3,0,542207,60,Education,33233.92,45.0,1.36,301.92,Rejected,0
APP_01545,Kimberly Long,29,High School,Self-Employed,7,1,Married,508457,12489,1,7926,75217,1993938,665,3,0,3,2,688645,12,Personal,42371.42,18.71,1.354,21956.42,Rejected,1
APP_01546,Eric Smith,35,Graduate,Salaried,0,2,Married,774818,28393,0,0,291833,1613282,603,13,1,5,6,638258,24,Business,64568.17,0.0,0.824,36175.17,Rejected,1
APP_01547,April James,65,Graduate,Self-Employed,20,2,Married,431048,13468,3,16164,249553,1220971,850,15,0,6,0,382225,24,Home,35920.67,45.0,0.887,6288.67,Approved,0
APP_01548,Jerry Gregory,27,High School,Self-Employed,7,3,Married,852467,15469,3,21909,259206,2457186,673,8,0,6,0,368474,84,Vehicle,71038.92,30.84,0.432,33660.92,Approved,0
APP_01549,Ronald Rosales,44,Graduate,Self-Employed,12,1,Married,981707,31411,0,0,252855,3024632,726,11,1,1,1,469283,36,Vehicle,81808.92,0.0,0.478,50397.92,Approved,1
APP_01550,Adam Prince,33,Graduate,Salaried,3,4,Single,818672,36096,4,28490,252109,0,684,8,0,8,0,426479,24,Education,68222.67,41.76,0.521,3636.67,Approved,0
APP_01551,Sherry Patterson,55,Diploma,Self-Employed,35,1,Married,245241,7687,3,9196,73102,901381,617,12,1,5,2,277278,48,Education,20436.75,45.0,1.131,3553.75,Rejected,1
APP_01552,Lisa Boyer,23,Graduate,Salaried,1,3,Married,444663,18321,4,16674,185608,1807989,710,5,0,2,2,97449,60,Medical,37055.25,45.0,0.219,2060.25,Approved,0
APP_01553,Michael Mitchell,24,Postgraduate,Business Owner,2,2,Single,1259011,48645,3,19444,498294,2786747,837,1,0,4,0,1553877,120,Personal,104917.58,18.53,1.234,36828.58,Approved,0
APP_01554,Jesus Williamson,42,Graduate,Salaried,14,2,Married,532634,17845,0,0,157014,1404266,691,22,0,7,1,335357,84,Vehicle,44386.17,0.0,0.63,26541.17,Approved,0
APP_01555,Michelle Ortega,56,Graduate,Salaried,1,2,Married,421006,15830,1,14111,180233,805748,671,17,1,4,0,461905,60,Vehicle,35083.83,40.22,1.097,5142.83,Rejected,1
APP_01556,Philip Hutchinson,28,Graduate,Salaried,6,1,Married,619674,13244,1,8109,203154,1819552,465,3,0,2,3,881225,60,Medical,51639.5,15.7,1.422,30286.5,Rejected,0
APP_01557,James Hawkins,40,Diploma,Salaried,18,1,Married,699904,23719,3,22232,240981,2906330,615,11,1,3,3,506061,84,Business,58325.33,38.12,0.723,12374.33,Rejected,1
APP_01558,Cassandra Kramer,27,Diploma,Salaried,2,4,Married,833281,34221,4,31248,377819,1409273,710,1,0,1,0,302462,120,Medical,69440.08,45.0,0.363,3971.08,Approved,0
APP_01559,Robert Allen,30,Graduate,Business Owner,8,4,Single,1223306,31722,3,31853,613408,4561690,711,10,0,7,1,1407079,120,Home,101942.17,31.25,1.15,38367.17,Approved,0
APP_01560,Joe Graham,24,Diploma,Salaried,1,1,Single,727843,17138,4,27294,298302,1852351,640,4,0,4,0,786523,36,Personal,60653.58,45.0,1.081,16221.58,Rejected,1
APP_01561,Jennifer Mullen,39,Graduate,Salaried,19,3,Single,858679,18443,0,0,244209,0,714,2,0,3,1,430503,60,Home,71556.58,0.0,0.501,53113.58,Approved,0
APP_01562,Ashley Solis,53,Graduate,Salaried,22,4,Married,468626,19841,1,4750,78649,2064011,602,10,0,8,3,336376,24,Vehicle,39052.17,12.16,0.718,14461.17,Approved,0
APP_01563,Samuel Rasmussen,42,Graduate,Business Owner,22,4,Married,620011,16339,0,0,198572,1288397,718,4,0,2,2,575826,84,Vehicle,51667.58,0.0,0.929,35328.58,Approved,0
APP_01564,Alan Lopez,55,Graduate,Salaried,1,0,Married,833896,16535,1,4804,439408,2258615,652,5,0,3,1,663988,24,Home,69491.33,6.91,0.796,48152.33,Approved,0
APP_01565,Beverly Carlson,53,Graduate,Salaried,25,0,Married,793507,32838,0,0,155029,1233969,756,3,0,6,1,1146566,36,Vehicle,66125.58,0.0,1.445,33287.58,Rejected,0
APP_01566,Sharon Dougherty,58,Diploma,Business Owner,8,4,Single,706127,24889,0,0,402721,14165,684,7,0,7,1,423996,120,Personal,58843.92,0.0,0.6,33954.92,Approved,0
APP_01567,Kelsey Hall,34,Graduate,Business Owner,9,0,Married,180000,8059,3,6750,32317,813731,587,13,0,2,0,169570,60,Personal,15000.0,45.0,0.942,191.0,Rejected,0
APP_01568,Jessica Lewis,39,Postgraduate,Salaried,0,0,Single,570185,18183,0,0,297014,1506971,711,1,0,5,4,806190,48,Personal,47515.42,0.0,1.414,29332.42,Approved,0
APP_01569,Scott Watson,37,Postgraduate,Self-Employed,14,1,Married,1263199,39672,1,17268,355105,3539906,758,4,0,1,0,976309,60,Personal,105266.58,16.4,0.773,48326.58,Approved,0
APP_01570,Roy Martinez,60,Graduate,Salaried,13,2,Single,548572,9525,3,20571,171329,706910,695,5,1,6,0,407634,36,Vehicle,45714.33,45.0,0.743,15618.33,Rejected,0
APP_01571,Heidi Patterson,54,Graduate,Self-Employed,21,0,Married,301622,7518,2,11310,103969,633415,704,8,0,2,4,455297,60,Home,25135.17,45.0,1.509,6307.17,Rejected,1
APP_01572,Bradley Moore,58,Diploma,Salaried,29,3,Married,376202,6930,2,14107,91032,503563,712,13,0,4,1,190418,48,Business,31350.17,45.0,0.506,10313.17,Rejected,0
APP_01573,Justin Cobb,59,Graduate,Salaried,13,1,Married,527233,21195,1,15477,262742,869648,673,14,1,1,3,479856,24,Vehicle,43936.08,35.23,0.91,7264.08,Rejected,1
APP_01574,Andrea Jackson,41,Postgraduate,Contract,16,4,Single,421045,14439,3,15789,53456,1001997,598,23,1,8,2,234935,36,Vehicle,35087.08,45.0,0.558,4859.08,Rejected,1
APP_01575,Monica Bowen,44,High School,Self-Employed,14,1,Married,525559,20066,2,12796,333316,1369995,759,19,0,1,0,460060,48,Home,43796.58,29.22,0.875,10934.58,Approved,0
APP_01576,Gary Garrett,48,Graduate,Salaried,7,3,Married,664523,22552,0,0,332763,0,733,22,0,5,0,483407,36,Home,55376.92,0.0,0.727,32824.92,Approved,0
APP_01577,Sophia Myers,41,Postgraduate,Salaried,13,0,Married,685650,28527,3,25711,251850,2894656,699,13,0,6,1,725403,36,Home,57137.5,45.0,1.058,2899.5,Rejected,1
APP_01578,Hannah Clayton,43,Graduate,Salaried,23,0,Single,805852,36623,1,13854,93487,2548851,559,10,1,4,1,321535,84,Business,67154.33,20.63,0.399,16677.33,Rejected,1
APP_01579,Marilyn Mcfarland,27,Graduate,Salaried,1,3,Single,274639,9414,3,10298,124718,967135,623,4,0,3,1,50000,60,Vehicle,22886.58,45.0,0.182,3174.58,Rejected,1
APP_01580,Lawrence Callahan,61,Graduate,Salaried,16,4,Single,492133,22049,0,0,79871,1733215,630,5,0,3,5,610563,84,Medical,41011.08,0.0,1.241,18962.08,Rejected,0
APP_01581,Keith Serrano,46,Postgraduate,Salaried,12,0,Married,927636,31182,0,0,174706,1353468,784,20,0,2,0,1436955,24,Education,77303.0,0.0,1.549,46121.0,Approved,0
APP_01582,Kristin Donovan,64,Graduate,Self-Employed,21,2,Married,750983,17760,4,27603,335644,3064844,706,9,0,3,2,1009884,36,Home,62581.92,44.11,1.345,17218.92,Rejected,0
APP_01583,Patricia Moore,63,Diploma,Self-Employed,27,0,Single,258612,11758,2,9697,58698,680635,713,7,0,2,2,134781,60,Business,21551.0,45.0,0.521,96.0,Approved,0
APP_01584,Tracy Silva,59,Postgraduate,Self-Employed,28,3,Single,698324,26171,2,26187,53203,2345372,597,9,0,6,1,462155,120,Home,58193.67,45.0,0.662,5835.67,Rejected,1
APP_01585,John Lawrence,61,Graduate,Salaried,14,0,Single,501469,19735,3,18805,266103,1643929,605,25,1,1,2,837991,60,Vehicle,41789.08,45.0,1.671,3249.08,Rejected,1
APP_01586,Ashley Alexander,53,Graduate,Salaried,20,0,Married,298200,12605,0,0,36887,892855,784,6,0,3,0,301117,36,Business,24850.0,0.0,1.01,12245.0,Approved,0
APP_01587,Molly Potter,29,Graduate,Salaried,8,4,Married,431980,11658,0,0,76828,676666,599,7,0,4,0,106804,120,Home,35998.33,0.0,0.247,24340.33,Rejected,0
APP_01588,Robin Wilson,32,Graduate,Business Owner,3,2,Married,457612,18740,3,17160,218768,1560863,581,7,0,8,1,642739,60,Medical,38134.33,45.0,1.405,2234.33,Rejected,1
APP_01589,Martin Davis,36,Graduate,Salaried,6,4,Married,589142,20270,3,22092,95884,565181,748,1,0,2,1,553794,36,Education,49095.17,45.0,0.94,6733.17,Approved,0
APP_01590,Victoria Ellison,62,Graduate,Salaried,16,0,Married,445336,7597,0,0,78644,841384,740,1,0,6,0,495394,120,Personal,37111.33,0.0,1.112,29514.33,Approved,0
APP_01591,Michael Wilson,23,Graduate,Salaried,3,2,Married,995104,16721,1,7380,290506,1330829,760,1,0,2,0,334864,12,Business,82925.33,8.9,0.337,58824.33,Approved,0
APP_01592,Amanda Raymond DDS,44,Graduate,Salaried,17,0,Married,695040,23171,1,9773,343514,1508620,724,5,0,8,0,50000,12,Medical,57920.0,16.87,0.072,24976.0,Approved,0
APP_01593,Jose Tran,62,Graduate,Contract,21,4,Single,695817,23335,1,14339,379132,2030040,754,20,0,4,0,323841,36,Home,57984.75,24.73,0.465,20310.75,Approved,0
APP_01594,Wesley Yang,60,High School,Business Owner,13,3,Married,849375,14770,1,3785,213546,1711698,714,17,0,3,2,932601,60,Personal,70781.25,5.35,1.098,52226.25,Approved,0
APP_01595,Mary Williams,61,Graduate,Salaried,5,4,Married,675580,30471,4,25334,29489,1494523,775,5,0,6,0,531615,24,Business,56298.33,45.0,0.787,493.33,Rejected,0
APP_01596,Michael Miller MD,22,Graduate,Self-Employed,2,4,Married,1064181,18456,1,12382,371387,2178198,662,2,0,1,0,898967,48,Education,88681.75,13.96,0.845,57843.75,Approved,0
APP_01597,Mark Smith,63,Diploma,Salaried,15,4,Married,602996,16720,1,16369,256749,801547,760,9,0,3,0,566135,84,Home,50249.67,32.58,0.939,17160.67,Approved,0
APP_01598,Garrett Gardner Jr.,49,Graduate,Business Owner,22,2,Married,1342813,32441,0,0,311061,2939447,737,17,0,8,0,1618967,12,Personal,111901.08,0.0,1.206,79460.08,Approved,0
APP_01599,Heather Nash,32,Graduate,Salaried,3,3,Married,639406,25125,2,21938,179329,1319561,704,8,1,4,0,786518,12,Education,53283.83,41.17,1.23,6220.83,Rejected,1
APP_01600,Hannah Evans,26,High School,Salaried,2,0,Married,765164,25869,4,28693,218205,3275660,731,7,0,3,2,857205,12,Vehicle,63763.67,45.0,1.12,9201.67,Rejected,0
APP_01601,Lisa Gardner,49,Postgraduate,Self-Employed,28,0,Single,384117,16241,4,14404,115214,662477,669,15,0,8,2,413278,120,Business,32009.75,45.0,1.076,1364.75,Rejected,1
APP_01602,Lauren Brown,56,Postgraduate,Salaried,18,3,Single,404672,6959,3,15175,183499,1115796,616,14,0,7,3,385719,12,Personal,33722.67,45.0,0.953,11588.67,Rejected,1
APP_01603,Andrew Herrera,62,Postgraduate,Salaried,1,1,Married,757931,20332,4,28422,356050,2251298,700,14,0,8,0,724287,84,Business,63160.92,45.0,0.956,14406.92,Approved,0
APP_01604,Diana Robbins,61,Diploma,Salaried,14,4,Single,722572,19365,0,0,382051,1686336,720,2,0,4,0,821113,48,Personal,60214.33,0.0,1.136,40849.33,Approved,0
APP_01605,Holly Townsend,34,Graduate,Self-Employed,6,3,Married,528184,10749,1,5655,86578,1179005,657,11,0,3,4,415248,84,Medical,44015.33,12.85,0.786,27611.33,Approved,0
APP_01606,Stephanie Ellis,48,High School,Salaried,26,2,Married,871838,21831,0,0,244728,3087785,607,17,0,5,1,1182119,24,Medical,72653.17,0.0,1.356,50822.17,Approved,0
APP_01607,Cristina Miller,40,Postgraduate,Salaried,16,1,Married,855760,21214,2,14248,239545,1843994,777,13,0,4,1,368902,60,Personal,71313.33,19.98,0.431,35851.33,Approved,0
APP_01608,Jennifer Miranda,46,Diploma,Salaried,22,3,Married,585449,24382,1,15269,119497,1652541,781,4,0,2,0,154294,36,Home,48787.42,31.3,0.264,9136.42,Approved,0
APP_01609,Jessica Coleman,29,Graduate,Self-Employed,0,2,Married,588045,16257,0,0,274356,1068310,735,1,0,1,0,884293,60,Home,49003.75,0.0,1.504,32746.75,Approved,0
APP_01610,George Jenkins,63,Diploma,Salaried,34,4,Married,664627,17928,0,0,114486,1131436,690,18,1,3,0,125256,12,Personal,55385.58,0.0,0.188,37457.58,Rejected,1
APP_01611,Shawn Kelly,34,Graduate,Salaried,2,2,Married,1015687,39030,3,38088,396805,4273382,579,8,1,2,1,441333,12,Vehicle,84640.58,45.0,0.435,7522.58,Rejected,1
APP_01612,Andrew Hunt,46,Postgraduate,Business Owner,12,0,Married,990135,44030,4,37130,446426,1954046,625,9,1,1,0,597503,24,Home,82511.25,45.0,0.603,1351.25,Rejected,1
APP_01613,Mrs. Meagan Washington,40,Graduate,Salaried,4,2,Single,559106,13269,4,20966,122098,1461913,751,15,0,5,2,362574,24,Vehicle,46592.17,45.0,0.648,12357.17,Approved,0
APP_01614,Patrick Garcia,30,Postgraduate,Business Owner,3,4,Single,765220,21669,1,13446,10000,508228,815,1,0,3,0,781170,12,Home,63768.33,21.09,1.021,28653.33,Approved,0
APP_01615,David Mcdaniel,47,Postgraduate,Salaried,1,2,Married,621374,15788,1,12059,91537,882233,820,1,0,5,0,568667,120,Vehicle,51781.17,23.29,0.915,23934.17,Approved,0
APP_01616,Theresa Flores,22,Postgraduate,Self-Employed,0,2,Married,856522,23106,2,10948,142576,2751392,790,4,0,7,0,967190,84,Vehicle,71376.83,15.34,1.129,37322.83,Approved,0
APP_01617,Tammy Nolan,32,Graduate,Salaried,0,3,Single,825290,34939,3,29017,325502,2788737,670,2,0,3,1,1141706,24,Home,68774.17,42.19,1.383,4818.17,Rejected,1
APP_01618,Jay Navarro,23,Graduate,Self-Employed,1,3,Single,742529,32982,0,0,215669,1448990,688,1,1,2,3,1059541,120,Business,61877.42,0.0,1.427,28895.42,Rejected,1
APP_01619,Ashley Lopez,55,High School,Self-Employed,33,3,Married,614513,13809,3,23044,100805,1029607,634,11,0,8,0,889616,60,Home,51209.42,45.0,1.448,14356.42,Rejected,1
APP_01620,Marcus Holmes,41,Diploma,Contract,13,3,Married,573480,12831,2,21505,10000,2334605,579,19,0,2,6,490757,60,Medical,47790.0,45.0,0.856,13454.0,Rejected,1
APP_01621,Steven Smith,27,Postgraduate,Self-Employed,6,4,Married,697104,24671,0,0,265918,163437,767,8,0,4,0,367898,24,Home,58092.0,0.0,0.528,33421.0,Approved,0
APP_01622,Paula Rush,37,Graduate,Salaried,12,2,Married,521805,10714,2,19567,35218,1476482,700,10,0,8,0,614222,60,Business,43483.75,45.0,1.177,13202.75,Approved,1
APP_01623,David Hudson,34,Diploma,Salaried,4,0,Single,701872,32023,1,11729,63821,2212940,731,2,0,5,1,847195,60,Home,58489.33,20.05,1.207,14737.33,Approved,0
APP_01624,Michael Ritter,47,Postgraduate,Salaried,11,4,Married,697585,13907,1,6536,194698,1245257,753,19,0,3,0,50000,36,Personal,58132.08,11.24,0.072,37689.08,Approved,0
APP_01625,Steven Allen,27,Graduate,Business Owner,1,4,Single,1298074,47694,4,38264,693563,2325572,707,8,0,7,2,1525120,120,Education,108172.83,35.37,1.175,22214.83,Rejected,0
APP_01626,Melissa Reynolds,28,Graduate,Salaried,3,4,Single,857147,20369,0,0,141341,2330579,590,5,0,7,5,1065106,120,Business,71428.92,0.0,1.243,51059.92,Rejected,0
APP_01627,Regina Riggs,32,Graduate,Business Owner,3,3,Married,1006201,42989,0,0,361581,2135014,741,6,0,3,2,1233900,12,Medical,83850.08,0.0,1.226,40861.08,Approved,0
APP_01628,Crystal Rivera,56,High School,Self-Employed,5,2,Married,586162,18421,3,21981,177032,2140047,724,11,0,3,0,256598,60,Home,48846.83,45.0,0.438,8444.83,Approved,0
APP_01629,Shannon Lindsey,46,High School,Self-Employed,14,1,Married,938827,38032,0,0,394836,3480701,579,20,1,3,6,745583,120,Medical,78235.58,0.0,0.794,40203.58,Rejected,1
APP_01630,Brandon Schmidt,42,Graduate,Salaried,17,2,Single,796059,25642,0,0,98069,1745547,603,19,1,1,3,463155,24,Education,66338.25,0.0,0.582,40696.25,Rejected,1
APP_01631,Amanda Alexander,39,Postgraduate,Salaried,9,4,Married,295354,12736,2,11075,43144,1342617,646,8,1,1,0,340337,60,Medical,24612.83,45.0,1.152,801.83,Rejected,1
APP_01632,Seth Anthony,28,Postgraduate,Business Owner,8,3,Single,1531968,58939,0,0,955603,4025217,691,2,0,2,4,522704,24,Vehicle,127664.0,0.0,0.341,68725.0,Approved,0
APP_01633,Kimberly Nelson,41,Graduate,Salaried,7,0,Married,631583,16975,2,23684,248479,1165632,659,7,0,1,0,458682,84,Business,52631.92,45.0,0.726,11972.92,Rejected,1
APP_01634,Alexandria Burch,34,Graduate,Self-Employed,0,2,Single,555493,15673,4,20830,329152,1466402,749,8,0,2,3,175028,48,Personal,46291.08,45.0,0.315,9788.08,Approved,0
APP_01635,Matthew Gilbert,33,Postgraduate,Salaried,9,2,Single,523648,16298,3,19373,116445,490462,701,1,1,1,1,746331,84,Medical,43637.33,44.4,1.425,7966.33,Rejected,0
APP_01636,Nicholas Spencer,54,Graduate,Salaried,22,2,Married,592182,21155,4,22206,50079,2775439,595,12,1,8,4,930694,120,Home,49348.5,45.0,1.572,5987.5,Rejected,1
APP_01637,Nicole Matthews MD,26,Graduate,Self-Employed,1,4,Married,1220282,27926,4,39281,232963,2518775,556,6,0,6,3,324722,36,Home,101690.17,38.63,0.266,34483.17,Rejected,1
APP_01638,Brandon Jones,29,High School,Business Owner,6,0,Single,1008903,39675,1,7060,266143,3470634,726,3,0,2,4,730431,12,Personal,84075.25,8.4,0.724,37340.25,Approved,0
APP_01639,Philip Harvey,39,Graduate,Salaried,11,3,Married,439085,10103,2,11112,141992,999117,739,13,0,7,0,298881,24,Personal,36590.42,30.37,0.681,15375.42,Approved,0
APP_01640,Stacey Mcmillan,48,High School,Contract,5,4,Single,661416,17924,0,0,139813,1464262,677,9,0,8,0,876032,120,Medical,55118.0,0.0,1.324,37194.0,Approved,0
APP_01641,Jackie Morgan,62,Postgraduate,Self-Employed,0,1,Married,1341743,31375,0,0,180479,2346371,648,10,0,5,0,492525,84,Personal,111811.92,0.0,0.367,80436.92,Approved,0
APP_01642,Amanda Cruz,39,Graduate,Salaried,13,4,Married,506477,11689,4,18992,79645,1425912,686,19,0,8,1,193295,48,Personal,42206.42,45.0,0.382,11525.42,Rejected,1
APP_01643,Kathryn Stokes,50,Diploma,Salaried,20,1,Married,352870,14347,0,0,55736,916281,759,21,0,1,1,365291,36,Medical,29405.83,0.0,1.035,15058.83,Approved,0
APP_01644,Michelle Hawkins,24,Graduate,Business Owner,1,4,Single,1207026,34626,4,34710,17222,1968854,657,4,0,8,3,187380,84,Personal,100585.5,34.51,0.155,31249.5,Approved,0
APP_01645,John Jones,36,Postgraduate,Salaried,12,1,Married,605388,26550,2,21663,128922,1436371,761,13,0,2,1,186611,120,Vehicle,50449.0,42.94,0.308,2236.0,Approved,0
APP_01646,Monique Miller MD,60,Graduate,Salaried,18,3,Single,694885,17646,1,6189,90969,1477737,747,7,0,8,1,866539,120,Personal,57907.08,10.69,1.247,34072.08,Approved,0
APP_01647,Christina Cook,63,Graduate,Self-Employed,3,3,Married,503239,21154,4,18871,101319,1478903,599,11,1,6,1,301272,60,Home,41936.58,45.0,0.599,1911.58,Rejected,1
APP_01648,Amanda Wright,55,Graduate,Salaried,35,3,Married,648101,14024,2,24266,64469,1287038,795,21,0,8,0,401651,120,Home,54008.42,44.93,0.62,15718.42,Rejected,1
APP_01649,Mrs. Jennifer Sanchez DVM,30,Graduate,Salaried,10,4,Single,631086,17757,0,0,63443,1537622,754,7,0,6,0,369719,84,Vehicle,52590.5,0.0,0.586,34833.5,Approved,0
APP_01650,Ashley Rice,61,High School,Salaried,9,2,Single,665391,29112,3,24952,89557,782084,655,15,0,4,0,645335,24,Business,55449.25,45.0,0.97,1385.25,Approved,0
APP_01651,Jay Collins,64,Postgraduate,Salaried,12,1,Married,847146,28491,2,27955,469176,1926103,650,1,1,8,0,752898,36,Personal,70595.5,39.6,0.889,14149.5,Rejected,1
APP_01652,Lisa Jackson,35,Postgraduate,Salaried,8,4,Single,577460,16014,3,21654,101609,2138211,647,8,0,5,1,819274,60,Medical,48121.67,45.0,1.419,10453.67,Rejected,1
APP_01653,Charles Allen,31,Graduate,Contract,5,4,Single,373064,11100,1,11962,78275,1225082,850,2,0,1,0,87732,60,Business,31088.67,38.48,0.235,8026.67,Approved,1
APP_01654,William Brown,43,Graduate,Salaried,21,4,Married,744700,30802,2,16060,250392,1894556,596,16,1,1,5,680034,120,Home,62058.33,25.88,0.913,15196.33,Rejected,1
APP_01655,Christina Hall,52,Graduate,Salaried,19,4,Married,588362,26933,0,0,305380,1302444,726,10,0,8,1,523269,12,Home,49030.17,0.0,0.889,22097.17,Approved,0
APP_01656,Kevin King,64,Postgraduate,Business Owner,32,0,Married,1082997,45490,2,23924,236632,1661140,690,7,0,8,0,833188,84,Home,90249.75,26.51,0.769,20835.75,Approved,0
APP_01657,Mark Stewart,38,High School,Self-Employed,0,2,Married,556956,15437,4,20885,191249,0,709,7,0,2,4,363931,48,Vehicle,46413.0,45.0,0.653,10091.0,Approved,0
APP_01658,Sean Cline,36,Graduate,Salaried,2,4,Married,757107,22167,0,0,257017,1772320,615,5,0,2,3,480766,12,Home,63092.25,0.0,0.635,40925.25,Rejected,0
APP_01659,Harold Fisher,48,Graduate,Business Owner,25,4,Single,852843,39021,3,31981,192123,707632,653,12,0,1,1,766780,120,Business,71070.25,45.0,0.899,68.25,Approved,1
APP_01660,Theresa Chen,24,Graduate,Salaried,0,3,Single,615895,24171,4,23096,75793,1383163,553,2,0,3,2,892118,120,Medical,51324.58,45.0,1.448,4057.58,Rejected,1
APP_01661,Nathan Smith,38,High School,Contract,3,0,Single,603399,17070,0,0,79670,1712135,756,13,0,4,0,461595,48,Medical,50283.25,0.0,0.765,33213.25,Approved,0
APP_01662,Michelle Klein,50,Graduate,Salaried,5,1,Married,398738,14157,0,0,51879,834740,693,17,0,5,3,602588,12,Home,33228.17,0.0,1.511,19071.17,Rejected,0
APP_01663,Christina King,42,Postgraduate,Business Owner,22,2,Married,968716,27207,2,16705,550084,804934,731,24,1,8,3,1012669,24,Business,80726.33,20.69,1.045,36814.33,Rejected,0
APP_01664,James Smith,22,Postgraduate,Self-Employed,0,3,Married,920673,20413,1,11846,287994,2632740,686,3,0,5,4,381322,60,Medical,76722.75,15.44,0.414,44463.75,Rejected,0
APP_01665,Steven Kent,25,Graduate,Self-Employed,1,0,Married,790851,35893,3,29656,373631,1389106,713,2,0,8,1,639918,12,Medical,65904.25,45.0,0.809,355.25,Approved,0
APP_01666,Yolanda Short,41,High School,Salaried,13,0,Married,875462,21671,4,32829,10000,1851705,703,11,1,3,1,605313,120,Home,72955.17,45.0,0.691,18455.17,Rejected,0
APP_01667,Timothy Manning,32,Graduate,Business Owner,10,0,Married,622460,27624,3,23342,128104,1765838,850,10,0,2,1,905882,84,Vehicle,51871.67,45.0,1.455,905.67,Approved,0
APP_01668,Shannon Miller,38,High School,Salaried,10,2,Married,529309,12558,2,19849,194279,1731041,734,20,1,5,4,111664,120,Vehicle,44109.08,45.0,0.211,11702.08,Rejected,1
APP_01669,Pamela Carter,24,Graduate,Self-Employed,1,4,Single,781499,19389,4,29306,164464,2238454,591,1,0,1,0,194152,12,Personal,65124.92,45.0,0.248,16429.92,Rejected,1
APP_01670,Jacqueline Peck,37,Graduate,Contract,17,3,Married,463387,19020,0,0,192048,1372102,612,2,0,1,6,503093,48,Business,38615.58,0.0,1.086,19595.58,Rejected,1
APP_01671,Dawn Frost,22,Postgraduate,Self-Employed,2,1,Married,862264,38111,3,32334,19817,2108376,675,2,0,7,0,1402953,48,Personal,71855.33,45.0,1.627,1410.33,Rejected,1
APP_01672,Melanie Hill,61,Postgraduate,Salaried,8,2,Single,431120,17836,2,16167,58990,2061283,839,15,0,7,0,131350,12,Personal,35926.67,45.0,0.305,1923.67,Approved,0
APP_01673,Daniel King,57,Graduate,Self-Employed,0,1,Married,755437,28465,0,0,340869,1922130,765,12,1,1,0,630055,84,Personal,62953.08,0.0,0.834,34488.08,Rejected,1
APP_01674,Deanna Martinez,25,Graduate,Business Owner,1,2,Single,266718,11249,2,10001,69442,909752,622,3,1,7,1,219128,24,Home,22226.5,45.0,0.822,976.5,Rejected,1
APP_01675,Nathan Pitts,65,Graduate,Salaried,12,0,Married,901284,39229,4,33798,398028,2163939,608,13,1,4,2,1414784,12,Personal,75107.0,45.0,1.57,2080.0,Rejected,1
APP_01676,Eric Griffin,42,Graduate,Self-Employed,12,2,Single,413230,7231,0,0,171822,651646,637,23,1,5,5,520159,60,Home,34435.83,0.0,1.259,27204.83,Rejected,1
APP_01677,Tiffany Green,54,Diploma,Self-Employed,31,4,Single,492709,13185,0,0,156537,1577225,717,4,0,1,1,685906,84,Medical,41059.08,0.0,1.392,27874.08,Approved,0
APP_01678,Joseph Little,44,Graduate,Salaried,14,3,Married,521669,11025,3,19562,161275,2293963,663,9,0,5,3,335597,84,Personal,43472.42,45.0,0.643,12885.42,Rejected,0
APP_01679,Juan Wade,53,Postgraduate,Self-Employed,7,4,Single,906471,36038,2,22886,380690,933817,569,18,1,6,1,1047817,84,Business,75539.25,30.3,1.156,16615.25,Rejected,1
APP_01680,Olivia Pugh,29,Postgraduate,Salaried,8,4,Married,474589,13354,4,17797,10000,1075068,644,6,0,1,1,185670,24,Medical,39549.08,45.0,0.391,8398.08,Rejected,1
APP_01681,William Hicks,33,Graduate,Self-Employed,11,3,Married,960590,17863,4,36022,10000,1242245,644,11,1,7,0,685717,120,Vehicle,80049.17,45.0,0.714,26164.17,Rejected,0
APP_01682,Jason Carter,47,High School,Self-Employed,17,4,Single,570412,12481,4,21390,53171,1327748,688,13,0,8,0,185005,36,Medical,47534.33,45.0,0.324,13663.33,Rejected,0
APP_01683,Joanne Snyder,52,Graduate,Salaried,19,2,Married,773607,19384,4,29010,262116,3019867,657,4,0,7,0,304951,120,Personal,64467.25,45.0,0.394,16073.25,Rejected,0
APP_01684,Nicole Lee,35,High School,Salaried,9,2,Married,344539,11624,4,12920,150925,686929,720,4,0,5,1,315096,24,Business,28711.58,45.0,0.915,4167.58,Rejected,0
APP_01685,James Sullivan,36,High School,Business Owner,12,0,Single,526218,10466,4,19733,197367,795051,586,5,1,3,2,708549,24,Medical,43851.5,45.0,1.346,13652.5,Rejected,1
APP_01686,Douglas Young,55,Graduate,Salaried,10,3,Married,531995,22713,2,19949,165297,1286050,680,12,0,3,0,637492,36,Business,44332.92,45.0,1.198,1670.92,Approved,1
APP_01687,Nicholas Carlson,38,High School,Salaried,2,1,Married,545957,21868,1,12640,170396,1876213,565,6,0,2,2,474955,60,Education,45496.42,27.78,0.87,10988.42,Rejected,1
APP_01688,Jessica Ramirez,38,Postgraduate,Salaried,17,1,Married,418778,10748,0,0,113672,216760,850,18,0,8,0,415911,60,Personal,34898.17,0.0,0.993,24150.17,Approved,0
APP_01689,Rebecca Bush,44,Graduate,Business Owner,21,0,Single,1168880,45732,3,14694,281436,2534224,782,24,0,5,1,1066534,24,Business,97406.67,15.09,0.912,36980.67,Approved,0
APP_01690,Jason Reid,44,High School,Salaried,18,3,Single,571503,17081,3,20067,278190,168662,701,3,0,8,3,680471,12,Vehicle,47625.25,42.14,1.191,10477.25,Approved,0
APP_01691,Meredith Padilla,28,Diploma,Business Owner,3,4,Married,255503,5588,2,9581,32594,363979,840,2,0,8,1,65523,120,Personal,21291.92,45.0,0.256,6122.92,Approved,0
APP_01692,Terry White,41,Diploma,Business Owner,15,0,Married,1366587,30696,0,0,422141,5560418,779,7,0,8,1,1433164,84,Education,113882.25,0.0,1.049,83186.25,Approved,0
APP_01693,Amanda Lopez,49,Graduate,Business Owner,4,1,Married,709669,19752,0,0,306157,1081575,667,19,0,1,1,795482,36,Personal,59139.08,0.0,1.121,39387.08,Approved,0
APP_01694,Brandy Swanson,36,Diploma,Salaried,13,0,Single,660451,12726,2,20984,195505,2233361,701,8,1,3,3,482152,48,Vehicle,55037.58,38.13,0.73,21327.58,Rejected,1
APP_01695,Vanessa Harris,24,Graduate,Contract,3,2,Married,425943,14335,4,15972,128972,992765,654,6,0,6,0,527187,24,Vehicle,35495.25,45.0,1.238,5188.25,Rejected,0
APP_01696,Dr. Jeffrey Phillips,51,Graduate,Salaried,7,4,Single,615258,24375,3,20407,107363,1190567,626,11,1,3,5,536967,120,Personal,51271.5,39.8,0.873,6489.5,Rejected,1
APP_01697,Melissa Ali,28,High School,Business Owner,3,1,Married,1012391,32857,0,0,256721,2553463,850,3,0,2,0,360269,60,Business,84365.92,0.0,0.356,51508.92,Approved,0
APP_01698,Timothy Perkins,59,Graduate,Self-Employed,13,0,Married,375765,14346,2,14091,105601,796087,621,7,0,1,6,527204,48,Business,31313.75,45.0,1.403,2876.75,Rejected,1
APP_01699,Victoria Peterson,49,Graduate,Business Owner,26,1,Married,477466,18568,0,0,225479,1551190,679,14,0,5,2,289830,36,Vehicle,39788.83,0.0,0.607,21220.83,Approved,0
APP_01700,Mr. Frank Rubio,21,Diploma,Salaried,1,2,Married,736433,27854,3,27616,102885,2594395,850,3,0,1,1,494998,48,Business,61369.42,45.0,0.672,5899.42,Approved,0
APP_01701,Nancy Castillo,38,Postgraduate,Salaried,1,0,Married,643456,25182,2,19125,125069,1538261,673,14,0,7,2,429376,60,Personal,53621.33,35.67,0.667,9314.33,Approved,0
APP_01702,Lorraine Welch,31,Graduate,Business Owner,6,2,Single,939355,32347,0,0,144301,2990061,837,1,0,3,0,501232,48,Personal,78279.58,0.0,0.534,45932.58,Approved,0
APP_01703,Alan Potter,21,Graduate,Self-Employed,0,0,Married,839639,23835,2,20864,238976,2616424,734,2,0,5,1,1065263,48,Vehicle,69969.92,29.82,1.269,25270.92,Approved,0
APP_01704,Amanda Robles,51,Graduate,Contract,11,3,Married,580375,16815,4,21764,254360,1908961,850,4,0,5,0,687465,120,Vehicle,48364.58,45.0,1.185,9785.58,Approved,0
APP_01705,Susan Thompson,44,Graduate,Salaried,3,0,Married,707454,27042,0,0,134505,400001,668,8,0,4,2,436518,84,Home,58954.5,0.0,0.617,31912.5,Approved,0
APP_01706,Angela Tyler,63,Diploma,Salaried,13,4,Married,798905,15178,4,29958,458113,2563957,688,5,0,7,0,545801,24,Business,66575.42,45.0,0.683,21439.42,Approved,0
APP_01707,David Pena,44,Graduate,Salaried,13,0,Single,518617,22773,2,15900,199846,712271,742,18,0,3,1,539067,120,Vehicle,43218.08,36.79,1.039,4545.08,Approved,0
APP_01708,Bradley Clark,28,Graduate,Self-Employed,5,3,Single,978947,33126,4,36710,428362,2220054,703,5,0,1,3,813229,24,Business,81578.92,45.0,0.831,11742.92,Approved,1
APP_01709,Brooke Fuller,56,Graduate,Salaried,24,4,Married,862556,21207,1,14948,227261,2507511,735,10,0,5,0,833739,60,Personal,71879.67,20.8,0.967,35724.67,Approved,0
APP_01710,Debbie Chavez,48,Postgraduate,Salaried,27,4,Married,781579,21856,2,14815,163215,1874308,688,25,0,6,2,242912,12,Personal,65131.58,22.75,0.311,28460.58,Rejected,0
APP_01711,Kyle Marshall,47,High School,Salaried,13,0,Married,659871,14533,1,11173,175512,1260794,683,3,0,8,1,906499,24,Business,54989.25,20.32,1.374,29283.25,Approved,0
APP_01712,Rebecca Castaneda,58,Diploma,Salaried,8,4,Married,416788,15434,3,15629,106400,1213540,573,25,1,7,2,533975,36,Vehicle,34732.33,45.0,1.281,3669.33,Rejected,1
APP_01713,Michelle Rhodes,38,Graduate,Salaried,9,3,Married,628868,12783,3,23582,161551,3112204,703,6,0,6,0,378389,120,Medical,52405.67,45.0,0.602,16040.67,Rejected,0
APP_01714,Elizabeth Fox,43,Diploma,Salaried,17,3,Married,739901,30222,1,7008,112137,2846558,649,1,1,5,6,931639,60,Personal,61658.42,11.37,1.259,24428.42,Rejected,1
APP_01715,Bobby Williams,56,High School,Salaried,31,3,Single,583298,14129,3,19047,114874,1715123,525,24,1,3,5,368411,84,Vehicle,48608.17,39.18,0.632,15432.17,Rejected,1
APP_01716,Luis Norris,36,Graduate,Contract,11,3,Married,649238,15615,0,0,76567,2331323,736,9,0,3,1,308558,12,Medical,54103.17,0.0,0.475,38488.17,Approved,0
APP_01717,Ricardo Jackson,57,Postgraduate,Self-Employed,17,2,Single,761111,28841,4,28541,119329,1989442,579,6,1,7,6,833927,24,Home,63425.92,45.0,1.096,6043.92,Rejected,1
APP_01718,Shelby Campbell,30,Graduate,Salaried,3,3,Married,656377,12870,0,0,257567,2880100,700,12,0,6,0,294169,12,Personal,54698.08,0.0,0.448,41828.08,Approved,0
APP_01719,Victoria Beard,58,Postgraduate,Self-Employed,20,0,Married,966856,27875,0,0,162126,2360216,580,13,0,7,3,432003,120,Home,80571.33,0.0,0.447,52696.33,Approved,1
APP_01720,James Logan,21,Diploma,Contract,1,4,Single,566273,13249,3,21235,250644,780809,644,3,0,5,3,742249,36,Business,47189.42,45.0,1.311,12705.42,Rejected,1
APP_01721,Jonathan Black,62,Graduate,Contract,35,3,Single,474292,15475,4,17785,254958,1889171,772,21,0,1,0,459766,120,Home,39524.33,45.0,0.969,6264.33,Approved,0
APP_01722,Richard Williams,35,Graduate,Salaried,5,3,Single,716636,22518,3,26873,220252,2084642,702,11,0,5,4,649604,84,Business,59719.67,45.0,0.906,10328.67,Rejected,1
APP_01723,Sharon Parker,36,Diploma,Self-Employed,13,2,Married,919098,35706,2,12953,362176,405374,717,8,0,7,1,422576,24,Education,76591.5,16.91,0.46,27932.5,Approved,0
APP_01724,Nicholas Lawson,45,Postgraduate,Salaried,3,4,Married,566202,24664,1,8877,110712,754800,688,7,0,3,1,317628,60,Vehicle,47183.5,18.81,0.561,13642.5,Approved,0
APP_01725,James Russell,22,Graduate,Salaried,1,4,Married,690262,14600,1,6255,288752,2193732,777,3,0,2,0,341085,84,Home,57521.83,10.87,0.494,36666.83,Approved,0
APP_01726,Paula Perkins,43,Graduate,Salaried,7,0,Single,880751,38277,3,28233,578677,1197640,723,20,0,6,0,684259,84,Personal,73395.92,38.47,0.777,6885.92,Approved,0
APP_01727,Joseph Dixon,62,High School,Salaried,21,3,Single,872927,24687,2,13986,38443,2430750,748,16,0,8,0,917906,12,Home,72743.92,19.23,1.052,34070.92,Approved,0
APP_01728,Kenneth Valdez,39,High School,Self-Employed,4,2,Married,1048562,45810,0,0,145827,1960999,615,13,0,8,5,1684915,24,Vehicle,87380.17,0.0,1.607,41570.17,Approved,1
APP_01729,Mary White,42,High School,Salaried,2,3,Married,818655,23174,0,0,180450,2708748,720,15,0,3,0,1030655,60,Education,68221.25,0.0,1.259,45047.25,Approved,0
APP_01730,William Hernandez,30,Diploma,Salaried,10,0,Married,710417,19587,1,13921,295043,2584473,662,2,0,2,3,837258,24,Medical,59201.42,23.51,1.179,25693.42,Rejected,0
APP_01731,James Robinson,26,Graduate,Self-Employed,0,0,Single,631455,26593,1,3302,328121,1877301,799,6,0,1,0,752493,120,Home,52621.25,6.28,1.192,22726.25,Approved,0
APP_01732,Erin Williams,32,Postgraduate,Salaried,9,4,Married,1021577,20310,0,0,378410,2248900,722,1,0,7,0,971077,24,Medical,85131.42,0.0,0.951,64821.42,Approved,0
APP_01733,Edward Mahoney,22,Graduate,Salaried,1,0,Single,697511,28006,3,19865,262181,1074796,692,1,0,2,2,337940,24,Vehicle,58125.92,34.18,0.484,10254.92,Approved,1
APP_01734,Susan Patel,52,Postgraduate,Self-Employed,27,2,Single,718739,31874,0,0,82428,1156317,813,5,0,4,0,784189,84,Business,59894.92,0.0,1.091,28020.92,Approved,0
APP_01735,Linda Estes,21,High School,Salaried,1,0,Married,388124,14963,0,0,117441,944557,671,3,0,5,0,291107,48,Home,32343.67,0.0,0.75,17380.67,Approved,0
APP_01736,Barbara Williams,21,Graduate,Business Owner,0,2,Single,1360542,30338,4,29073,315010,541263,759,2,0,2,0,1267635,120,Personal,113378.5,25.64,0.932,53967.5,Approved,0
APP_01737,Katie Vega,41,Graduate,Salaried,21,2,Single,1020974,30016,4,38286,121899,2073474,721,3,0,7,1,1109764,36,Medical,85081.17,45.0,1.087,16779.17,Approved,0
APP_01738,Heather Price,31,Diploma,Salaried,5,0,Single,471208,21491,1,16470,144914,1767320,636,1,0,7,5,535637,24,Personal,39267.33,41.94,1.137,1306.33,Rejected,1
APP_01739,Nicholas Baker,45,Diploma,Self-Employed,8,2,Married,499361,15111,3,18726,129229,1338853,759,24,0,1,0,613725,120,Home,41613.42,45.0,1.229,7776.42,Approved,0
APP_01740,Melanie Collier,24,Graduate,Salaried,0,1,Married,180000,3478,0,0,55387,239520,695,6,0,8,0,50000,24,Medical,15000.0,0.0,0.278,11522.0,Approved,0
APP_01741,Jesus Rogers,22,Postgraduate,Self-Employed,0,2,Single,568780,17981,0,0,424944,1828410,747,1,0,3,1,382454,36,Personal,47398.33,0.0,0.672,29417.33,Approved,0
APP_01742,Benjamin Snyder,39,Diploma,Business Owner,12,0,Married,1356612,34475,1,9322,520545,2723709,610,12,1,1,1,551254,48,Medical,113051.0,8.25,0.406,69254.0,Rejected,1
APP_01743,Lisa Phillips,65,Graduate,Salaried,28,2,Married,417429,10970,0,0,203337,1185903,683,10,0,5,0,586854,24,Home,34785.75,0.0,1.406,23815.75,Approved,0
APP_01744,Riley Hayes,31,High School,Salaried,1,1,Married,907090,39171,3,34015,111822,2249671,590,10,1,6,3,854665,120,Home,75590.83,45.0,0.942,2404.83,Rejected,1
APP_01745,Bonnie White,25,High School,Salaried,4,1,Married,793808,30221,0,0,273489,1358116,761,4,0,7,0,928468,36,Personal,66150.67,0.0,1.17,35929.67,Approved,0
APP_01746,Matthew Guerra,25,High School,Business Owner,1,4,Single,1161571,53079,0,0,519673,2839535,730,5,0,6,0,686121,36,Personal,96797.58,0.0,0.591,43718.58,Approved,0
APP_01747,Jason Davenport,42,Graduate,Salaried,14,1,Married,518394,12166,0,0,363555,1459419,654,21,0,8,0,151024,120,Home,43199.5,0.0,0.291,31033.5,Rejected,0
APP_01748,Diana Mitchell,25,Graduate,Business Owner,3,0,Married,777021,18478,2,18123,151466,2836571,683,5,0,3,1,773089,36,Education,64751.75,27.99,0.995,28150.75,Approved,0
APP_01749,Melanie Lopez,21,Diploma,Contract,0,1,Married,608775,12458,4,22829,42832,1368575,637,3,1,6,0,715727,48,Personal,50731.25,45.0,1.176,15444.25,Rejected,1
APP_01750,William Saunders,53,Graduate,Salaried,12,4,Married,972067,17343,0,0,221861,4580237,663,24,0,5,2,1272778,120,Education,81005.58,0.0,1.309,63662.58,Approved,0
APP_01751,Jason Jones,33,Graduate,Contract,0,4,Married,579751,10492,2,21740,189828,1227610,797,13,0,3,0,157136,48,Personal,48312.58,45.0,0.271,16080.58,Approved,0
APP_01752,Ricky May,42,Postgraduate,Salaried,21,2,Single,892439,30428,4,33466,499978,984817,589,5,1,8,2,317080,48,Home,74369.92,45.0,0.355,10475.92,Rejected,1
APP_01753,Frank Hill,21,Postgraduate,Salaried,1,2,Married,336745,9338,2,12627,10000,526418,478,2,0,8,5,342640,48,Business,28062.08,45.0,1.018,6097.08,Rejected,1
APP_01754,Samantha Newman,62,Graduate,Salaried,26,1,Married,733063,21883,1,10557,212200,1950287,712,13,1,7,0,302850,24,Vehicle,61088.58,17.28,0.413,28648.58,Approved,0
APP_01755,John Anderson,27,Diploma,Salaried,4,4,Single,734537,12581,0,0,333126,716451,690,5,1,2,1,120019,12,Vehicle,61211.42,0.0,0.163,48630.42,Rejected,0
APP_01756,Christopher Reed,22,Graduate,Salaried,0,1,Married,529990,13494,0,0,178942,1891994,703,2,0,3,0,687373,84,Business,44165.83,0.0,1.297,30671.83,Approved,0
APP_01757,Frank Walker,35,Postgraduate,Salaried,2,2,Single,453580,10579,0,0,85585,753141,681,2,0,4,0,501660,48,Home,37798.33,0.0,1.106,27219.33,Approved,0
APP_01758,Mr. Anthony Arellano DDS,38,High School,Salaried,2,0,Married,689913,21392,0,0,173146,1385244,706,9,0,7,1,549488,60,Education,57492.75,0.0,0.796,36100.75,Approved,0
APP_01759,Olivia Bradley,30,Graduate,Salaried,1,4,Married,403237,12874,3,15121,180532,751834,706,2,0,7,2,311360,84,Education,33603.08,45.0,0.772,5608.08,Approved,0
APP_01760,Rachel Fischer,31,Postgraduate,Self-Employed,3,3,Married,618111,12656,1,3054,301263,929380,608,7,0,5,3,835950,12,Medical,51509.25,5.93,1.352,35799.25,Approved,1
APP_01761,Richard Kemp,57,Postgraduate,Contract,20,0,Single,434661,19489,2,14168,165929,1543314,666,2,0,5,3,618547,120,Home,36221.75,39.11,1.423,2564.75,Rejected,1
APP_01762,Casey Williams,36,Graduate,Self-Employed,3,1,Married,1057306,42881,1,9744,552564,1825929,785,3,0,6,0,457092,36,Home,88108.83,11.06,0.432,35483.83,Rejected,0
APP_01763,Elizabeth Roberts,25,Graduate,Salaried,0,0,Married,559479,24482,2,18744,180776,1018245,688,7,0,3,0,240297,12,Medical,46623.25,40.2,0.43,3397.25,Approved,1
APP_01764,Michelle Roberts,33,Diploma,Business Owner,13,0,Single,728221,25270,1,16751,354982,1024242,751,13,0,8,0,628162,36,Vehicle,60685.08,27.6,0.863,18664.08,Approved,0
APP_01765,Justin Clements,60,Graduate,Salaried,5,2,Single,568491,15474,1,12425,10000,795533,707,5,0,2,0,309043,60,Personal,47374.25,26.23,0.544,19475.25,Approved,0
APP_01766,Sarah Smith,47,Postgraduate,Salaried,7,1,Single,423113,13788,0,0,119119,745693,688,3,0,3,0,212208,36,Personal,35259.42,0.0,0.502,21471.42,Approved,0
APP_01767,Mackenzie Perry,52,High School,Salaried,26,3,Single,907771,18506,4,27158,333487,125299,737,1,0,6,2,585471,36,Education,75647.58,35.9,0.645,29983.58,Approved,0
APP_01768,Richard Zuniga,26,High School,Salaried,5,1,Married,629775,16196,0,0,63788,2001553,708,6,1,4,0,842278,60,Vehicle,52481.25,0.0,1.337,36285.25,Rejected,0
APP_01769,Felicia Reyes,39,Graduate,Self-Employed,16,1,Married,1146107,51532,0,0,304324,3346377,761,17,0,5,2,627082,12,Home,95508.92,0.0,0.547,43976.92,Approved,0
APP_01770,Catherine Hendrix,32,Graduate,Contract,10,4,Single,557933,23803,3,20922,161909,2435714,659,9,0,6,1,439389,48,Vehicle,46494.42,45.0,0.788,1769.42,Rejected,0
APP_01771,Brian Johnson,53,Postgraduate,Salaried,8,2,Married,790981,29383,0,0,225527,0,661,23,1,2,0,951123,12,Personal,65915.08,0.0,1.202,36532.08,Rejected,0
APP_01772,Denise Walker,28,Diploma,Self-Employed,4,2,Married,1133257,35048,0,0,285876,1011340,690,7,0,4,0,333455,36,Business,94438.08,0.0,0.294,59390.08,Approved,0
APP_01773,Leah Martinez,37,Graduate,Salaried,7,1,Married,539188,21502,4,20219,33938,1412375,651,15,1,3,1,659331,36,Business,44932.33,45.0,1.223,3211.33,Rejected,1
APP_01774,Tracy Flores,60,Graduate,Salaried,32,3,Married,852889,28421,2,23202,216468,2076978,743,11,0,5,0,431065,60,Home,71074.08,32.64,0.505,19451.08,Approved,0
APP_01775,Lori Harris,39,Diploma,Salaried,11,4,Single,455257,11519,4,17072,76596,1270885,780,14,0,3,0,494138,60,Education,37938.08,45.0,1.085,9347.08,Approved,0
APP_01776,Michael Sullivan,52,Graduate,Self-Employed,2,3,Married,662490,13027,0,0,260271,1980938,850,11,0,7,1,383635,60,Business,55207.5,0.0,0.579,42180.5,Approved,0
APP_01777,Thomas Brown,39,Postgraduate,Salaried,18,0,Single,431577,18265,2,16184,168377,744648,735,2,0,2,2,610395,36,Medical,35964.75,45.0,1.414,1515.75,Rejected,0
APP_01778,Crystal Hopkins,50,Graduate,Salaried,23,3,Single,704995,18886,4,26437,72943,2569475,694,24,0,3,1,1017350,48,Medical,58749.58,45.0,1.443,13426.58,Rejected,0
APP_01779,Amy Clark,26,Graduate,Salaried,5,4,Single,815488,20610,3,30580,260327,1667687,771,4,0,1,0,933926,60,Business,67957.33,45.0,1.145,16767.33,Approved,0
APP_01780,Marcus Owens,48,Postgraduate,Contract,27,4,Single,737624,28897,3,27660,190871,1025786,641,16,1,2,3,464038,48,Vehicle,61468.67,45.0,0.629,4911.67,Rejected,1
APP_01781,Alicia Herrera,56,Graduate,Salaried,3,0,Married,530697,12816,4,19901,207725,1354573,696,2,1,6,0,737154,36,Personal,44224.75,45.0,1.389,11507.75,Rejected,0
APP_01782,Teresa Willis,48,Postgraduate,Contract,22,2,Married,342112,7050,2,12829,163576,1929208,628,25,1,8,3,152198,84,Business,28509.33,45.0,0.445,8630.33,Rejected,1
APP_01783,Teresa Saunders,53,Graduate,Contract,12,4,Married,421839,8763,3,15818,135085,600280,663,10,0,5,0,50000,120,Education,35153.25,45.0,0.119,10572.25,Rejected,0
APP_01784,Olivia Carter,42,Graduate,Salaried,3,2,Married,950286,16291,0,0,385325,837765,670,16,0,7,2,589017,24,Medical,79190.5,0.0,0.62,62899.5,Approved,0
APP_01785,Mr. Michael Bowman,50,Graduate,Salaried,15,0,Married,856549,35402,1,16907,266377,2432370,573,9,1,2,4,819010,84,Vehicle,71379.08,23.69,0.956,19070.08,Rejected,1
APP_01786,Keith Edwards,62,Graduate,Salaried,29,4,Single,627773,15800,3,23541,235971,1221060,730,3,1,7,0,558260,36,Personal,52314.42,45.0,0.889,12973.42,Rejected,0
APP_01787,Shari Smith,43,Graduate,Salaried,18,0,Single,681444,13165,4,25554,351648,1987055,757,9,0,6,1,361691,36,Personal,56787.0,45.0,0.531,18068.0,Approved,0
APP_01788,Colleen Lloyd,45,High School,Salaried,2,3,Married,934715,32329,4,35051,276753,2340021,751,17,0,2,0,415641,48,Education,77892.92,45.0,0.445,10512.92,Approved,0
APP_01789,Jason Smith,33,Diploma,Self-Employed,12,0,Married,260615,5451,4,9773,75366,943188,692,2,0,7,1,182096,36,Vehicle,21717.92,45.0,0.699,6493.92,Approved,0
APP_01790,Kathleen Turner,35,Graduate,Salaried,1,1,Single,593043,23968,0,0,223259,1859756,793,11,0,5,0,693916,36,Personal,49420.25,0.0,1.17,25452.25,Rejected,0
APP_01791,George Stephens,59,Graduate,Salaried,6,0,Single,782283,25912,3,29335,327858,1745102,603,13,0,3,2,829657,84,Vehicle,65190.25,45.0,1.061,9943.25,Rejected,1
APP_01792,Peter Hammond,22,Graduate,Salaried,1,2,Married,844159,24710,3,31655,348624,2202637,728,4,1,3,0,764769,24,Home,70346.58,45.0,0.906,13981.58,Rejected,1
APP_01793,Maria Hopkins,47,Graduate,Salaried,10,3,Single,719391,30038,1,14431,167824,1848939,618,2,1,6,1,1020901,120,Home,59949.25,24.07,1.419,15480.25,Rejected,1
APP_01794,Anna Hicks,47,Diploma,Salaried,6,2,Married,587897,9922,4,22046,98968,1958689,756,10,0,1,1,264990,24,Personal,48991.42,45.0,0.451,17023.42,Approved,0
APP_01795,Raymond Nichols,38,Postgraduate,Salaried,10,3,Married,777431,18792,1,7253,173079,2619619,740,17,0,3,1,990776,36,Education,64785.92,11.2,1.274,38740.92,Approved,0
APP_01796,Brenda Johnson,45,High School,Self-Employed,13,0,Single,1019095,21018,0,0,522518,3887451,672,8,0,4,0,776764,24,Vehicle,84924.58,0.0,0.762,63906.58,Approved,0
APP_01797,Janet Rogers,32,Diploma,Salaried,3,4,Married,851720,36254,2,26720,238162,2138067,573,4,0,5,5,548526,120,Vehicle,70976.67,37.65,0.644,8002.67,Rejected,1
APP_01798,Ronnie Arellano,43,Graduate,Self-Employed,5,3,Single,907632,17416,4,34036,426122,2748268,677,25,0,7,2,645849,84,Personal,75636.0,45.0,0.712,24184.0,Rejected,0
APP_01799,Timothy Fitzgerald,34,Postgraduate,Self-Employed,12,3,Single,971026,21376,0,0,140106,3841510,582,5,0,2,5,1330666,60,Personal,80918.83,0.0,1.37,59542.83,Rejected,1
APP_01800,Christopher Valentine,26,Graduate,Business Owner,2,2,Married,1272609,28621,0,0,310233,3125165,719,6,0,7,4,1614390,12,Personal,106050.75,0.0,1.269,77429.75,Rejected,0
APP_01801,Timothy Jimenez,35,Graduate,Salaried,7,0,Married,1012715,43376,1,14491,262163,3109630,671,8,0,1,0,657444,36,Medical,84392.92,17.17,0.649,26525.92,Approved,0
APP_01802,Tammy Ortiz,57,Postgraduate,Salaried,26,3,Married,868677,21997,0,0,443812,1577048,698,13,1,8,1,1009741,48,Business,72389.75,0.0,1.162,50392.75,Approved,0
APP_01803,Dennis Buchanan,50,Graduate,Salaried,20,2,Single,746376,17276,4,26564,156631,957652,717,9,0,4,2,1098091,48,Vehicle,62198.0,42.71,1.471,18358.0,Approved,0
APP_01804,Darryl Dunn,23,Graduate,Self-Employed,1,1,Married,971150,21090,0,0,226158,2142448,649,4,1,5,0,920934,84,Medical,80929.17,0.0,0.948,59839.17,Rejected,1
APP_01805,Donna Porter,50,Graduate,Salaried,9,0,Single,478917,14897,1,8950,184838,1807138,753,10,1,3,2,214970,48,Vehicle,39909.75,22.43,0.449,16062.75,Approved,1
APP_01806,Michael Johnson,55,Postgraduate,Self-Employed,2,0,Married,450850,10419,2,16906,39740,1285002,700,4,0,5,0,346896,12,Home,37570.83,45.0,0.769,10245.83,Rejected,0
APP_01807,Ashley Lee,24,Graduate,Salaried,0,2,Married,749205,32348,1,4774,365051,2210212,474,3,0,4,4,479981,12,Vehicle,62433.75,7.65,0.641,25311.75,Rejected,0
APP_01808,Wanda Smith,61,Diploma,Salaried,25,1,Married,481578,17191,3,18059,181742,739249,717,16,0,5,1,172885,12,Personal,40131.5,45.0,0.359,4881.5,Rejected,0
APP_01809,Joseph Hudson,45,Graduate,Salaried,10,4,Single,742393,25736,2,9692,200242,3332005,670,19,0,3,0,831356,48,Personal,61866.08,15.67,1.12,26438.08,Approved,0
APP_01810,George Curtis,27,Postgraduate,Self-Employed,2,0,Married,357918,7302,3,13421,99844,76085,700,7,0,7,0,528266,12,Personal,29826.5,45.0,1.476,9103.5,Rejected,1
APP_01811,Michael Young,63,High School,Business Owner,19,0,Single,913963,36835,3,23624,630554,2436235,761,15,0,8,0,944005,12,Vehicle,76163.58,31.02,1.033,15704.58,Approved,0
APP_01812,Patricia Forbes,57,Postgraduate,Salaried,28,3,Single,612013,14438,0,0,75509,2054451,687,20,0,2,1,307729,84,Home,51001.08,0.0,0.503,36563.08,Approved,0
APP_01813,Michael Sanchez,47,Graduate,Salaried,12,3,Married,758609,34259,0,0,111294,1025778,657,17,0,3,2,217792,36,Personal,63217.42,0.0,0.287,28958.42,Rejected,0
APP_01814,Victor Leblanc,60,Graduate,Self-Employed,20,3,Single,614151,21666,1,13499,168557,1235920,553,16,0,6,1,165437,48,Business,51179.25,26.38,0.269,16014.25,Rejected,0
APP_01815,Amanda Nelson,32,Postgraduate,Business Owner,5,2,Single,507245,17336,3,19021,148733,1749180,823,7,0,5,0,487184,48,Education,42270.42,45.0,0.96,5913.42,Approved,0
APP_01816,Colleen Cooper,47,Graduate,Salaried,6,0,Single,941318,40685,1,15852,214163,2127941,620,21,0,4,3,884156,24,Medical,78443.17,20.21,0.939,21906.17,Rejected,1
APP_01817,Jennifer Wang,56,Postgraduate,Self-Employed,18,4,Married,814865,26100,4,29433,208986,2327439,707,10,1,1,0,788001,60,Home,67905.42,43.34,0.967,12372.42,Rejected,1
APP_01818,Cameron Moreno,52,High School,Salaried,7,2,Married,567141,20936,3,21267,262878,1829615,722,2,0,8,0,634299,60,Education,47261.75,45.0,1.118,5058.75,Approved,1
APP_01819,Casey Price,41,Graduate,Salaried,16,3,Married,280001,8836,0,0,74357,763299,672,8,1,2,3,345931,60,Personal,23333.42,0.0,1.235,14497.42,Rejected,1
APP_01820,John Salazar,54,High School,Salaried,19,0,Single,619972,17486,3,23248,185045,1837643,611,25,0,5,3,841251,24,Business,51664.33,45.0,1.357,10930.33,Rejected,1
APP_01821,Victor Pennington,45,Graduate,Self-Employed,23,0,Married,1128963,28195,4,35657,337360,3316795,769,15,0,6,0,1567087,60,Business,94080.25,37.9,1.388,30228.25,Approved,0
APP_01822,Peggy Allen,51,Postgraduate,Salaried,26,0,Married,461169,12484,0,0,204028,2692019,576,4,1,2,1,346153,120,Personal,38430.75,0.0,0.751,25946.75,Rejected,1
APP_01823,Gregory Moore,42,Diploma,Self-Employed,4,1,Married,358584,7534,4,13446,39502,1698499,723,18,0,1,1,309224,36,Home,29882.0,45.0,0.862,8902.0,Rejected,0
APP_01824,Nancy Myers,26,Graduate,Salaried,3,2,Married,763892,23183,4,28645,80512,1988219,544,4,0,8,6,688824,24,Medical,63657.67,45.0,0.902,11829.67,Rejected,1
APP_01825,Brian Smith,32,Postgraduate,Salaried,7,0,Married,625287,27238,0,0,135519,2073003,648,10,1,2,2,747797,60,Business,52107.25,0.0,1.196,24869.25,Rejected,1
APP_01826,Heather Curtis,32,Graduate,Self-Employed,6,2,Married,748738,29394,3,28077,206841,1062408,727,3,0,5,2,874457,120,Personal,62394.83,45.0,1.168,4923.83,Rejected,0
APP_01827,Joanne Smith,32,Graduate,Salaried,8,4,Married,838264,14575,4,31434,274453,920900,673,14,0,4,1,676636,60,Personal,69855.33,45.0,0.807,23846.33,Approved,0
APP_01828,Antonio Finley,62,Postgraduate,Salaried,17,1,Married,394323,15049,1,7203,65502,1862369,749,7,0,1,1,548226,48,Home,32860.25,21.92,1.39,10608.25,Approved,0
APP_01829,Justin Ingram,27,Graduate,Salaried,0,4,Married,272006,8924,0,0,126687,894178,706,8,0,1,1,136916,84,Education,22667.17,0.0,0.503,13743.17,Approved,0
APP_01830,Daniel Dean II,22,Diploma,Salaried,0,3,Married,624587,19683,3,23422,103504,1850699,689,1,0,8,1,439925,84,Personal,52048.92,45.0,0.704,8943.92,Rejected,0
APP_01831,Jordan Hansen DDS,37,Diploma,Contract,17,3,Single,567693,9828,2,17928,87299,1758833,675,8,0,5,0,276107,24,Home,47307.75,37.9,0.486,19551.75,Rejected,0
APP_01832,Sheila Li,46,High School,Salaried,10,1,Married,588709,18379,3,22076,327115,2884566,735,12,0,8,1,882621,84,Home,49059.08,45.0,1.499,8604.08,Approved,0
APP_01833,Mrs. Nancy White MD,61,Postgraduate,Salaried,29,4,Married,830163,18454,4,31131,331009,2895352,763,3,0,4,0,799860,60,Home,69180.25,45.0,0.963,19595.25,Approved,0
APP_01834,Lori Norton,29,Graduate,Self-Employed,2,1,Married,1068029,19113,3,40051,188135,2508205,668,2,0,5,0,514284,36,Personal,89002.42,45.0,0.482,29838.42,Rejected,0
APP_01835,Barbara Ingram,62,Graduate,Self-Employed,15,0,Married,953847,17554,1,3319,335799,1979912,681,10,0,3,1,656954,24,Medical,79487.25,4.18,0.689,58614.25,Approved,0
APP_01836,Robert Johnson,56,Diploma,Salaried,14,0,Married,660987,27651,1,15394,295988,1916480,706,23,1,8,4,172373,84,Vehicle,55082.25,27.95,0.261,12037.25,Rejected,1
APP_01837,Dr. Kyle Harris II,55,Diploma,Business Owner,3,2,Married,948411,21483,4,35565,92579,1049991,592,17,1,4,0,1196496,24,Personal,79034.25,45.0,1.262,21986.25,Rejected,1
APP_01838,Brandi Scott,29,Diploma,Contract,7,4,Married,600545,25351,2,22520,168754,2242112,555,5,0,1,2,726581,60,Vehicle,50045.42,45.0,1.21,2174.42,Rejected,1
APP_01839,Evan Krueger,49,Graduate,Self-Employed,27,4,Married,919964,31226,4,30492,164308,2860347,758,1,0,1,0,412804,60,Personal,76663.67,39.77,0.449,14945.67,Approved,0
APP_01840,Amanda Murphy,53,Graduate,Business Owner,24,1,Married,1378035,40072,2,7779,69404,3615107,585,3,0,4,1,829502,12,Personal,114836.25,6.77,0.602,66985.25,Rejected,0
APP_01841,William Giles,36,Graduate,Salaried,12,4,Single,566230,18275,1,4477,137147,1886866,722,9,0,4,0,715773,48,Personal,47185.83,9.49,1.264,24433.83,Approved,0
APP_01842,James Leach,35,Diploma,Self-Employed,12,0,Married,776608,26804,4,29122,188895,2779819,679,1,1,5,0,727682,60,Home,64717.33,45.0,0.937,8791.33,Rejected,1
APP_01843,Christopher Tucker,54,Graduate,Self-Employed,33,3,Married,576175,22738,4,21606,154067,1581439,703,7,0,5,1,297785,12,Home,48014.58,45.0,0.517,3670.58,Rejected,0
APP_01844,Christopher Powell,28,Graduate,Business Owner,0,4,Married,787811,34293,2,19497,121718,2173234,640,9,0,1,5,429420,120,Vehicle,65650.92,29.7,0.545,11860.92,Rejected,1
APP_01845,Shelia Payne,41,Graduate,Salaried,11,0,Married,700048,25331,0,0,287912,2272261,799,14,0,5,1,1035098,120,Home,58337.33,0.0,1.479,33006.33,Approved,0
APP_01846,Megan Schultz,43,Graduate,Self-Employed,16,4,Single,661155,14757,3,24793,321349,2509158,690,16,1,2,1,261557,60,Education,55096.25,45.0,0.396,15546.25,Rejected,1
APP_01847,Dawn Castillo,33,High School,Salaried,6,2,Married,255337,9516,1,9575,77369,337667,603,14,0,5,5,214167,120,Personal,21278.08,45.0,0.839,2187.08,Rejected,1
APP_01848,Melissa Barker,33,Graduate,Salaried,7,1,Single,757201,13225,3,28395,119139,1761094,746,3,0,5,0,624561,36,Home,63100.08,45.0,0.825,21480.08,Approved,0
APP_01849,Steven Woodard,40,Graduate,Salaried,0,2,Married,484186,18912,1,9594,256677,1123741,689,8,0,1,0,223916,24,Home,40348.83,23.78,0.462,11842.83,Approved,0
APP_01850,Michelle Morgan,31,Graduate,Salaried,4,4,Single,406380,10223,2,15239,139538,896360,622,13,0,1,2,413562,84,Medical,33865.0,45.0,1.018,8403.0,Rejected,1
APP_01851,Stephanie Case,44,Graduate,Salaried,23,4,Single,249243,9079,4,9346,71845,436280,595,1,0,5,6,254970,48,Personal,20770.25,45.0,1.023,2345.25,Rejected,1
APP_01852,Tracy Miller,47,Graduate,Contract,15,4,Married,331291,14339,2,12423,134237,834193,794,15,0,2,0,358749,120,Education,27607.58,45.0,1.083,845.58,Rejected,1
APP_01853,Katherine Cox,52,Graduate,Business Owner,0,2,Married,1032120,28350,1,7101,227050,2450071,666,17,0,7,0,771885,48,Home,86010.0,8.26,0.748,50559.0,Approved,0
APP_01854,Derek Smith,22,Diploma,Salaried,0,3,Married,325488,14138,2,12205,19860,1033677,675,3,0,4,3,202514,36,Medical,27124.0,45.0,0.622,781.0,Rejected,1
APP_01855,Johnny Collins MD,45,Diploma,Salaried,24,4,Married,494117,17082,4,18529,65898,1015453,655,14,0,5,1,494917,48,Vehicle,41176.42,45.0,1.002,5565.42,Rejected,0
APP_01856,Arthur Myers,54,Graduate,Salaried,23,3,Married,828195,29049,3,31057,423499,637799,664,21,0,7,0,1149704,84,Vehicle,69016.25,45.0,1.388,8910.25,Approved,1
APP_01857,Erika Wong,53,High School,Salaried,5,3,Married,728779,22610,3,27329,255041,1920070,766,25,0,2,0,710609,120,Medical,60731.58,45.0,0.975,10792.58,Approved,0
APP_01858,Brianna Snyder,57,Graduate,Salaried,22,0,Single,512202,15176,4,19207,94351,1405792,760,1,0,7,0,271262,36,Medical,42683.5,45.0,0.53,8300.5,Rejected,0
APP_01859,Scott Carr,65,Diploma,Salaried,14,0,Married,312392,5532,3,11714,29857,1209255,712,14,0,8,0,448786,36,Personal,26032.67,45.0,1.437,8786.67,Rejected,0
APP_01860,Susan Arnold,48,Postgraduate,Business Owner,0,1,Single,1112459,42476,2,30739,391067,2972939,787,9,0,1,0,1721827,84,Home,92704.92,33.16,1.548,19489.92,Approved,0
APP_01861,Gary Hall,62,Graduate,Salaried,11,1,Single,635649,23313,0,0,99498,1221694,636,22,0,8,1,515548,60,Vehicle,52970.75,0.0,0.811,29657.75,Rejected,1
APP_01862,Linda Ross,46,Graduate,Business Owner,8,1,Single,982563,24501,4,36846,56876,3272051,697,22,0,4,0,1564635,36,Business,81880.25,45.0,1.592,20533.25,Rejected,1
APP_01863,Andrew Padilla,39,Graduate,Salaried,17,4,Single,499774,20125,2,18741,205764,1775685,594,17,0,7,2,766052,60,Business,41647.83,45.0,1.533,2781.83,Rejected,1
APP_01864,Daniel Mills,22,Diploma,Salaried,1,1,Single,725125,17695,0,0,445199,2638359,679,2,0,8,3,715729,24,Education,60427.08,0.0,0.987,42732.08,Approved,0
APP_01865,Vincent Thompson,58,High School,Self-Employed,35,0,Single,661786,22996,4,24816,35685,408096,767,13,0,2,0,1099424,12,Vehicle,55148.83,45.0,1.661,7336.83,Approved,0
APP_01866,Ms. Bethany Hill,26,High School,Business Owner,4,3,Married,1204034,37490,0,0,458180,3534493,749,3,0,7,4,565452,120,Personal,100336.17,0.0,0.47,62846.17,Approved,0
APP_01867,Daniel Gonzalez,48,Graduate,Business Owner,26,0,Married,1780003,78637,0,0,610853,5785571,596,23,0,5,3,1579733,48,Personal,148333.58,0.0,0.887,69696.58,Rejected,1
APP_01868,Blake Nguyen,60,Graduate,Self-Employed,30,1,Single,243409,10194,1,9127,10000,711170,765,5,0,3,0,96662,60,Business,20284.08,45.0,0.397,963.08,Approved,0
APP_01869,Mr. Scott Clark,41,High School,Salaried,11,0,Married,584428,13455,3,21916,112627,1271844,633,12,1,4,1,187457,36,Home,48702.33,45.0,0.321,13331.33,Rejected,1
APP_01870,Angela Sutton,64,High School,Salaried,20,2,Married,673453,23419,2,12175,271521,1403225,716,5,0,8,3,755848,120,Home,56121.08,21.69,1.122,20527.08,Approved,0
APP_01871,Christopher Lyons,47,Diploma,Salaried,20,0,Married,583518,14089,1,6322,55303,1053486,774,19,1,4,1,932219,12,Personal,48626.5,13.0,1.598,28215.5,Approved,0
APP_01872,Monica Pace,60,Diploma,Salaried,7,1,Married,615485,26985,2,20206,235367,1092408,617,11,0,2,5,355914,120,Personal,51290.42,39.4,0.578,4099.42,Rejected,1
APP_01873,Luis Marsh,54,Graduate,Salaried,4,4,Single,598441,17931,4,22441,175295,1466914,562,3,1,2,0,149390,48,Vehicle,49870.08,45.0,0.25,9498.08,Rejected,1
APP_01874,Darryl Sosa,54,High School,Business Owner,28,3,Single,845600,15347,0,0,37094,2432103,672,11,0,4,1,177817,12,Vehicle,70466.67,0.0,0.21,55119.67,Approved,0
APP_01875,Diana Blake,47,Graduate,Contract,17,4,Married,484204,9403,2,13586,143970,1675733,725,24,0,7,2,131135,48,Personal,40350.33,33.67,0.271,17361.33,Rejected,0
APP_01876,Elizabeth Barnes,50,Graduate,Salaried,12,3,Married,1026987,42166,3,32991,276324,3337173,642,14,1,2,1,914147,36,Vehicle,85582.25,38.55,0.89,10425.25,Rejected,1
APP_01877,Michael Stewart,50,Graduate,Self-Employed,20,1,Single,629700,25014,2,21003,422069,2210067,616,4,1,6,3,755678,120,Vehicle,52475.0,40.02,1.2,6458.0,Approved,1
APP_01878,Heather Jacobs,41,Graduate,Salaried,13,1,Single,494714,12294,2,18551,170049,1400263,621,15,0,4,0,329638,60,Business,41226.17,45.0,0.666,10381.17,Approved,0
APP_01879,Catherine Ford,39,Graduate,Business Owner,4,3,Married,1484448,42432,0,0,836544,6047236,654,14,0,4,1,1084224,84,Education,123704.0,0.0,0.73,81272.0,Approved,0
APP_01880,Renee Smith,46,Diploma,Self-Employed,1,2,Married,895655,39085,4,33587,345389,1917043,723,14,0,8,0,875490,12,Vehicle,74637.92,45.0,0.977,1965.92,Approved,1
APP_01881,Nancy Atkins,52,Graduate,Contract,3,3,Single,605716,27427,3,22714,159514,2136724,808,7,0,1,0,294682,84,Vehicle,50476.33,45.0,0.487,335.33,Approved,0
APP_01882,Margaret Branch,61,High School,Salaried,3,4,Single,364121,7408,4,13654,70948,481174,666,24,0,4,1,277562,84,Home,30343.42,45.0,0.762,9281.42,Approved,1
APP_01883,Brandon English,22,Graduate,Business Owner,0,1,Married,583858,23520,0,0,51586,1016621,757,2,0,8,1,360925,60,Home,48654.83,0.0,0.618,25134.83,Approved,1
APP_01884,Jessica Warren,54,Diploma,Salaried,8,2,Married,554313,14401,0,0,105182,1637996,635,21,0,5,6,400999,84,Personal,46192.75,0.0,0.723,31791.75,Approved,0
APP_01885,Brittany Poole,33,Graduate,Self-Employed,0,1,Married,817877,14856,2,19224,215864,2953483,729,13,0,7,0,862464,12,Home,68156.42,28.21,1.055,34076.42,Approved,0
APP_01886,Ian Rogers,29,Graduate,Self-Employed,0,2,Married,647288,21021,1,6539,262479,2419148,746,6,0,7,0,639276,12,Home,53940.67,12.12,0.988,26380.67,Approved,0
APP_01887,Richard Fields,43,Graduate,Salaried,21,2,Single,791500,13817,3,29681,246388,3014641,732,1,0,5,1,837412,12,Personal,65958.33,45.0,1.058,22460.33,Approved,1
APP_01888,Brent Gonzalez,28,Graduate,Business Owner,1,2,Married,1310336,52922,3,21825,202289,2357092,686,3,0,8,2,601332,84,Vehicle,109194.67,19.99,0.459,34447.67,Approved,1
APP_01889,Ashley Carroll,54,Graduate,Salaried,15,3,Single,294346,5341,4,11037,122276,588600,700,22,0,6,1,428737,12,Business,24528.83,45.0,1.457,8150.83,Approved,0
APP_01890,Elizabeth Gibson,26,Graduate,Self-Employed,0,1,Married,911268,36894,3,27070,43454,2316006,707,3,0,6,2,391920,48,Vehicle,75939.0,35.65,0.43,11975.0,Approved,0
APP_01891,Denise Cook,24,Graduate,Salaried,4,4,Married,477998,10516,1,16880,50621,1907627,620,2,1,3,0,160220,120,Vehicle,39833.17,42.38,0.335,12437.17,Rejected,1
APP_01892,Timothy Johnson,25,Graduate,Salaried,2,3,Single,768381,33272,0,0,207336,685481,823,2,0,6,0,622726,24,Personal,64031.75,0.0,0.81,30759.75,Approved,0
APP_01893,Cheyenne Osborne,49,Postgraduate,Contract,8,3,Married,561840,13714,4,21069,175654,2039748,551,8,1,8,6,168665,120,Personal,46820.0,45.0,0.3,12037.0,Rejected,1
APP_01894,Jason Stein,36,Graduate,Business Owner,2,1,Married,465396,13733,3,17452,172577,1294859,587,15,0,5,3,518900,36,Personal,38783.0,45.0,1.115,7598.0,Rejected,1
APP_01895,Mark Jackson,32,Diploma,Salaried,8,3,Married,869661,37424,3,32612,356728,2359138,680,3,0,6,2,471418,60,Personal,72471.75,45.0,0.542,2435.75,Rejected,1
APP_01896,Elizabeth Copeland,56,Graduate,Salaried,23,4,Married,616244,19893,2,20773,183538,1960635,751,11,0,1,1,802066,60,Vehicle,51353.67,40.45,1.302,10687.67,Approved,0
APP_01897,Heather Brown,56,High School,Salaried,2,3,Married,720667,32536,4,27025,343037,1143298,752,6,0,6,0,427537,84,Home,60055.58,45.0,0.593,494.58,Approved,0
APP_01898,Laura Pearson,22,Postgraduate,Self-Employed,1,2,Married,853655,31712,1,14931,384529,1689246,810,2,0,1,1,198985,84,Home,71137.92,20.99,0.233,24494.92,Approved,0
APP_01899,Seth Robertson,51,Graduate,Self-Employed,10,0,Married,727113,18331,4,27266,496605,1005830,581,3,0,4,5,764259,48,Medical,60592.75,45.0,1.051,14995.75,Rejected,1
APP_01900,Joel Cook,37,Graduate,Salaried,8,4,Single,586298,22315,0,0,110762,1096770,664,6,0,4,1,609537,120,Vehicle,48858.17,0.0,1.04,26543.17,Approved,0
APP_01901,Ms. Crystal Dean,21,Graduate,Salaried,1,0,Single,629632,23447,2,9260,212475,1908217,770,3,1,4,0,274741,84,Personal,52469.33,17.65,0.436,19762.33,Approved,0
APP_01902,Amanda Wilson,31,Postgraduate,Self-Employed,5,0,Married,471099,16595,2,12405,210530,793321,589,3,0,8,5,721657,12,Vehicle,39258.25,31.6,1.532,10258.25,Rejected,1
APP_01903,Heidi Huffman,35,Graduate,Salaried,11,3,Single,388044,12486,4,14551,77914,847889,765,6,1,6,0,463607,24,Personal,32337.0,45.0,1.195,5300.0,Approved,0
APP_01904,Rachel Scott,40,Graduate,Salaried,4,1,Married,598118,16292,1,6455,10000,1922151,722,7,0,2,1,404018,12,Business,49843.17,12.95,0.675,27096.17,Approved,0
APP_01905,Catherine Weber,25,Postgraduate,Salaried,4,2,Married,562489,25561,0,0,107054,905584,681,3,0,4,3,796182,120,Business,46874.08,0.0,1.415,21313.08,Approved,0
APP_01906,Nancy Taylor,24,Graduate,Contract,0,2,Married,244673,9202,2,9175,88647,367039,698,6,0,6,0,133605,12,Personal,20389.42,45.0,0.546,2012.42,Approved,0
APP_01907,James Jones,37,Postgraduate,Salaried,0,3,Married,472570,20069,3,17721,125162,1273642,798,9,0,7,0,479875,12,Personal,39380.83,45.0,1.015,1590.83,Approved,1
APP_01908,Robert Lyons,55,Graduate,Self-Employed,35,0,Married,621313,16673,3,23299,392873,1862006,657,8,0,2,4,659751,120,Vehicle,51776.08,45.0,1.062,11804.08,Rejected,1
APP_01909,Ronald Smith,32,Graduate,Salaried,6,2,Married,586383,23675,0,0,203237,816008,733,9,0,2,0,732708,12,Vehicle,48865.25,0.0,1.25,25190.25,Approved,0
APP_01910,William Thompson,31,Graduate,Self-Employed,11,3,Married,772672,13914,1,3528,443115,2355140,763,6,0,8,1,765389,24,Home,64389.33,5.48,0.991,46947.33,Rejected,0
APP_01911,Thomas Baker,31,Graduate,Salaried,8,1,Married,805729,18373,4,30214,271908,1579881,636,4,0,1,6,407689,48,Personal,67144.08,45.0,0.506,18557.08,Rejected,1
APP_01912,Edward Morse,23,Graduate,Salaried,1,3,Single,761961,19141,4,28573,235532,1632270,704,5,0,6,0,548746,24,Personal,63496.75,45.0,0.72,15782.75,Approved,0
APP_01913,Melinda Duarte,50,Graduate,Salaried,18,3,Married,698872,14185,2,12863,21589,1555078,654,1,1,4,3,933191,24,Home,58239.33,22.09,1.335,31191.33,Approved,1
APP_01914,Christopher Anderson,47,Diploma,Business Owner,5,4,Married,769650,21466,3,28861,424555,2316446,755,2,0,3,0,860506,60,Education,64137.5,45.0,1.118,13810.5,Rejected,1
APP_01915,Christine Robinson,26,Graduate,Salaried,2,0,Single,641304,12548,4,24048,144488,1636908,658,8,1,3,0,683410,36,Vehicle,53442.0,45.0,1.066,16846.0,Rejected,1
APP_01916,Maria Murray,58,Graduate,Salaried,24,3,Married,641311,16853,0,0,250572,1596766,641,15,0,2,5,1085576,12,Business,53442.58,0.0,1.693,36589.58,Approved,1
APP_01917,Tara Dickson,31,Graduate,Self-Employed,0,2,Single,867798,35042,1,9122,167583,1994183,680,2,0,4,0,744385,36,Personal,72316.5,12.61,0.858,28152.5,Approved,0
APP_01918,Ashley Johnson,21,Graduate,Salaried,0,4,Married,667742,12895,2,20081,169890,1112688,682,1,1,7,2,96649,84,Personal,55645.17,36.09,0.145,22669.17,Rejected,1
APP_01919,Richard Moss,58,Graduate,Salaried,12,4,Single,710018,28100,4,26625,280202,1930394,642,4,0,2,5,592396,24,Home,59168.17,45.0,0.834,4443.17,Rejected,1
APP_01920,Karen Rice,57,Graduate,Salaried,18,2,Married,401957,8444,2,15073,169515,1415843,678,25,0,4,0,363086,36,Home,33496.42,45.0,0.903,9979.42,Approved,0
APP_01921,John Sanchez,47,Graduate,Business Owner,10,2,Single,999364,36654,3,37476,234154,3023593,700,17,1,4,1,1256006,120,Personal,83280.33,45.0,1.257,9150.33,Rejected,1
APP_01922,David Mays,57,Graduate,Salaried,14,0,Married,431339,10442,0,0,186496,1123803,666,12,0,2,0,66863,120,Education,35944.92,0.0,0.155,25502.92,Approved,0
APP_01923,Gregory White,37,Graduate,Salaried,11,4,Married,592652,20405,2,22224,207858,1701436,813,7,0,7,0,222785,60,Business,49387.67,45.0,0.376,6758.67,Approved,0
APP_01924,Jennifer Jordan,26,Graduate,Self-Employed,5,3,Married,234384,10285,0,0,54101,1018645,767,8,0,1,0,280949,84,Medical,19532.0,0.0,1.199,9247.0,Approved,0
APP_01925,Jamie Davis,51,Graduate,Salaried,1,3,Married,1030253,45683,0,0,460494,2698448,787,11,0,7,0,726552,36,Home,85854.42,0.0,0.705,40171.42,Approved,0
APP_01926,James Shields,52,Graduate,Salaried,14,4,Married,812266,27261,0,0,291941,2783791,630,23,0,4,0,790431,24,Home,67688.83,0.0,0.973,40427.83,Rejected,0
APP_01927,Lori Anderson,48,High School,Salaried,26,4,Married,473670,16848,0,0,183276,1153637,630,24,1,3,3,173100,48,Home,39472.5,0.0,0.365,22624.5,Rejected,1
APP_01928,Monique Moss,22,Graduate,Salaried,0,1,Married,761916,16213,4,28571,10000,1810384,525,3,0,4,0,394085,48,Vehicle,63493.0,45.0,0.517,18709.0,Rejected,1
APP_01929,William Harris,45,Graduate,Salaried,0,4,Married,717787,20925,3,25257,56229,876272,792,15,0,6,0,620498,120,Business,59815.58,42.22,0.864,13633.58,Approved,0
APP_01930,Samantha Saunders,37,Graduate,Salaried,15,3,Married,771224,22723,0,0,267673,2449929,649,16,0,2,2,371085,120,Home,64268.67,0.0,0.481,41545.67,Rejected,0
APP_01931,Michael Park,64,Graduate,Salaried,3,2,Married,1062835,19438,3,39856,257058,3542473,662,10,0,1,2,403746,48,Personal,88569.58,45.0,0.38,29275.58,Approved,1
APP_01932,Christopher Reynolds,59,Graduate,Salaried,18,4,Married,568545,22805,4,21320,185658,1809703,751,16,0,7,0,436963,24,Personal,47378.75,45.0,0.769,3253.75,Approved,0
APP_01933,Kelly Randolph,47,Diploma,Salaried,13,4,Single,858902,36780,1,16972,268691,1193373,695,19,0,2,0,1094326,48,Personal,71575.17,23.71,1.274,17823.17,Approved,0
APP_01934,Maria White,26,High School,Self-Employed,2,2,Single,352913,12472,2,13234,101437,1198482,769,1,0,7,0,297109,84,Education,29409.42,45.0,0.842,3703.42,Approved,0
APP_01935,William Brooks MD,64,Graduate,Self-Employed,5,2,Married,698601,18603,4,26197,186165,1518040,720,23,0,7,0,379392,48,Medical,58216.75,45.0,0.543,13416.75,Approved,0
APP_01936,Allen Figueroa,37,Graduate,Salaried,1,4,Married,782900,30130,2,28835,134676,2467950,632,5,0,5,2,321177,24,Home,65241.67,44.2,0.41,6276.67,Rejected,1
APP_01937,Jennifer Williams,29,High School,Salaried,4,4,Single,638763,13598,3,23953,326181,1532093,619,5,1,7,4,394831,60,Vehicle,53230.25,45.0,0.618,15679.25,Rejected,1
APP_01938,Nicholas Roberson,24,Graduate,Contract,0,2,Married,331332,13274,0,0,81222,582333,714,5,0,1,1,235844,60,Medical,27611.0,0.0,0.712,14337.0,Approved,0
APP_01939,Derek Adams,59,Graduate,Business Owner,8,0,Married,797406,25724,0,0,105916,2732959,616,11,1,4,1,695167,12,Home,66450.5,0.0,0.872,40726.5,Rejected,1
APP_01940,Christopher Pacheco,43,Postgraduate,Salaried,17,0,Married,771832,23663,4,28943,347733,3164787,756,10,0,5,0,304667,12,Vehicle,64319.33,45.0,0.395,11713.33,Approved,0
APP_01941,Sherry Williams,60,Graduate,Self-Employed,24,0,Single,444265,16809,1,12685,39069,1369234,629,9,1,2,0,305143,120,Personal,37022.08,34.26,0.687,7528.08,Rejected,1
APP_01942,Lance Reyes,32,Graduate,Salaried,4,0,Married,827703,14771,2,15468,414619,1997245,839,2,0,5,0,299949,60,Education,68975.25,22.43,0.362,38736.25,Approved,0
APP_01943,Bethany Pope,49,Graduate,Contract,24,1,Single,344742,9044,1,8724,46800,540507,620,3,0,6,1,431140,60,Home,28728.5,30.37,1.251,10960.5,Approved,0
APP_01944,Susan Durham,64,High School,Salaried,24,1,Married,665609,20196,0,0,255740,1997156,753,20,0,8,1,231938,24,Vehicle,55467.42,0.0,0.348,35271.42,Approved,0
APP_01945,Brittany Martin,25,Graduate,Salaried,1,0,Single,827296,20575,3,16707,332665,689731,736,6,0,7,2,744883,120,Education,68941.33,24.23,0.9,31659.33,Rejected,0
APP_01946,Mark Chen,47,Diploma,Salaried,5,4,Single,772899,24355,4,28983,139058,2036294,596,22,0,4,2,841547,24,Personal,64408.25,45.0,1.089,11070.25,Rejected,1
APP_01947,Victoria Stewart,27,Diploma,Salaried,1,3,Married,616010,23771,2,15512,174302,1347228,756,9,0,5,0,380566,36,Vehicle,51334.17,30.22,0.618,12051.17,Approved,0
APP_01948,Thomas Jones,48,Graduate,Self-Employed,23,2,Married,1082531,36528,2,32886,155293,2253613,766,13,0,1,0,607045,84,Home,90210.92,36.45,0.561,20796.92,Approved,0
APP_01949,Gary Hickman,64,Graduate,Business Owner,32,0,Married,1035330,23179,3,19378,427489,3354029,748,17,0,5,1,1534621,60,Business,86277.5,22.46,1.482,43720.5,Rejected,0
APP_01950,Elizabeth Harris,56,Postgraduate,Self-Employed,10,0,Married,753275,31675,0,0,145239,1780166,702,6,0,2,2,456271,12,Home,62772.92,0.0,0.606,31097.92,Approved,0
APP_01951,Robert Martinez,62,High School,Salaried,33,4,Single,456565,8999,0,0,77017,1949719,787,5,1,5,0,596042,120,Medical,38047.08,0.0,1.305,29048.08,Approved,1
APP_01952,Nicholas Peters,62,Diploma,Salaried,29,1,Married,281333,5388,1,10549,63975,932835,636,5,0,5,2,377705,12,Personal,23444.42,45.0,1.343,7507.42,Rejected,1
APP_01953,Mark Adams,28,High School,Salaried,2,0,Married,534733,15415,3,20052,225476,1083383,772,2,0,6,0,168389,120,Vehicle,44561.08,45.0,0.315,9094.08,Approved,0
APP_01954,Melissa Harrison,32,High School,Self-Employed,3,3,Single,575914,17177,1,6339,60182,1161920,703,9,1,2,1,450379,24,Business,47992.83,13.21,0.782,24476.83,Rejected,0
APP_01955,John Rivera,39,High School,Business Owner,18,2,Single,720662,19973,2,25582,264871,2044708,609,17,1,4,6,383743,84,Home,60055.17,42.6,0.532,14500.17,Rejected,1
APP_01956,Ryan Doyle,65,Graduate,Salaried,26,2,Single,412656,8584,2,15474,140905,993873,728,9,0,7,0,406497,36,Home,34388.0,45.0,0.985,10330.0,Approved,0
APP_01957,David Carpenter,56,Diploma,Self-Employed,2,2,Single,702515,13915,2,20308,271561,226159,685,9,1,7,3,524444,12,Vehicle,58542.92,34.69,0.747,24319.92,Rejected,1
APP_01958,Perry Walker,50,High School,Contract,1,1,Married,712026,13839,0,0,243261,2423995,707,24,0,6,1,665462,24,Medical,59335.5,0.0,0.935,45496.5,Approved,0
APP_01959,Daniel Benton,33,Graduate,Salaried,8,3,Married,792798,22277,2,29729,177697,3684485,754,7,0,7,2,685902,12,Personal,66066.5,45.0,0.865,14060.5,Approved,0
APP_01960,Kenneth Wolfe,27,Graduate,Self-Employed,3,1,Married,676292,19503,1,5895,325553,2118641,667,6,0,4,1,721949,36,Personal,56357.67,10.46,1.068,30959.67,Approved,0
APP_01961,Ms. Ashley Leach,50,Diploma,Salaried,1,3,Married,750809,31094,0,0,259220,2040361,686,23,0,7,2,740033,12,Education,62567.42,0.0,0.986,31473.42,Approved,0
APP_01962,Vincent Cook,34,Graduate,Salaried,13,3,Married,868808,26801,2,29421,267367,1253860,698,14,0,7,1,617379,24,Personal,72400.67,40.64,0.711,16178.67,Approved,1
APP_01963,Cynthia Bell,32,Graduate,Business Owner,7,3,Married,978747,17059,1,4276,290749,3255242,649,3,0,4,2,1123246,60,Home,81562.25,5.24,1.148,60227.25,Rejected,0
APP_01964,Nicholas Smith,44,Graduate,Self-Employed,9,1,Married,346606,15254,2,12997,110328,798153,683,3,0,6,2,372737,120,Business,28883.83,45.0,1.075,632.83,Rejected,1
APP_01965,Anthony Leon,59,Graduate,Salaried,34,1,Married,326860,11728,4,12257,19029,1171169,754,7,0,3,0,434824,12,Vehicle,27238.33,45.0,1.33,3253.33,Approved,0
APP_01966,Deborah Hoover,35,Graduate,Salaried,7,3,Married,687768,14566,3,25791,148944,2542486,568,17,0,5,4,419513,120,Education,57314.0,45.0,0.61,16957.0,Rejected,1
APP_01967,Luis Clayton,36,Postgraduate,Business Owner,8,1,Married,810465,34156,0,0,170089,1744884,803,6,0,6,0,75674,48,Vehicle,67538.75,0.0,0.093,33382.75,Approved,0
APP_01968,Tanya Fischer,41,Graduate,Self-Employed,21,2,Married,762898,16810,0,0,231307,2052639,776,11,0,5,0,427278,48,Personal,63574.83,0.0,0.56,46764.83,Approved,0
APP_01969,Ryan Collins,22,High School,Salaried,0,2,Married,733170,16962,4,27493,384938,724139,663,3,0,1,0,769117,84,Personal,61097.5,45.0,1.049,16642.5,Approved,1
APP_01970,Lindsey Bauer,21,High School,Business Owner,1,0,Single,761744,19802,3,28565,232961,1761233,640,1,0,6,5,598784,12,Business,63478.67,45.0,0.786,15111.67,Rejected,1
APP_01971,Theresa Scott,30,Postgraduate,Salaried,10,1,Married,606283,14512,2,22735,188125,1444068,713,6,0,7,2,619108,120,Personal,50523.58,45.0,1.021,13276.58,Approved,0
APP_01972,Mary Vance,26,Graduate,Business Owner,2,1,Married,747286,18161,4,28023,269939,4012470,739,1,1,3,2,567016,24,Vehicle,62273.83,45.0,0.759,16089.83,Rejected,1
APP_01973,Emma Armstrong,43,Diploma,Salaried,22,3,Married,931666,33622,2,28688,127032,3084688,602,20,0,1,3,1002480,48,Home,77638.83,36.95,1.076,15328.83,Approved,1
APP_01974,Jennifer Roy,40,Postgraduate,Self-Employed,16,4,Married,461535,16220,2,17307,90722,912444,763,19,0,3,1,373046,12,Business,38461.25,45.0,0.808,4934.25,Approved,1
APP_01975,Megan Walker,29,Postgraduate,Salaried,8,2,Married,456724,9270,3,17127,178241,881563,648,3,1,7,5,658740,48,Personal,38060.33,45.0,1.442,11663.33,Rejected,1
APP_01976,John Wise,38,Postgraduate,Salaried,10,0,Married,911919,37348,1,16242,47602,2748339,705,17,0,5,1,1177221,12,Vehicle,75993.25,21.37,1.291,22403.25,Approved,0
APP_01977,Christina Browning,29,Graduate,Salaried,7,3,Married,700270,17934,3,26260,342239,2066981,673,7,0,3,1,538663,24,Vehicle,58355.83,45.0,0.769,14161.83,Rejected,0
APP_01978,John Merritt,55,Graduate,Salaried,17,2,Married,540203,22216,0,0,197793,2014093,703,17,0,4,1,549449,48,Personal,45016.92,0.0,1.017,22800.92,Approved,0
APP_01979,Ashley Hogan,64,Graduate,Salaried,10,4,Married,656801,18888,1,16396,286039,2310727,763,7,0,6,0,394191,84,Personal,54733.42,29.96,0.6,19449.42,Approved,0
APP_01980,Ryan Barron,40,High School,Business Owner,17,0,Single,1216528,30981,1,6662,10000,3297170,582,10,0,6,5,1477897,24,Vehicle,101377.33,6.57,1.215,63734.33,Rejected,1
APP_01981,Rhonda Barnes,44,Diploma,Salaried,7,4,Married,809256,21673,3,18208,170295,3877707,601,6,0,3,4,574711,120,Medical,67438.0,27.0,0.71,27557.0,Approved,1
APP_01982,Gregory Leon,61,High School,Salaried,4,2,Single,551291,24428,1,5608,118668,1344617,544,5,1,6,4,269096,120,Personal,45940.92,12.21,0.488,15904.92,Rejected,1
APP_01983,David King,37,Graduate,Salaried,17,2,Married,687343,13721,3,25775,147451,3181035,693,15,0,5,3,438304,84,Vehicle,57278.58,45.0,0.638,17782.58,Approved,0
APP_01984,Brittany Hernandez,53,Diploma,Salaried,10,1,Single,919852,34044,3,34494,216938,2630823,754,6,0,3,0,1128057,84,Medical,76654.33,45.0,1.226,8116.33,Rejected,1
APP_01985,Donald Shepherd,24,Graduate,Self-Employed,2,1,Married,465555,10355,4,17458,194793,1437373,683,6,0,1,0,50000,12,Medical,38796.25,45.0,0.107,10983.25,Approved,1
APP_01986,Ryan Ferrell,39,Graduate,Self-Employed,6,0,Married,562446,13436,1,8239,45940,1484139,779,2,0,1,1,263910,24,Personal,46870.5,17.58,0.469,25195.5,Approved,0
APP_01987,Bradley Sullivan,57,Graduate,Salaried,25,1,Single,598118,12096,4,22429,144277,2081456,675,6,0,3,1,679882,120,Medical,49843.17,45.0,1.137,15318.17,Approved,0
APP_01988,Patricia Tucker,58,Graduate,Contract,34,1,Single,790127,19454,1,9426,314214,810106,692,3,0,7,0,789176,48,Personal,65843.92,14.32,0.999,36963.92,Approved,0
APP_01989,Linda Conner,37,Graduate,Salaried,9,1,Single,700978,15046,3,25841,452640,1504690,611,16,0,7,3,847975,24,Medical,58414.83,44.24,1.21,17527.83,Rejected,1
APP_01990,Jennifer Murphy,26,High School,Business Owner,2,0,Married,904033,40385,2,10668,132211,2645472,722,7,1,4,2,547155,84,Vehicle,75336.08,14.16,0.605,24283.08,Rejected,1
APP_01991,Darlene Mullen,38,Graduate,Salaried,14,0,Single,827135,14775,4,31017,286092,1731008,639,14,0,6,5,1057422,60,Business,68927.92,45.0,1.278,23135.92,Rejected,1
APP_01992,Jenna Rodriguez,44,Graduate,Salaried,20,4,Married,617784,14637,0,0,196449,1229916,592,19,0,5,3,874642,36,Business,51482.0,0.0,1.416,36845.0,Rejected,1
APP_01993,Anne Farley,58,Graduate,Salaried,18,1,Single,724771,15352,4,27178,202873,1259972,799,18,0,5,0,1091257,36,Personal,60397.58,45.0,1.506,17867.58,Approved,0
APP_01994,Joan Powell,27,Postgraduate,Self-Employed,5,1,Married,639400,23642,4,23977,160762,1338244,594,5,1,2,4,475011,36,Personal,53283.33,45.0,0.743,5664.33,Rejected,1
APP_01995,Brandon Jackson,32,Postgraduate,Business Owner,4,0,Married,1644340,44979,4,60266,918070,3806620,594,8,0,5,6,1521351,84,Home,137028.33,43.98,0.925,31783.33,Rejected,1
APP_01996,Rebecca Thompson,60,Postgraduate,Salaried,2,2,Married,725871,24979,0,0,134802,1816244,614,14,0,2,5,170334,48,Business,60489.25,0.0,0.235,35510.25,Rejected,0
APP_01997,Natalie Benjamin,37,Graduate,Salaried,9,2,Married,429378,10287,0,0,77416,1389791,794,16,0,7,0,248432,60,Personal,35781.5,0.0,0.579,25494.5,Approved,0
APP_01998,Cole Serrano,26,Graduate,Business Owner,4,1,Married,855115,26436,1,9200,167749,1954346,701,7,0,4,1,405100,120,Business,71259.58,12.91,0.474,35623.58,Approved,0
APP_01999,Susan Little,54,Graduate,Salaried,31,4,Single,738352,16988,2,11951,467150,1957814,537,22,0,2,1,1039998,24,Personal,61529.33,19.42,1.409,32590.33,Rejected,0
APP_02000,Calvin Parker,59,Graduate,Salaried,33,1,Married,662644,23940,0,0,122750,2173132,664,7,0,1,0,809077,120,Education,55220.33,0.0,1.221,31280.33,Approved,0
APP_02001,Krystal Hess,46,Diploma,Salaried,23,3,Married,624848,21167,0,0,255733,2239022,646,16,0,8,2,566807,84,Vehicle,52070.67,0.0,0.907,30903.67,Approved,0
APP_02002,Anthony Smith,57,Graduate,Salaried,15,3,Married,510576,13077,2,19146,34350,1238615,766,24,0,2,1,494650,120,Medical,42548.0,45.0,0.969,10325.0,Approved,0
APP_02003,Jerry Noble,45,Postgraduate,Salaried,2,4,Single,402825,11207,3,15105,95495,1212978,717,12,0,4,0,562954,60,Vehicle,33568.75,45.0,1.398,7256.75,Approved,0
APP_02004,Steven Baxter,21,Graduate,Contract,1,2,Married,527557,12708,3,19783,184296,1725427,693,2,1,7,2,800146,84,Home,43963.08,45.0,1.517,11472.08,Rejected,1
APP_02005,Heather Gomez,35,Graduate,Contract,8,1,Married,799845,22051,3,29994,300046,1930574,593,7,0,5,2,1164111,84,Home,66653.75,45.0,1.455,14608.75,Rejected,1
APP_02006,Bradley Johnson,23,Graduate,Salaried,2,1,Married,958401,17086,4,35940,275130,2737367,602,1,1,6,3,868872,60,Education,79866.75,45.0,0.907,26840.75,Rejected,1
APP_02007,Monica Hill,28,Diploma,Salaried,5,4,Single,577005,14619,0,0,156302,769272,723,5,0,3,0,235312,24,Home,48083.75,0.0,0.408,33464.75,Approved,0
APP_02008,Jonathan Sandoval,45,Postgraduate,Salaried,18,1,Married,737929,29588,0,0,66348,1835334,656,12,1,7,1,937107,24,Personal,61494.08,0.0,1.27,31906.08,Approved,0
APP_02009,Ryan English,58,Graduate,Self-Employed,34,3,Married,890535,19693,3,33395,242720,2812507,679,18,0,1,3,1024248,120,Personal,74211.25,45.0,1.15,21123.25,Rejected,0
APP_02010,Joseph Anderson,62,Graduate,Salaried,31,1,Married,503747,12517,2,18890,142005,1667988,725,4,0,5,2,412639,36,Home,41978.92,45.0,0.819,10571.92,Approved,0
APP_02011,Christopher Larsen,57,High School,Self-Employed,6,2,Married,929668,16374,3,33883,392187,390656,704,3,0,6,1,708903,60,Medical,77472.33,43.74,0.763,27215.33,Approved,0
APP_02012,Charles Perry,44,Diploma,Salaried,12,3,Single,627063,23103,1,16535,163186,930917,781,14,0,2,1,817848,36,Education,52255.25,31.64,1.304,12617.25,Approved,0
APP_02013,Jason Barrett,22,Graduate,Salaried,1,1,Married,887161,21265,2,31313,138410,1742010,699,1,0,5,2,297205,24,Vehicle,73930.08,42.35,0.335,21352.08,Approved,1
APP_02014,Megan Ferguson,27,Diploma,Salaried,5,4,Married,619817,11265,2,23243,83297,536773,809,8,0,5,0,429841,60,Personal,51651.42,45.0,0.693,17143.42,Approved,0
APP_02015,Chad Williams,63,Graduate,Self-Employed,32,0,Married,934513,29776,3,35044,166586,2476307,777,11,0,7,2,1159168,60,Vehicle,77876.08,45.0,1.24,13056.08,Approved,0
APP_02016,Shannon Harper,32,Graduate,Self-Employed,0,1,Single,612077,24250,0,0,187026,3125685,687,11,0,3,1,549868,36,Business,51006.42,0.0,0.898,26756.42,Approved,0
APP_02017,Maria Taylor,40,Graduate,Salaried,2,3,Single,935431,33275,3,35078,298947,516251,608,5,0,6,1,1468135,48,Business,77952.58,45.0,1.569,9599.58,Rejected,1
APP_02018,Justin Garrison,22,Diploma,Salaried,0,1,Married,658698,12854,2,24701,212064,1517204,595,4,1,1,0,873065,36,Vehicle,54891.5,45.0,1.325,17336.5,Rejected,1
APP_02019,Joshua Nelson,61,Postgraduate,Salaried,3,2,Married,614895,22155,4,23058,62334,2694580,708,11,0,3,0,272110,24,Home,51241.25,45.0,0.443,6028.25,Approved,0
APP_02020,Daniel Lewis,51,High School,Self-Employed,18,3,Married,1107147,29741,0,0,101036,3514677,679,13,0,1,0,1922282,12,Home,92262.25,0.0,1.736,62521.25,Approved,0
APP_02021,Wendy Smith,52,Graduate,Salaried,15,0,Single,252340,4382,1,5406,82828,333708,739,3,1,3,0,251239,84,Medical,21028.33,25.71,0.996,11240.33,Approved,1
APP_02022,Haley Reyes,30,Graduate,Salaried,9,1,Married,595253,19616,4,22321,141164,1981549,556,6,1,6,4,298137,120,Personal,49604.42,45.0,0.501,7667.42,Rejected,1
APP_02023,Nancy Welch,31,Graduate,Self-Employed,8,2,Single,624070,14394,3,23402,162848,922607,750,12,0,6,0,368075,48,Business,52005.83,45.0,0.59,14209.83,Approved,0
APP_02024,Holly Kane,32,Diploma,Business Owner,1,2,Single,1054654,45493,0,0,195250,3128405,680,3,1,7,0,719449,60,Business,87887.83,0.0,0.682,42394.83,Rejected,1
APP_02025,Allison Contreras,56,Postgraduate,Self-Employed,7,0,Married,1166175,42815,1,15052,188464,1539558,560,18,0,5,3,223935,36,Vehicle,97181.25,15.49,0.192,39314.25,Approved,0
APP_02026,Natasha Murray,38,Graduate,Contract,11,0,Single,625680,23636,3,23463,155214,2452283,737,3,0,6,2,743535,48,Medical,52140.0,45.0,1.188,5041.0,Approved,0
APP_02027,Charles Sparks,64,Graduate,Salaried,20,2,Married,867636,23272,1,13926,130972,3013195,755,6,0,1,0,932151,36,Personal,72303.0,19.26,1.074,35105.0,Approved,0
APP_02028,Matthew Sparks,54,Diploma,Salaried,12,2,Single,595701,25217,1,7998,204137,320673,850,4,0,2,1,406973,48,Medical,49641.75,16.11,0.683,16426.75,Approved,0
APP_02029,Jeffrey Cantu,35,Diploma,Self-Employed,12,3,Single,611031,14531,4,22913,175960,1435060,630,3,0,8,5,464332,36,Education,50919.25,45.0,0.76,13475.25,Rejected,1
APP_02030,Jessica Smith,49,Graduate,Salaried,0,4,Married,581203,13488,3,21795,169602,1481957,713,7,0,4,2,96726,24,Education,48433.58,45.0,0.166,13150.58,Approved,1
APP_02031,Crystal Villarreal,25,Diploma,Self-Employed,2,2,Single,1028420,23098,4,30811,288319,2828186,661,5,0,8,0,606358,24,Medical,85701.67,35.95,0.59,31792.67,Approved,0
APP_02032,Donald Carr,49,Graduate,Salaried,14,3,Married,316213,9472,0,0,53135,611101,798,11,0,3,1,414196,120,Education,26351.08,0.0,1.31,16879.08,Approved,0
APP_02033,Paul Evans,22,Graduate,Salaried,1,0,Married,702066,30197,3,21403,132542,1254085,671,1,0,7,3,666824,24,Medical,58505.5,36.58,0.95,6905.5,Rejected,1
APP_02034,Timothy Joyce,54,Postgraduate,Self-Employed,20,0,Married,1056195,18697,4,39607,371160,3579717,623,6,1,8,5,928002,12,Business,88016.25,45.0,0.879,29712.25,Rejected,1
APP_02035,Peter Pierce,46,High School,Salaried,6,4,Married,875806,16005,2,24313,464208,1543778,527,16,0,4,4,845111,60,Home,72983.83,33.31,0.965,32665.83,Rejected,1
APP_02036,Erin Jordan,58,Graduate,Salaried,24,0,Married,689560,17439,0,0,39565,1333865,673,4,0,3,1,916528,12,Vehicle,57463.33,0.0,1.329,40024.33,Rejected,0
APP_02037,Donna Peters,38,Postgraduate,Salaried,2,1,Single,747993,30128,3,28049,269591,2460967,729,15,0,2,1,1185622,84,Education,62332.75,45.0,1.585,4155.75,Rejected,1
APP_02038,Benjamin Bright MD,22,Diploma,Salaried,2,4,Single,757168,26208,2,28393,338161,1508009,635,3,1,4,0,570825,60,Personal,63097.33,45.0,0.754,8496.33,Rejected,1
APP_02039,Stephanie Johnson,45,Diploma,Salaried,6,3,Single,718120,19929,4,26929,371824,869788,787,16,0,5,1,434017,60,Vehicle,59843.33,45.0,0.604,12985.33,Approved,0
APP_02040,John Anderson,35,Diploma,Contract,1,3,Single,650134,26689,1,11969,255528,1172510,656,17,1,3,4,884079,24,Personal,54177.83,22.09,1.36,15519.83,Rejected,1
APP_02041,Shane Parker,35,Graduate,Self-Employed,2,4,Married,792809,20688,4,29730,222955,2737588,740,7,0,8,2,806066,84,Home,66067.42,45.0,1.017,15649.42,Approved,0
APP_02042,Jessica Novak,22,Graduate,Self-Employed,1,2,Married,987632,36450,0,0,494581,2682809,595,1,1,4,0,253144,84,Business,82302.67,0.0,0.256,45852.67,Rejected,1
APP_02043,Alan Robles,61,Postgraduate,Salaried,34,0,Married,536843,17729,4,20131,169519,953964,609,22,0,7,4,627921,24,Home,44736.92,45.0,1.17,6876.92,Rejected,0
APP_02044,Daniel Jones,34,High School,Salaried,4,1,Married,338303,7977,1,9343,39922,746888,721,5,1,7,0,123245,48,Medical,28191.92,33.14,0.364,10871.92,Rejected,1
APP_02045,Karen Long,21,High School,Salaried,1,1,Married,355597,13805,1,13334,10000,645751,784,3,0,3,0,457998,60,Medical,29633.08,45.0,1.288,2494.08,Approved,0
APP_02046,John Walker,61,Graduate,Salaried,13,4,Married,759199,24560,2,28469,99487,822998,637,19,0,8,4,1240680,60,Personal,63266.58,45.0,1.634,10237.58,Rejected,1
APP_02047,Michelle Mcguire,41,Graduate,Salaried,17,1,Single,766856,15517,1,16188,124204,2750652,589,17,1,6,3,854774,60,Home,63904.67,25.33,1.115,32199.67,Rejected,1
APP_02048,Jason Burns,24,Diploma,Salaried,3,1,Married,878760,37895,4,32953,163497,1111448,670,2,0,5,1,723463,36,Vehicle,73230.0,45.0,0.823,2382.0,Approved,0
APP_02049,Patrick Moore,26,Graduate,Self-Employed,5,1,Single,366300,9766,3,13736,141196,1518856,707,8,0,7,1,292163,24,Medical,30525.0,45.0,0.798,7023.0,Rejected,1
APP_02050,Linda Reeves,43,Graduate,Business Owner,19,0,Married,1340005,58543,0,0,285066,2910852,777,2,0,5,0,892774,84,Education,111667.08,0.0,0.666,53124.08,Approved,0
APP_02051,Parker Cox,65,Graduate,Salaried,17,0,Married,520301,12696,4,19511,79726,1978967,621,5,0,5,3,703199,12,Medical,43358.42,45.0,1.352,11151.42,Rejected,1
APP_02052,Sean Pearson,54,Postgraduate,Contract,11,2,Single,343616,12176,4,12885,194093,659578,711,17,0,7,0,346115,48,Personal,28634.67,45.0,1.007,3573.67,Approved,0
APP_02053,Cody Brewer Jr.,34,High School,Salaried,7,0,Single,475704,8966,3,17838,80761,1257201,680,2,0,5,1,353265,24,Education,39642.0,45.0,0.743,12838.0,Approved,1
APP_02054,Justin Evans,59,High School,Contract,24,2,Married,828997,33880,4,31087,230986,3155345,521,22,1,4,1,888476,84,Vehicle,69083.08,45.0,1.072,4116.08,Rejected,1
APP_02055,Brett Cooper,29,Graduate,Business Owner,5,1,Married,1053102,45515,3,32942,631700,3153020,850,4,0,5,0,358049,12,Personal,87758.5,37.54,0.34,9301.5,Approved,0
APP_02056,Sarah Williams,21,Postgraduate,Business Owner,0,0,Married,1609980,32676,4,47681,327343,3584771,620,2,0,6,2,1019930,36,Personal,134165.0,35.54,0.634,53808.0,Rejected,1
APP_02057,Maurice Fitzpatrick,56,Graduate,Self-Employed,14,4,Married,746831,15691,4,28006,136345,2417464,759,22,0,6,0,813274,60,Personal,62235.92,45.0,1.089,18538.92,Approved,0
APP_02058,Victor Edwards,47,Diploma,Contract,17,0,Married,316097,6524,0,0,151027,480324,706,4,0,3,1,160917,36,Business,26341.42,0.0,0.509,19817.42,Approved,0
APP_02059,Chris Jones,50,Diploma,Self-Employed,0,4,Married,1294341,23874,3,37885,394547,3637783,627,12,0,3,4,553638,36,Personal,107861.75,35.12,0.428,46102.75,Rejected,1
APP_02060,Sarah Marquez,42,Graduate,Contract,3,0,Married,330158,12318,0,0,129995,755562,766,9,0,6,0,165179,36,Business,27513.17,0.0,0.5,15195.17,Approved,0
APP_02061,David Richard,23,Graduate,Business Owner,3,3,Single,1355686,34837,4,41846,303280,4040615,808,1,0,8,0,574528,36,Business,112973.83,37.04,0.424,36290.83,Approved,0
APP_02062,Gail Rivas,48,High School,Salaried,18,4,Married,282623,4939,1,5894,77278,38640,730,7,0,6,0,112711,12,Education,23551.92,25.03,0.399,12718.92,Approved,0
APP_02063,Mary Wood,52,Graduate,Salaried,13,1,Married,425241,13169,0,0,173983,911581,625,22,1,5,2,121780,48,Home,35436.75,0.0,0.286,22267.75,Approved,1
APP_02064,Patrick Michael,58,Graduate,Business Owner,35,1,Single,676225,19276,1,16749,88579,1167208,772,13,0,6,0,896524,12,Home,56352.08,29.72,1.326,20327.08,Approved,0
APP_02065,Kelsey Holden,31,Postgraduate,Salaried,2,2,Married,523224,12023,2,10988,208367,1292983,707,4,0,8,0,600829,120,Home,43602.0,25.2,1.148,20591.0,Approved,0
APP_02066,Eric Hamilton,34,Graduate,Contract,1,0,Married,276405,8965,4,10365,87720,788224,714,4,0,2,1,152366,60,Vehicle,23033.75,45.0,0.551,3703.75,Approved,0
APP_02067,Sierra Page,39,Diploma,Business Owner,0,4,Married,939825,36538,3,34809,56120,2018505,611,4,0,1,1,1086370,48,Vehicle,78318.75,44.45,1.156,6971.75,Rejected,1
APP_02068,Kimberly Flores,50,High School,Salaried,19,1,Married,689730,16974,4,25864,97626,1211891,631,17,0,1,0,362522,48,Medical,57477.5,45.0,0.526,14639.5,Rejected,1
APP_02069,Candice Garner DDS,55,Graduate,Salaried,23,1,Married,400983,10278,3,15036,109520,1254945,696,11,0,2,0,475087,36,Personal,33415.25,45.0,1.185,8101.25,Approved,1
APP_02070,Bradley Ford,41,Graduate,Salaried,7,3,Married,575863,11887,4,21594,240060,1701655,651,21,1,1,1,768107,84,Medical,47988.58,45.0,1.334,14507.58,Rejected,1
APP_02071,Spencer Walker,46,Graduate,Self-Employed,18,0,Married,1016822,44804,2,16339,193942,1328422,780,13,0,7,1,1463719,60,Medical,84735.17,19.28,1.44,23592.17,Approved,0
APP_02072,Frank Prince,61,Diploma,Salaried,14,2,Married,664379,11275,4,24914,278824,1098479,725,16,0,8,0,416151,24,Medical,55364.92,45.0,0.626,19175.92,Approved,0
APP_02073,Mr. Austin Martinez,38,Postgraduate,Self-Employed,8,3,Married,655193,27711,2,11653,245841,2255091,664,10,0,8,0,319037,48,Business,54599.42,21.34,0.487,15235.42,Approved,1
APP_02074,David Hart,42,Graduate,Salaried,13,4,Married,377094,14202,2,12666,159748,984445,760,20,0,4,0,199368,60,Education,31424.5,40.31,0.529,4556.5,Rejected,0
APP_02075,Anthony Wells,27,Graduate,Self-Employed,1,4,Married,591397,19201,3,22177,202419,2249863,664,1,1,6,2,811103,84,Vehicle,49283.08,45.0,1.372,7905.08,Rejected,1
APP_02076,Nicholas Graham,38,Graduate,Self-Employed,14,2,Married,759495,32797,0,0,326426,1884142,726,10,0,7,1,787072,48,Medical,63291.25,0.0,1.036,30494.25,Approved,0
APP_02077,Dr. Victor Church,27,Graduate,Salaried,7,2,Married,731030,25427,4,27413,265677,1595619,761,8,0,4,0,669206,24,Business,60919.17,45.0,0.915,8079.17,Approved,0
APP_02078,Gabriel Lewis,47,Postgraduate,Salaried,4,1,Married,939625,23061,3,35235,320391,1813076,676,9,0,8,2,708578,24,Personal,78302.08,45.0,0.754,20006.08,Rejected,1
APP_02079,Kevin Smith,41,High School,Business Owner,2,2,Single,916057,25145,1,13455,282327,3485701,716,5,0,6,0,646900,12,Business,76338.08,17.63,0.706,37738.08,Approved,0
APP_02080,Dylan Bright,26,Postgraduate,Salaried,2,2,Single,712934,22316,3,26735,208526,1760988,756,1,0,3,0,816054,60,Home,59411.17,45.0,1.145,10360.17,Approved,1
APP_02081,Gina Pierce,59,High School,Self-Employed,22,0,Single,825357,19134,4,30950,230022,1038083,709,14,0,1,1,1022047,48,Vehicle,68779.75,45.0,1.238,18695.75,Rejected,0
APP_02082,Curtis Chandler,60,Graduate,Salaried,2,2,Married,633966,13555,4,23773,262833,3054851,766,18,0,1,1,898873,48,Business,52830.5,45.0,1.418,15502.5,Approved,1
APP_02083,Clinton Harris,25,Postgraduate,Salaried,4,1,Single,635077,16350,0,0,121047,1013963,676,7,0,5,2,219192,24,Home,52923.08,0.0,0.345,36573.08,Rejected,0
APP_02084,Sierra Martinez,42,Diploma,Business Owner,4,3,Single,1280179,44201,1,11218,227213,1729758,603,16,1,3,5,1108386,60,Vehicle,106681.58,10.52,0.866,51262.58,Rejected,1
APP_02085,Andrew Carter,54,Graduate,Self-Employed,33,0,Single,1092676,46609,1,8319,133622,4894127,680,3,0,3,2,1453395,48,Home,91056.33,9.14,1.33,36128.33,Approved,0
APP_02086,Nathaniel Martin,46,Graduate,Salaried,1,0,Married,761151,22121,0,0,246605,3406406,753,16,0,1,0,695167,60,Personal,63429.25,0.0,0.913,41308.25,Approved,0
APP_02087,Kristin Anderson,27,High School,Self-Employed,2,2,Married,584361,11511,0,0,139633,1867328,586,6,1,4,4,816857,48,Business,48696.75,0.0,1.398,37185.75,Rejected,1
APP_02088,Tiffany Lynch,29,Graduate,Salaried,3,1,Single,529098,19757,0,0,120208,1495968,660,11,1,5,0,638775,120,Home,44091.5,0.0,1.207,24334.5,Rejected,1
APP_02089,John Bennett,43,High School,Salaried,17,0,Single,571567,24399,4,21433,158352,1577319,785,12,0,4,0,449122,48,Personal,47630.58,45.0,0.786,1798.58,Approved,0
APP_02090,John Cook,36,Graduate,Salaried,12,4,Single,499426,15371,4,18728,213994,1576941,731,17,0,3,1,120803,120,Vehicle,41618.83,45.0,0.242,7519.83,Approved,0
APP_02091,Keith Fernandez,24,Postgraduate,Self-Employed,3,3,Single,736466,15205,4,27617,348819,1567255,615,6,1,7,0,903408,24,Home,61372.17,45.0,1.227,18550.17,Rejected,1
APP_02092,Tim Lewis,34,Graduate,Salaried,14,1,Married,731731,31397,4,27439,203850,2611100,806,2,0,4,0,790711,84,Home,60977.58,45.0,1.081,2141.58,Approved,0
APP_02093,Tony Wright,41,Graduate,Salaried,0,3,Married,922166,24103,3,34581,78594,2796838,603,2,0,6,3,645893,24,Personal,76847.17,45.0,0.7,18163.17,Approved,0
APP_02094,Tamara Higgins,23,Graduate,Business Owner,2,0,Single,907503,39999,3,34031,224453,3417059,604,1,1,5,4,774228,36,Education,75625.25,45.0,0.853,1595.25,Rejected,1
APP_02095,Rebecca Davis,59,Diploma,Salaried,4,1,Married,660284,17502,0,0,208931,1610186,586,5,0,7,2,225101,120,Education,55023.67,0.0,0.341,37521.67,Rejected,1
APP_02096,Jason Davis,47,Graduate,Salaried,3,1,Married,962715,21356,3,22299,17865,1981244,801,20,0,5,0,1213288,24,Personal,80226.25,27.8,1.26,36571.25,Approved,0
APP_02097,Michael Smith,41,High School,Business Owner,13,0,Married,969300,27774,3,36348,537267,2699177,645,23,0,1,3,607180,84,Personal,80775.0,45.0,0.626,16653.0,Approved,1
APP_02098,Jessica Carlson,34,Postgraduate,Salaried,0,1,Single,677796,26525,4,25417,321147,945105,578,11,0,7,1,482726,36,Personal,56483.0,45.0,0.712,4541.0,Rejected,1
APP_02099,Christine Johnson,46,Graduate,Salaried,25,2,Married,180000,5063,1,6750,63089,254234,696,8,0,5,1,50000,48,Vehicle,15000.0,45.0,0.278,3187.0,Approved,0
APP_02100,Larry Cross,40,Postgraduate,Salaried,3,0,Single,487168,19878,3,18268,83568,620894,758,14,0,6,1,352141,60,Home,40597.33,45.0,0.723,2451.33,Approved,0
APP_02101,Cynthia Hubbard,53,Graduate,Salaried,32,0,Single,368854,14423,2,13832,182390,1181698,824,2,0,2,0,217851,48,Vehicle,30737.83,45.0,0.591,2482.83,Approved,0
APP_02102,Anna Miller,56,High School,Salaried,7,4,Married,406890,14569,0,0,188759,1059177,701,21,1,2,0,579728,12,Personal,33907.5,0.0,1.425,19338.5,Approved,1
APP_02103,Sara Sanford,59,Diploma,Business Owner,17,0,Married,1064176,30048,0,0,398663,1492841,676,20,0,5,2,1209703,48,Vehicle,88681.33,0.0,1.137,58633.33,Approved,0
APP_02104,Jennifer Henry,56,Postgraduate,Business Owner,35,0,Married,670024,12026,3,15981,406148,1789593,778,3,0,4,0,679345,12,Personal,55835.33,28.62,1.014,27828.33,Approved,0
APP_02105,Cody Davidson,56,Graduate,Contract,16,1,Married,722044,25851,0,0,148401,1379281,592,3,1,4,2,676486,84,Business,60170.33,0.0,0.937,34319.33,Rejected,1
APP_02106,Javier Nichols,55,Graduate,Salaried,25,4,Single,444936,12199,1,10782,81018,1078536,569,21,1,5,6,246321,36,Personal,37078.0,29.08,0.554,14097.0,Rejected,1
APP_02107,Jeffrey Johnson,25,Diploma,Contract,4,0,Married,505422,8444,0,0,79884,1212436,631,1,0,3,5,184408,48,Education,42118.5,0.0,0.365,33674.5,Rejected,1
APP_02108,Allison Baker,53,Graduate,Contract,13,3,Single,480739,15867,1,7377,204390,959080,850,13,0,2,1,662405,36,Home,40061.58,18.41,1.378,16817.58,Approved,0
APP_02109,Kimberly Mendoza,62,Graduate,Contract,19,2,Married,329668,13538,0,0,63588,551632,725,8,1,8,1,165442,36,Personal,27472.33,0.0,0.502,13934.33,Approved,0
APP_02110,Julie Martin,22,High School,Salaried,2,3,Married,380365,16118,2,14263,36063,590175,621,4,0,4,1,494500,36,Education,31697.08,45.0,1.3,1316.08,Rejected,1
APP_02111,Erin Schmidt,48,Graduate,Contract,15,0,Single,662887,18165,0,0,307717,1901887,692,19,1,7,2,813081,84,Home,55240.58,0.0,1.227,37075.58,Rejected,1
APP_02112,Marilyn White,45,High School,Self-Employed,1,4,Single,369970,9811,3,13873,109710,1390635,774,17,0,4,0,395282,36,Vehicle,30830.83,45.0,1.068,7146.83,Approved,0
APP_02113,Nathan Marshall,53,Graduate,Salaried,14,4,Single,577673,25749,4,21662,158708,1608328,611,13,0,8,4,342131,84,Personal,48139.42,45.0,0.592,728.42,Rejected,1
APP_02114,Natalie Hooper,63,High School,Salaried,1,1,Married,667737,19161,0,0,165172,2370176,709,14,1,6,0,613188,84,Vehicle,55644.75,0.0,0.918,36483.75,Approved,1
APP_02115,Kevin George,41,Graduate,Self-Employed,7,2,Single,384211,10230,0,0,140157,1341212,587,14,0,5,2,532176,36,Personal,32017.58,0.0,1.385,21787.58,Rejected,1
APP_02116,Michelle Smith,57,Graduate,Self-Employed,22,0,Married,742619,21000,4,27848,274005,781568,689,8,0,8,0,1096925,24,Medical,61884.92,45.0,1.477,13036.92,Rejected,0
APP_02117,Donna Knapp,52,Graduate,Business Owner,14,1,Married,982509,44268,3,34097,246102,2634389,643,15,1,1,5,622039,120,Education,81875.75,41.64,0.633,3510.75,Rejected,1
APP_02118,William Taylor,42,Graduate,Business Owner,10,1,Married,997285,31886,3,21067,242171,1377557,588,18,0,1,3,572163,60,Vehicle,83107.08,25.35,0.574,30154.08,Rejected,0
APP_02119,Molly Mahoney,38,Diploma,Self-Employed,8,3,Single,631272,13679,2,20850,187320,2419098,641,20,1,8,1,539073,60,Personal,52606.0,39.63,0.854,18077.0,Rejected,1
APP_02120,Debra Cruz,28,Graduate,Salaried,6,1,Single,627684,12402,2,23538,243076,1444924,685,4,0,5,0,308173,36,Personal,52307.0,45.0,0.491,16367.0,Approved,0
APP_02121,Ashley Ramirez,62,Graduate,Salaried,4,2,Married,303071,9140,4,11365,56273,913759,729,9,0,1,0,105534,120,Business,25255.92,45.0,0.348,4750.92,Approved,0
APP_02122,Melanie Wolf,27,Graduate,Salaried,7,1,Married,663677,17591,4,24887,338230,1686493,748,1,0,3,1,846300,48,Education,55306.42,45.0,1.275,12828.42,Approved,1
APP_02123,Douglas Rodriguez,22,Postgraduate,Self-Employed,2,4,Married,488697,14370,1,13240,161816,2291274,630,4,1,6,2,409609,24,Business,40724.75,32.51,0.838,13114.75,Rejected,1
APP_02124,Sonia Marshall,26,Graduate,Salaried,5,1,Married,669588,16041,0,0,118085,1078202,756,6,0,7,0,244413,120,Personal,55799.0,0.0,0.365,39758.0,Approved,0
APP_02125,Adrian Bartlett,41,Graduate,Self-Employed,20,1,Single,898910,25217,1,6429,201062,4200574,782,6,0,8,0,1420185,36,Home,74909.17,8.58,1.58,43263.17,Approved,0
APP_02126,Nicholas Miller,37,High School,Salaried,10,0,Married,466135,19821,0,0,106015,1198952,659,6,0,5,0,440026,24,Business,38844.58,0.0,0.944,19023.58,Approved,0
APP_02127,Valerie Turner,53,Diploma,Salaried,2,4,Single,534350,20100,3,20038,217995,1450124,715,9,0,4,1,464911,24,Personal,44529.17,45.0,0.87,4391.17,Rejected,1
APP_02128,Joseph Gates,57,Diploma,Self-Employed,35,2,Married,887296,40254,1,4917,10000,1035787,841,20,0,2,0,1401368,36,Personal,73941.33,6.65,1.579,28770.33,Approved,0
APP_02129,Dr. Stephanie Goodwin MD,36,Postgraduate,Salaried,14,2,Single,688006,14854,4,25800,252772,1998212,644,3,1,2,0,373657,36,Personal,57333.83,45.0,0.543,16679.83,Rejected,1
APP_02130,Peter Dennis,60,Graduate,Salaried,29,1,Married,706575,24614,4,26496,210634,1492798,699,20,0,2,3,662635,12,Personal,58881.25,45.0,0.938,7771.25,Rejected,1
APP_02131,Kathryn Morris,32,Postgraduate,Contract,1,2,Single,506413,22832,2,18990,107132,1302514,615,5,1,6,1,423935,36,Home,42201.08,45.0,0.837,379.08,Rejected,1
APP_02132,Gina Foster,60,Diploma,Salaried,11,4,Married,707815,14956,0,0,248378,2240290,698,7,0,6,0,887288,48,Home,58984.58,0.0,1.254,44028.58,Approved,0
APP_02133,Sharon Bailey,29,Graduate,Salaried,5,0,Married,756078,28972,1,10268,198882,1867696,607,10,0,3,4,658253,12,Vehicle,63006.5,16.3,0.871,23766.5,Rejected,0
APP_02134,Alexis Marquez,59,Graduate,Salaried,9,1,Married,570981,24432,4,21411,140210,1236279,650,4,0,3,1,559970,24,Personal,47581.75,45.0,0.981,1738.75,Rejected,0
APP_02135,Curtis Watkins,32,Graduate,Salaried,1,1,Single,640750,21621,3,24028,198295,1538297,653,2,0,6,0,141327,24,Home,53395.83,45.0,0.221,7746.83,Approved,0
APP_02136,Ashley Lara,37,Postgraduate,Salaried,6,0,Married,615829,16130,0,0,313323,982131,790,5,0,8,1,193255,60,Home,51319.08,0.0,0.314,35189.08,Approved,0
APP_02137,Rhonda Mcmahon,61,Postgraduate,Salaried,8,4,Married,268864,8329,1,5859,34940,806787,684,22,1,6,1,233444,36,Vehicle,22405.33,26.15,0.868,8217.33,Rejected,0
APP_02138,Laura Watkins,43,Graduate,Business Owner,23,3,Single,861713,15648,1,8817,190736,2504687,699,14,0,8,1,940053,24,Home,71809.42,12.28,1.091,47344.42,Approved,0
APP_02139,Robert Lawson,40,Graduate,Salaried,2,2,Single,467238,13889,3,17521,25269,849725,678,16,1,6,1,637252,24,Personal,38936.5,45.0,1.364,7526.5,Rejected,1
APP_02140,Dustin Hardin,61,Graduate,Salaried,27,1,Married,663303,15845,1,16546,181535,2173347,644,15,1,3,6,512931,24,Business,55275.25,29.93,0.773,22884.25,Rejected,1
APP_02141,Linda Pineda,64,Graduate,Contract,22,3,Married,445130,8055,2,16692,255144,1342759,610,25,1,2,5,250651,60,Vehicle,37094.17,45.0,0.563,12347.17,Rejected,1
APP_02142,Megan Jones,50,Postgraduate,Salaried,19,3,Married,537851,18654,0,0,190247,542921,771,4,0,8,1,330045,36,Personal,44820.92,0.0,0.614,26166.92,Approved,0
APP_02143,Joseph Marshall,24,Postgraduate,Salaried,4,1,Single,561380,24472,0,0,177630,1623675,600,2,1,2,2,384913,48,Vehicle,46781.67,0.0,0.686,22309.67,Rejected,1
APP_02144,Ashley Leonard,27,Postgraduate,Salaried,0,2,Single,803922,34185,4,30147,329356,3275555,710,1,0,3,4,854967,36,Home,66993.5,45.0,1.063,2661.5,Rejected,1
APP_02145,Jennifer Gonzalez,40,Postgraduate,Salaried,15,0,Married,484970,20827,2,18186,50779,816078,660,18,0,2,3,69713,48,Personal,40414.17,45.0,0.144,1401.17,Rejected,1
APP_02146,Collin Hartman,41,Graduate,Business Owner,11,3,Married,836006,17448,3,24487,432014,831001,665,19,0,3,2,878544,36,Home,69667.17,35.15,1.051,27732.17,Approved,0
APP_02147,Amy Miller,30,Diploma,Self-Employed,6,3,Married,1057740,34728,2,15399,310559,2598032,829,5,0,8,0,1413375,24,Business,88145.0,17.47,1.336,38018.0,Approved,0
APP_02148,Brittany Hall,63,Diploma,Self-Employed,0,3,Single,725702,32960,0,0,233068,1269421,702,22,0,7,0,656327,12,Home,60475.17,0.0,0.904,27515.17,Rejected,0
APP_02149,Elizabeth Sanchez,62,Graduate,Salaried,18,2,Single,538339,17838,3,20187,153562,1532147,573,24,0,2,6,543006,24,Education,44861.58,45.0,1.009,6836.58,Rejected,1
APP_02150,Robert Dawson,38,Graduate,Salaried,0,1,Single,664285,18805,4,24910,371356,2711086,731,19,0,7,2,50000,120,Personal,55357.08,45.0,0.075,11642.08,Approved,0
APP_02151,Ronald Guzman,24,High School,Salaried,1,3,Single,801103,17787,1,7227,167150,1332558,777,2,0,3,1,1056622,12,Vehicle,66758.58,10.83,1.319,41744.58,Approved,0
APP_02152,Walter Joyce,25,High School,Salaried,3,3,Married,892022,26980,3,26746,128738,3643975,785,2,0,7,2,507491,36,Business,74335.17,35.98,0.569,20609.17,Approved,0
APP_02153,Andrew Mckinney,21,Graduate,Self-Employed,1,1,Married,917270,39880,4,34397,228094,2615546,778,3,0,2,0,1183702,60,Home,76439.17,45.0,1.29,2162.17,Approved,1
APP_02154,Stephanie Simon,47,Graduate,Business Owner,19,1,Married,1166170,42679,0,0,373963,1763834,841,20,0,6,1,1139103,36,Personal,97180.83,0.0,0.977,54501.83,Approved,0
APP_02155,Shannon Long,46,Postgraduate,Salaried,10,1,Married,586611,15217,0,0,145035,862306,715,21,0,7,2,296802,48,Education,48884.25,0.0,0.506,33667.25,Approved,0
APP_02156,Kevin Wallace,56,Graduate,Contract,8,4,Single,595413,18555,0,0,229170,1673970,651,15,0,4,1,811439,24,Personal,49617.75,0.0,1.363,31062.75,Approved,0
APP_02157,Russell Edwards,49,Graduate,Self-Employed,5,2,Married,696966,15757,4,26136,68884,2530010,629,8,0,7,2,584895,120,Home,58080.5,45.0,0.839,16187.5,Rejected,1
APP_02158,Jason Young,64,Graduate,Salaried,29,3,Single,862097,24883,0,0,360975,839895,636,25,0,1,2,856775,120,Business,71841.42,0.0,0.994,46958.42,Approved,0
APP_02159,Stephen Campos,34,Postgraduate,Salaried,8,0,Single,594442,10464,1,13752,154768,1295777,662,4,0,7,1,752979,12,Vehicle,49536.83,27.76,1.267,25320.83,Rejected,1
APP_02160,Nicholas Forbes,26,Graduate,Business Owner,4,4,Single,665408,27733,2,19288,79096,1295128,703,6,0,4,0,384537,120,Home,55450.67,34.78,0.578,8429.67,Approved,0
APP_02161,Terry Wilson,44,High School,Self-Employed,9,2,Married,996873,25577,4,37382,266342,1197704,609,14,0,3,2,1080002,36,Medical,83072.75,45.0,1.083,20113.75,Rejected,1
APP_02162,Stephanie Soto,39,High School,Self-Employed,6,1,Married,780389,13302,4,29264,168959,1953377,583,21,0,4,1,56605,84,Vehicle,65032.42,45.0,0.073,22466.42,Rejected,1
APP_02163,Sara Nelson,65,Graduate,Salaried,34,0,Married,581998,14101,3,21824,342088,930066,708,6,0,7,4,921747,60,Vehicle,48499.83,45.0,1.584,12574.83,Rejected,0
APP_02164,Craig Stevens,49,Graduate,Contract,26,3,Single,458489,17791,0,0,108041,1797513,666,11,0,7,0,370066,24,Personal,38207.42,0.0,0.807,20416.42,Approved,0
APP_02165,Jennifer Caldwell,52,Diploma,Salaried,24,0,Single,744805,18363,3,25613,281439,2133419,665,23,0,3,3,1000818,12,Personal,62067.08,41.27,1.344,18091.08,Approved,1
APP_02166,Anthony Graves,37,Graduate,Salaried,12,1,Married,584533,11308,2,19774,199785,1469291,748,5,0,7,0,736725,48,Home,48711.08,40.59,1.26,17629.08,Rejected,0
APP_02167,Dr. Brenda Campbell,45,Postgraduate,Salaried,2,3,Married,525123,19603,1,12992,87354,1328594,737,13,0,3,0,570777,84,Business,43760.25,29.69,1.087,11165.25,Approved,0
APP_02168,Troy Lee,62,Graduate,Salaried,14,2,Married,617206,14813,3,23145,326503,1645646,769,22,0,3,1,183985,120,Vehicle,51433.83,45.0,0.298,13475.83,Approved,0
APP_02169,Caroline Davis,52,High School,Self-Employed,18,3,Married,180000,4078,1,6750,67968,404481,685,5,0,3,0,95090,24,Vehicle,15000.0,45.0,0.528,4172.0,Rejected,0
APP_02170,Craig Harding MD,38,High School,Salaried,13,1,Single,518912,13594,0,0,148304,662674,792,16,0,5,1,483580,60,Education,43242.67,0.0,0.932,29648.67,Approved,0
APP_02171,Michelle Rivera,48,Diploma,Salaried,8,3,Married,887036,18977,0,0,227606,1925224,670,8,0,5,3,859636,60,Home,73919.67,0.0,0.969,54942.67,Approved,0
APP_02172,Mark Santana,64,Postgraduate,Salaried,29,3,Single,666437,20143,3,17683,181480,1795086,745,10,0,4,2,297858,36,Education,55536.42,31.84,0.447,17710.42,Approved,0
APP_02173,Margaret Zuniga,23,Graduate,Salaried,2,3,Single,505973,13178,3,18909,213380,1465491,706,5,0,2,2,292259,60,Business,42164.42,44.85,0.578,10077.42,Approved,0
APP_02174,Brandon Mitchell,58,Postgraduate,Salaried,18,2,Single,489962,15440,1,13064,160100,1278820,729,22,0,6,2,204189,48,Vehicle,40830.17,32.0,0.417,12326.17,Approved,0
APP_02175,Gerald Edwards,45,High School,Salaried,17,2,Single,475676,9668,0,0,294460,1618427,775,12,0,4,0,664621,24,Education,39639.67,0.0,1.397,29971.67,Approved,0
APP_02176,Nicole Ross,29,Graduate,Self-Employed,2,0,Married,936259,41911,4,35109,102990,1485362,593,11,0,7,3,1621933,12,Vehicle,78021.58,45.0,1.732,1001.58,Rejected,1
APP_02177,Javier Hammond,65,Graduate,Self-Employed,4,0,Single,1048559,34601,1,9260,150635,2211448,618,4,1,2,5,932061,84,Vehicle,87379.92,10.6,0.889,43518.92,Rejected,1
APP_02178,Felicia Klein,42,Graduate,Self-Employed,17,3,Married,845044,19890,2,23490,339408,1533475,742,22,0,6,0,1130814,36,Business,70420.33,33.36,1.338,27040.33,Approved,0
APP_02179,Kimberly Garcia,31,High School,Salaried,4,1,Single,852346,31847,4,31962,217717,1788217,609,4,1,7,1,346847,24,Medical,71028.83,45.0,0.407,7219.83,Rejected,1
APP_02180,Alison Moody,40,Postgraduate,Salaried,15,0,Single,728373,18114,0,0,332663,2804423,653,13,1,4,1,870343,48,Vehicle,60697.75,0.0,1.195,42583.75,Approved,1
APP_02181,Jennifer Roth,34,High School,Business Owner,3,1,Married,1482485,52665,0,0,724967,2426298,710,4,0,8,0,1648438,12,Education,123540.42,0.0,1.112,70875.42,Approved,0
APP_02182,Rebecca Davis,52,Graduate,Salaried,8,2,Single,751327,32283,1,13787,100753,206432,732,8,0,6,0,1079305,120,Personal,62610.58,22.02,1.437,16540.58,Approved,0
APP_02183,Eric Welch,24,Diploma,Self-Employed,2,2,Married,820745,34782,3,26258,294715,2019178,739,4,0,2,2,965458,24,Business,68395.42,38.39,1.176,7355.42,Rejected,1
APP_02184,Cynthia Payne,61,Diploma,Salaried,0,3,Married,603133,25253,1,4555,252246,1766971,661,22,0,7,0,414987,120,Business,50261.08,9.06,0.688,20453.08,Approved,0
APP_02185,Robert Lopez,65,Postgraduate,Self-Employed,15,3,Single,565038,11037,0,0,294869,1843483,677,12,0,1,2,717013,24,Home,47086.5,0.0,1.269,36049.5,Approved,0
APP_02186,Brian Allison,54,Graduate,Salaried,10,2,Married,498844,20868,3,18706,143886,1008755,705,20,0,2,2,522677,36,Personal,41570.33,45.0,1.048,1996.33,Approved,1
APP_02187,Mathew Garrett,39,Graduate,Business Owner,5,0,Married,1070692,18594,3,26001,377271,1796233,641,13,0,6,1,1050527,36,Personal,89224.33,29.14,0.981,44629.33,Rejected,0
APP_02188,Elizabeth Butler,51,Graduate,Business Owner,21,0,Single,1548630,69944,4,33734,304589,2324875,542,10,0,3,1,1357605,48,Home,129052.5,26.14,0.877,25374.5,Approved,0
APP_02189,Jesus Huynh,33,Graduate,Salaried,3,0,Single,699496,29166,0,0,188762,2034737,652,3,0,1,1,983051,120,Medical,58291.33,0.0,1.405,29125.33,Approved,0
APP_02190,Scott Clark,59,Graduate,Business Owner,8,4,Married,1048514,33503,3,26193,301770,1845134,585,18,1,2,3,1527362,120,Personal,87376.17,29.98,1.457,27680.17,Rejected,1
APP_02191,Connie Daniels,25,Graduate,Salaried,0,0,Married,756386,23292,3,28364,268079,2688187,569,7,1,7,3,540660,24,Vehicle,63032.17,45.0,0.715,11376.17,Rejected,1
APP_02192,Julie Hall,58,Graduate,Salaried,16,2,Single,589800,16616,0,0,284117,1144409,676,8,1,7,1,150526,12,Vehicle,49150.0,0.0,0.255,32534.0,Rejected,0
APP_02193,Donald Gonzalez,55,Postgraduate,Contract,17,4,Married,635163,27174,1,9046,208689,1665578,711,20,1,2,4,493330,120,Home,52930.25,17.09,0.777,16710.25,Rejected,1
APP_02194,Jodi Reese,38,Graduate,Contract,3,3,Single,416556,10067,1,11488,77357,638339,666,1,0,1,3,78978,84,Personal,34713.0,33.09,0.19,13158.0,Approved,0
APP_02195,Angela Thomas,61,Graduate,Salaried,9,3,Married,943771,36025,3,35391,465206,2180687,639,1,0,8,5,552839,48,Education,78647.58,45.0,0.586,7231.58,Rejected,1
APP_02196,Latasha Brown,45,Graduate,Self-Employed,11,4,Married,766478,26841,0,0,319506,1199233,651,6,0,3,0,651217,36,Business,63873.17,0.0,0.85,37032.17,Approved,0
APP_02197,Sherry Fleming,65,Postgraduate,Contract,26,3,Married,554458,17976,4,20792,219105,1336082,639,25,0,2,3,546644,24,Education,46204.83,45.0,0.986,7436.83,Rejected,0
APP_02198,James Key,48,Diploma,Salaried,8,4,Married,537464,22742,1,16398,33787,1380654,768,5,0,5,0,405372,60,Home,44788.67,36.61,0.754,5648.67,Approved,0
APP_02199,Ian Roberts,62,Graduate,Salaried,20,1,Single,748478,22214,4,28067,96841,201405,707,2,1,8,0,763040,48,Home,62373.17,45.0,1.019,12092.17,Rejected,1
APP_02200,Bradley Mcfarland,36,Graduate,Salaried,4,0,Single,590384,21790,1,16211,56831,1302595,686,1,0,4,0,568617,36,Personal,49198.67,32.95,0.963,11197.67,Rejected,0
APP_02201,Michelle Thompson,59,High School,Contract,24,3,Single,492381,21338,2,17722,180428,1220643,812,22,0,1,0,463083,24,Business,41031.75,43.19,0.94,1971.75,Approved,1
APP_02202,James Fritz,24,Diploma,Salaried,4,4,Married,570415,10495,1,15742,141171,749106,793,5,0,4,0,570619,36,Vehicle,47534.58,33.12,1.0,21297.58,Approved,0
APP_02203,Adam Gardner,55,Graduate,Business Owner,20,1,Married,1048883,23707,0,0,333836,1335122,701,14,0,2,0,1089796,120,Vehicle,87406.92,0.0,1.039,63699.92,Approved,0
APP_02204,Danielle Smith,49,Graduate,Self-Employed,25,0,Married,1050085,20901,1,4630,338232,2755559,631,4,1,8,0,1081202,120,Vehicle,87507.08,5.29,1.03,61976.08,Rejected,1
APP_02205,Lorraine Wilson,40,Diploma,Contract,3,4,Single,404652,9387,3,15174,93057,821067,645,21,1,8,4,138111,60,Personal,33721.0,45.0,0.341,9160.0,Rejected,1
APP_02206,Judy Robinson,46,Diploma,Business Owner,2,2,Married,1008422,24811,1,17693,330972,3118452,653,22,0,1,0,413178,84,Vehicle,84035.17,21.05,0.41,41531.17,Approved,0
APP_02207,Anthony Chase,59,Diploma,Salaried,34,2,Married,670704,18655,3,25151,73913,1178226,735,10,0,1,0,521275,120,Personal,55892.0,45.0,0.777,12086.0,Approved,0
APP_02208,Todd Cain,28,Graduate,Contract,5,4,Married,622546,28432,3,23345,480108,1124189,728,8,0,2,3,400481,12,Vehicle,51878.83,45.0,0.643,101.83,Approved,0
APP_02209,Diane Adams,23,Graduate,Self-Employed,2,2,Married,299087,5023,0,0,35842,725093,712,1,0,5,1,381605,60,Home,24923.92,0.0,1.276,19900.92,Approved,0
APP_02210,Kathleen Jones,45,Postgraduate,Self-Employed,11,2,Single,565553,20365,1,12875,168048,1114702,631,2,0,4,0,564675,84,Personal,47129.42,27.32,0.998,13889.42,Approved,0
APP_02211,Mariah Abbott,34,Diploma,Self-Employed,9,2,Single,842217,35347,1,4388,366101,2740937,629,13,1,4,5,1244034,84,Vehicle,70184.75,6.25,1.477,30449.75,Rejected,1
APP_02212,Jon Morgan,47,Graduate,Self-Employed,19,3,Married,845872,31248,0,0,275033,2686806,756,17,0,7,0,1175623,36,Business,70489.33,0.0,1.39,39241.33,Approved,0
APP_02213,Nancy Garcia,65,Graduate,Business Owner,6,2,Single,1082153,29920,1,13972,443108,4089737,556,17,0,4,4,435850,48,Vehicle,90179.42,15.49,0.403,46287.42,Rejected,1
APP_02214,Justin Coffey,50,Graduate,Self-Employed,3,3,Married,1082110,45849,0,0,138176,1696662,632,12,0,8,1,1406887,24,Vehicle,90175.83,0.0,1.3,44326.83,Approved,1
APP_02215,Rachel Morgan,49,Graduate,Salaried,9,4,Married,678767,14991,4,25453,243535,599863,715,8,0,8,2,369655,12,Home,56563.92,45.0,0.545,16119.92,Approved,0
APP_02216,Carol Leblanc,64,Graduate,Salaried,6,2,Married,468358,11380,1,10517,26743,2436788,742,7,0,5,1,473073,12,Personal,39029.83,26.95,1.01,17132.83,Approved,0
APP_02217,Gabriela Turner,34,Graduate,Contract,4,3,Married,467081,11847,3,17515,70764,476254,720,3,0,7,3,396847,12,Business,38923.42,45.0,0.85,9561.42,Rejected,0
APP_02218,Michelle Johnson,62,Graduate,Salaried,2,3,Married,336497,8003,3,12618,118766,1236121,660,1,0,2,2,255907,120,Business,28041.42,45.0,0.761,7420.42,Rejected,0
APP_02219,James Hernandez,23,Graduate,Salaried,1,1,Single,547914,9505,3,20546,201939,2210512,699,3,0,7,0,612355,48,Personal,45659.5,45.0,1.118,15608.5,Rejected,1
APP_02220,Andrew Turner,21,Postgraduate,Salaried,1,3,Single,874221,28588,0,0,166938,912718,751,3,0,7,1,801302,48,Home,72851.75,0.0,0.917,44263.75,Approved,0
APP_02221,Kevin Jones,55,Graduate,Contract,15,0,Married,516331,19329,2,19362,34074,1141319,797,23,0,1,0,825106,120,Home,43027.58,45.0,1.598,4336.58,Rejected,0
APP_02222,Samantha Pace,54,Diploma,Salaried,12,0,Married,390873,7082,0,0,61585,0,840,20,0,3,2,303535,24,Business,32572.75,0.0,0.777,25490.75,Approved,0
APP_02223,Brian Mills,24,Postgraduate,Salaried,2,1,Single,882556,17147,0,0,10000,1373315,702,1,0,7,0,717951,120,Personal,73546.33,0.0,0.813,56399.33,Approved,0
APP_02224,Charles Chaney,30,Graduate,Self-Employed,10,0,Married,755790,22985,3,28342,234526,1651613,749,10,0,1,2,417134,24,Personal,62982.5,45.0,0.552,11655.5,Approved,1
APP_02225,John Adkins,49,Diploma,Business Owner,20,3,Single,1181309,49365,4,31865,117556,3369540,700,25,1,7,0,910274,84,Personal,98442.42,32.37,0.771,17212.42,Approved,1
APP_02226,Tracey Perez,56,High School,Salaried,7,1,Single,562303,9546,2,16244,199882,2177426,632,12,1,4,6,856391,60,Personal,46858.58,34.67,1.523,21068.58,Rejected,1
APP_02227,David Joseph,58,Graduate,Salaried,9,2,Married,1001347,37183,3,37550,18731,2663638,633,18,0,7,3,932184,84,Education,83445.58,45.0,0.931,8712.58,Rejected,1
APP_02228,Jill Parker,34,Graduate,Business Owner,11,0,Married,1210521,53994,3,22310,344424,2843102,681,7,0,5,0,1802049,36,Personal,100876.75,22.12,1.489,24572.75,Rejected,0
APP_02229,Amanda Zimmerman,64,Postgraduate,Salaried,7,0,Single,468033,11263,4,17551,257393,1382890,716,5,0,5,3,427896,36,Home,39002.75,45.0,0.914,10188.75,Rejected,0
APP_02230,Tyrone Weber,26,Graduate,Salaried,2,3,Married,521584,17836,2,11761,162681,2145361,744,8,0,3,1,289649,84,Medical,43465.33,27.06,0.555,13868.33,Approved,0
APP_02231,Robert Lewis,47,Graduate,Salaried,16,1,Single,508927,21959,0,0,53244,1540942,715,7,0,3,0,443140,12,Vehicle,42410.58,0.0,0.871,20451.58,Approved,0
APP_02232,Christopher James,44,Graduate,Business Owner,2,2,Married,1090327,41119,1,10524,349461,0,583,3,0,1,0,640297,12,Home,90860.58,11.58,0.587,39217.58,Rejected,1
APP_02233,Yvette Kelly,32,Postgraduate,Salaried,6,4,Single,613631,23254,3,23011,134355,2433076,569,6,0,4,6,325617,12,Personal,51135.92,45.0,0.531,4870.92,Rejected,1
APP_02234,Brandon Wong,31,Graduate,Salaried,11,0,Married,655429,21344,1,12738,72389,1585264,627,3,1,3,0,586948,12,Home,54619.08,23.32,0.896,20537.08,Rejected,1
APP_02235,Joseph Collins,36,Postgraduate,Business Owner,7,1,Married,234034,4251,4,8776,70821,278415,659,12,0,1,2,85644,60,Vehicle,19502.83,45.0,0.366,6475.83,Approved,0
APP_02236,Karen Hayes,64,Graduate,Salaried,6,4,Married,675336,26935,2,25325,211933,2378305,742,5,0,1,1,852811,84,Business,56278.0,45.0,1.263,4018.0,Rejected,1
APP_02237,Sandra Hill,43,Graduate,Salaried,8,1,Married,290295,7388,3,10886,76996,935977,662,13,0,5,3,286797,120,Business,24191.25,45.0,0.988,5917.25,Approved,1
APP_02238,Christopher Lopez,37,High School,Contract,14,4,Married,218459,3754,0,0,81760,191816,738,9,0,4,0,155430,12,Vehicle,18204.92,0.0,0.711,14450.92,Approved,0
APP_02239,Daniel Moore,58,Graduate,Salaried,28,1,Married,773661,15074,0,0,172399,2497213,744,4,0,8,0,914563,24,Medical,64471.75,0.0,1.182,49397.75,Approved,0
APP_02240,Stacy Ruiz,28,Graduate,Contract,1,0,Married,415771,16592,2,6938,171711,273676,666,5,0,6,1,671959,48,Home,34647.58,20.02,1.616,11117.58,Approved,1
APP_02241,Samuel Mclaughlin,60,Graduate,Business Owner,8,1,Married,1175246,53105,1,3304,299735,3159681,751,11,0,8,1,646970,24,Personal,97937.17,3.37,0.55,41528.17,Approved,0
APP_02242,Ricky Sanchez,58,Graduate,Salaried,6,0,Married,615880,24714,0,0,69838,2175931,631,4,1,2,2,471346,12,Vehicle,51323.33,0.0,0.765,26609.33,Rejected,1
APP_02243,Kathleen Chang,36,Graduate,Business Owner,1,2,Married,577034,22288,4,21638,174605,2689797,676,13,0,4,0,211851,48,Home,48086.17,45.0,0.367,4160.17,Approved,1
APP_02244,Jessica Patterson,56,Postgraduate,Salaried,13,2,Married,578153,16968,4,21680,66904,1241449,723,21,0,3,0,441318,24,Personal,48179.42,45.0,0.763,9531.42,Rejected,0
APP_02245,Ana Murphy,56,Graduate,Business Owner,32,1,Married,861364,23940,0,0,267243,2078195,682,1,0,5,2,689570,36,Medical,71780.33,0.0,0.801,47840.33,Approved,0
APP_02246,Mr. David Herring,55,Graduate,Salaried,25,1,Married,849650,29917,0,0,173917,1732470,676,19,0,2,1,1107752,12,Education,70804.17,0.0,1.304,40887.17,Approved,0
APP_02247,Gary Flores,28,Postgraduate,Salaried,1,1,Single,893910,20705,4,33521,369218,564650,768,5,1,7,0,930584,60,Business,74492.5,45.0,1.041,20266.5,Rejected,1
APP_02248,Sean Short,32,Postgraduate,Self-Employed,3,4,Single,1078328,27144,3,27981,530134,2346811,657,12,0,7,2,630025,24,Vehicle,89860.67,31.14,0.584,34735.67,Approved,0
APP_02249,Dakota Myers,33,Diploma,Salaried,7,4,Married,715373,14907,0,0,161294,1465926,633,5,0,3,2,439174,48,Home,59614.42,0.0,0.614,44707.42,Approved,1
APP_02250,Sandra Wright,35,Postgraduate,Business Owner,7,3,Single,1130388,31567,1,11461,168836,2685274,683,11,0,6,0,1132654,12,Education,94199.0,12.17,1.002,51171.0,Rejected,0
APP_02251,Teresa White,32,High School,Salaried,6,3,Married,434660,9791,1,15001,124337,1614236,627,9,1,2,0,203909,24,Vehicle,36221.67,41.41,0.469,11429.67,Rejected,1
APP_02252,Christopher Lopez,39,Graduate,Salaried,13,3,Single,637464,13839,3,23904,369461,1315585,807,9,0,4,0,900880,36,Business,53122.0,45.0,1.413,15379.0,Approved,0
APP_02253,Vanessa Johnson,22,High School,Contract,1,4,Married,386896,13577,1,14508,70948,591707,624,4,1,7,5,308179,48,Personal,32241.33,45.0,0.797,4156.33,Rejected,1
APP_02254,Sonya Snyder,62,Graduate,Self-Employed,26,2,Married,757326,31003,1,8263,90713,2073591,632,18,1,4,5,792888,84,Business,63110.5,13.09,1.047,23844.5,Rejected,1
APP_02255,Carolyn Hill,44,Postgraduate,Business Owner,18,3,Married,1308357,35338,4,45254,334299,4798117,732,18,0,8,0,2273482,36,Personal,109029.75,41.51,1.738,28437.75,Approved,0
APP_02256,Mrs. Bonnie Adams,43,Postgraduate,Salaried,11,1,Married,763063,19527,4,28614,108995,0,563,18,1,5,0,307407,24,Business,63588.58,45.0,0.403,15447.58,Rejected,1
APP_02257,Alexander Dickerson,54,Graduate,Salaried,29,4,Single,357216,14184,2,10276,77625,1161676,820,19,0,8,0,293519,60,Vehicle,29768.0,34.52,0.822,5308.0,Approved,0
APP_02258,Susan Clay,38,Postgraduate,Contract,16,2,Married,446669,12265,2,16750,246875,1908563,776,14,0,8,1,709966,24,Business,37222.42,45.0,1.589,8207.42,Approved,1
APP_02259,Scott Rollins,57,Graduate,Business Owner,21,3,Married,788487,35601,0,0,10000,1016297,697,5,0,7,0,946441,12,Vehicle,65707.25,0.0,1.2,30106.25,Approved,0
APP_02260,Jodi Stevens,56,Diploma,Self-Employed,3,0,Single,970890,20757,0,0,377686,1996382,771,13,0,7,0,1455626,60,Home,80907.5,0.0,1.499,60150.5,Approved,0
APP_02261,Laura Dean,40,Postgraduate,Salaried,12,4,Single,692135,16425,0,0,265198,1918333,661,13,0,6,4,633902,36,Home,57677.92,0.0,0.916,41252.92,Rejected,0
APP_02262,Kathryn Graham,57,Graduate,Salaried,12,1,Married,704282,29159,0,0,301638,277899,710,16,0,4,2,141693,24,Personal,58690.17,0.0,0.201,29531.17,Approved,1
APP_02263,Danielle Grant,31,Graduate,Salaried,3,1,Married,633025,11473,3,23738,345697,1219234,742,2,0,2,2,824244,60,Home,52752.08,45.0,1.302,17541.08,Approved,0
APP_02264,Annette Martin,46,Postgraduate,Salaried,24,1,Single,375894,14902,4,14096,126678,1078728,615,25,0,5,4,307317,48,Education,31324.5,45.0,0.818,2326.5,Rejected,1
APP_02265,Erika Baker,28,Graduate,Contract,1,2,Single,562281,23992,4,21085,232260,854405,642,3,0,1,0,281763,12,Business,46856.75,45.0,0.501,1779.75,Rejected,0
APP_02266,Joseph Williams,29,Graduate,Salaried,0,0,Married,501966,9150,1,10592,84197,948802,647,11,1,3,5,737162,120,Vehicle,41830.5,25.32,1.469,22088.5,Rejected,1
APP_02267,Rebecca Norris,44,Graduate,Salaried,21,0,Married,557693,13192,3,20913,219916,1457948,744,21,0,6,0,780279,120,Home,46474.42,45.0,1.399,12369.42,Approved,0
APP_02268,Alexa Smith,30,High School,Salaried,3,1,Single,831223,25267,4,31170,263107,2101662,719,11,0,2,4,416223,12,Business,69268.58,45.0,0.501,12831.58,Rejected,0
APP_02269,Chad Davies,35,High School,Self-Employed,10,2,Married,773050,13875,3,28989,232341,1579145,654,11,0,7,0,109410,60,Medical,64420.83,45.0,0.142,21556.83,Approved,0
APP_02270,Ryan Allison,63,Diploma,Self-Employed,21,1,Married,1013746,41035,1,17554,26921,2018494,681,17,0,2,0,467303,48,Personal,84478.83,20.78,0.461,25889.83,Approved,0
APP_02271,Shane Grant,38,Diploma,Business Owner,11,0,Married,450504,11118,3,16893,167438,879879,663,19,0,1,1,309683,48,Personal,37542.0,45.0,0.687,9531.0,Approved,0
APP_02272,Alexis Bridges,49,Graduate,Business Owner,8,4,Married,848463,26617,3,31817,407025,3460811,711,6,1,8,0,944445,120,Personal,70705.25,45.0,1.113,12271.25,Approved,1
APP_02273,Joyce Anderson,55,Postgraduate,Contract,30,1,Married,720143,27729,1,14467,161077,1242519,497,18,1,8,1,287213,48,Personal,60011.92,24.11,0.399,17815.92,Rejected,1
APP_02274,Justin Coleman,45,Postgraduate,Salaried,19,3,Single,518250,9375,4,19434,180129,1483133,707,2,0,8,0,285748,120,Home,43187.5,45.0,0.551,14378.5,Approved,0
APP_02275,Aaron Burns,27,Graduate,Self-Employed,7,1,Married,904509,25454,1,5641,191833,2249827,596,3,0,2,6,868456,12,Home,75375.75,7.48,0.96,44280.75,Rejected,1
APP_02276,Christopher Dodson,53,Graduate,Business Owner,2,1,Married,983898,41859,3,25861,278653,2638927,659,21,0,7,1,248832,36,Business,81991.5,31.54,0.253,14271.5,Approved,0
APP_02277,Jared Cox,31,Postgraduate,Salaried,3,2,Married,736278,19076,2,27610,299837,3691922,652,9,0,2,1,1193147,12,Personal,61356.5,45.0,1.621,14670.5,Approved,1
APP_02278,Tammy Simmons,26,High School,Salaried,1,1,Married,849291,28704,0,0,243413,1884653,675,7,0,4,1,531749,60,Personal,70774.25,0.0,0.626,42070.25,Approved,0
APP_02279,Heather Griffin,65,Graduate,Salaried,28,3,Married,530386,22664,0,0,84524,1873867,641,19,0,5,5,799834,12,Home,44198.83,0.0,1.508,21534.83,Rejected,0
APP_02280,Kimberly Hutchinson,27,Postgraduate,Self-Employed,7,2,Married,476442,9664,3,16219,145153,2079215,693,1,1,6,2,513258,120,Vehicle,39703.5,40.85,1.077,13820.5,Rejected,1
APP_02281,Jenny King,46,Graduate,Salaried,18,2,Single,532923,13403,1,7802,143661,1121390,688,23,0,5,0,691912,24,Vehicle,44410.25,17.57,1.298,23205.25,Approved,0
APP_02282,David Reyes,48,Graduate,Self-Employed,12,0,Single,615513,10437,4,23081,206585,1456306,693,21,0,5,0,1006892,12,Vehicle,51292.75,45.0,1.636,17774.75,Rejected,1
APP_02283,Ryan Wilson,64,Graduate,Salaried,35,3,Married,779595,23952,4,29234,292879,2827146,729,12,0,4,1,863965,60,Personal,64966.25,45.0,1.108,11780.25,Approved,0
APP_02284,Donald Ingram,23,Graduate,Contract,2,2,Married,343144,8061,3,12867,50560,758863,623,1,1,4,3,378888,84,Education,28595.33,45.0,1.104,7667.33,Rejected,1
APP_02285,Billy Harris,65,Graduate,Self-Employed,18,4,Single,750641,29271,2,28149,210656,2546764,655,21,0,5,1,510425,60,Medical,62553.42,45.0,0.68,5133.42,Rejected,0
APP_02286,Kathleen Hansen,55,Graduate,Self-Employed,12,4,Married,820603,22909,4,30772,467606,3743733,719,5,0,3,1,360953,84,Personal,68383.58,45.0,0.44,14702.58,Approved,0
APP_02287,James Smith,40,Postgraduate,Business Owner,18,1,Single,599348,26085,0,0,143101,2406458,624,5,1,8,5,800584,120,Home,49945.67,0.0,1.336,23860.67,Rejected,1
APP_02288,William Daniels,49,Postgraduate,Salaried,19,1,Married,726191,33270,2,27232,50671,1721511,685,16,0,7,3,317628,24,Business,60515.92,45.0,0.437,13.92,Approved,1
APP_02289,Nicole Ingram,49,Graduate,Self-Employed,5,3,Married,724959,18090,0,0,293959,2448104,526,6,1,6,6,132097,120,Education,60413.25,0.0,0.182,42323.25,Rejected,1
APP_02290,Mark Kidd,48,Graduate,Salaried,24,0,Single,673501,12665,3,25256,257104,1570264,752,18,0,1,0,656343,48,Personal,56125.08,45.0,0.975,18204.08,Approved,0
APP_02291,Timothy Davis,35,High School,Salaried,3,4,Single,731226,19295,2,13308,346339,1797160,669,4,0,3,3,1093472,120,Vehicle,60935.5,21.84,1.495,28332.5,Approved,1
APP_02292,Dennis Jackson,56,Postgraduate,Self-Employed,33,4,Married,548993,21941,4,20587,187103,992908,616,11,0,1,1,763227,12,Personal,45749.42,45.0,1.39,3221.42,Rejected,1
APP_02293,James Haley,27,Graduate,Salaried,0,4,Single,601921,27048,0,0,20741,1945011,778,4,0,3,0,875446,36,Vehicle,50160.08,0.0,1.454,23112.08,Approved,0
APP_02294,Kristine Turner,56,Graduate,Salaried,6,0,Married,878744,21107,4,32952,224439,2313049,510,9,0,8,1,437088,84,Home,73228.67,45.0,0.497,19169.67,Rejected,0
APP_02295,Raymond Garcia,39,High School,Salaried,8,0,Single,703637,29366,0,0,253508,1819428,624,2,0,4,5,730857,84,Personal,58636.42,0.0,1.039,29270.42,Rejected,1
APP_02296,Keith Rocha,21,High School,Business Owner,1,3,Married,1271580,57032,1,9774,353846,6085818,654,3,0,8,2,878433,60,Business,105965.0,9.22,0.691,39159.0,Approved,1
APP_02297,Tracey Leon,57,High School,Business Owner,13,0,Married,1162058,24900,3,33327,319445,4419741,679,5,0,7,1,1607409,84,Business,96838.17,34.42,1.383,38611.17,Rejected,1
APP_02298,Carolyn Martin,28,Graduate,Business Owner,5,4,Single,1160760,45360,4,43528,311464,1017171,642,10,1,1,3,1135135,24,Personal,96730.0,45.0,0.978,7842.0,Rejected,1
APP_02299,Kevin Davila,35,Graduate,Business Owner,14,1,Married,812056,20819,4,30452,240184,2131300,679,16,1,6,1,334653,24,Home,67671.33,45.0,0.412,16400.33,Rejected,1
APP_02300,Chad James,63,Postgraduate,Salaried,16,2,Married,610327,15771,1,17733,267723,1048035,724,18,0,8,0,892149,24,Vehicle,50860.58,34.87,1.462,17356.58,Approved,0
APP_02301,David Blair,53,Diploma,Salaried,32,0,Single,602085,16032,1,3666,166907,1408012,722,11,0,3,0,429156,48,Business,50173.75,7.31,0.713,30475.75,Approved,0
APP_02302,Jessica Serrano,25,Graduate,Salaried,3,0,Single,274559,8813,2,10295,57402,357192,739,1,0,8,0,340920,60,Personal,22879.92,45.0,1.242,3771.92,Rejected,0
APP_02303,Cameron Carpenter,40,Graduate,Salaried,17,4,Married,770102,21601,4,28878,228289,2625493,633,18,0,4,3,569629,48,Home,64175.17,45.0,0.74,13696.17,Rejected,0
APP_02304,Brandon Martin,34,High School,Salaried,3,0,Married,793207,23401,1,4863,76204,1638759,522,16,0,3,0,1131072,36,Personal,66100.58,7.36,1.426,37836.58,Rejected,0
APP_02305,Bianca Brady,49,Graduate,Contract,15,3,Married,471236,10988,1,12007,114961,1076424,621,3,0,1,2,686798,120,Vehicle,39269.67,30.58,1.457,16274.67,Rejected,0
APP_02306,Aaron Brown,51,Graduate,Contract,0,0,Single,563597,19828,1,7930,178552,1390131,615,20,0,4,5,479744,120,Education,46966.42,16.88,0.851,19208.42,Rejected,0
APP_02307,John Adams,35,Graduate,Business Owner,12,4,Married,927714,29655,2,18246,127844,1448851,598,15,1,4,1,415911,120,Vehicle,77309.5,23.6,0.448,29408.5,Rejected,1
APP_02308,David Barrett,65,Graduate,Salaried,6,2,Single,691614,22109,2,16564,284890,2054394,704,8,1,7,0,431901,36,Vehicle,57634.5,28.74,0.624,18961.5,Approved,1
APP_02309,Joyce Bishop DDS,52,Graduate,Salaried,20,3,Single,1100522,20464,3,25059,231449,3379313,704,15,0,2,3,958673,120,Home,91710.17,27.32,0.871,46187.17,Approved,0
APP_02310,Robert Ball,64,Graduate,Salaried,12,1,Single,514312,19171,1,11076,208332,1340473,631,18,0,7,2,352635,36,Business,42859.33,25.84,0.686,12612.33,Approved,1
APP_02311,Haley Reyes,27,High School,Salaried,2,2,Single,729065,13760,0,0,227458,606756,754,1,0,4,0,281001,36,Education,60755.42,0.0,0.385,46995.42,Approved,0
APP_02312,Kelly Stephens,43,Graduate,Salaried,22,2,Married,656577,20898,2,22714,310970,1849198,598,6,1,8,1,469518,60,Vehicle,54714.75,41.51,0.715,11102.75,Rejected,1
APP_02313,Amanda Carter,46,Postgraduate,Salaried,24,1,Married,548743,20475,1,11573,71845,1875120,850,24,0,6,0,363832,36,Personal,45728.58,25.31,0.663,13680.58,Approved,0
APP_02314,Crystal Harrison,21,Graduate,Salaried,0,3,Single,329553,5602,4,12358,79854,334998,815,3,0,2,0,392150,120,Business,27462.75,45.0,1.19,9502.75,Approved,0
APP_02315,Michelle Graham,58,Diploma,Business Owner,10,3,Married,1523546,38197,4,37018,246416,2015316,661,4,0,1,2,1911736,120,Education,126962.17,29.16,1.255,51747.17,Approved,0
APP_02316,Amy Bailey,56,Graduate,Salaried,16,0,Married,371497,15110,2,13931,52477,710609,595,15,0,8,5,539840,24,Medical,30958.08,45.0,1.453,1917.08,Rejected,1
APP_02317,Charles Mcgee,41,Postgraduate,Salaried,6,4,Married,1187790,35828,1,5528,358441,2992257,594,3,1,6,3,1153212,120,Home,98982.5,5.58,0.971,57626.5,Rejected,1
APP_02318,Jason Johnson,61,Graduate,Salaried,6,2,Married,869371,22904,2,15022,225579,2537819,737,24,0,7,3,524783,24,Vehicle,72447.58,20.73,0.604,34521.58,Rejected,0
APP_02319,Sabrina Norman,25,Graduate,Business Owner,5,0,Married,916405,37587,4,34365,231421,2334350,662,7,0,3,0,947475,60,Medical,76367.08,45.0,1.034,4415.08,Approved,0
APP_02320,Michael Acosta,23,Postgraduate,Self-Employed,1,1,Single,771144,34664,0,0,175250,923996,820,4,0,8,0,603301,36,Personal,64262.0,0.0,0.782,29598.0,Approved,0
APP_02321,Joshua Manning,49,Graduate,Salaried,14,3,Married,489295,19729,1,15779,77142,880614,818,2,0,7,1,417329,84,Home,40774.58,38.7,0.853,5266.58,Approved,0
APP_02322,Amy Mcgee,65,Graduate,Salaried,12,1,Married,375770,8981,1,12321,24919,1953659,668,5,0,7,0,161209,48,Medical,31314.17,39.35,0.429,10012.17,Approved,0
APP_02323,Richard Moran,57,Graduate,Salaried,7,4,Married,423419,10174,4,15878,210591,742377,625,13,1,5,6,352598,12,Vehicle,35284.92,45.0,0.833,9232.92,Rejected,1
APP_02324,Gary Reynolds,22,Postgraduate,Business Owner,2,2,Married,1286528,22831,3,28592,226594,5115303,767,4,0,3,1,1555353,12,Education,107210.67,26.67,1.209,55787.67,Approved,0
APP_02325,Timothy Welch,62,Postgraduate,Salaried,17,4,Married,582832,25723,2,21856,207000,1683826,696,4,0,6,2,772570,36,Home,48569.33,45.0,1.326,990.33,Rejected,1
APP_02326,Jason Pierce,53,Graduate,Self-Employed,32,4,Single,879036,22747,0,0,195980,4196192,704,7,0,5,4,1342421,60,Home,73253.0,0.0,1.527,50506.0,Approved,0
APP_02327,Tyler Campbell,42,Diploma,Salaried,11,1,Single,474544,10453,4,17795,282296,722810,664,11,0,8,2,392879,12,Personal,39545.33,45.0,0.828,11297.33,Rejected,0
APP_02328,Melissa Rodriguez,49,Postgraduate,Business Owner,15,2,Single,967223,33304,2,11710,424506,3473654,679,8,0,8,0,450917,24,Medical,80601.92,14.53,0.466,35587.92,Approved,0
APP_02329,Samuel Lambert,29,Graduate,Self-Employed,8,1,Married,569472,16409,3,21355,212842,680616,684,9,0,1,3,279802,36,Education,47456.0,45.0,0.491,9692.0,Rejected,1
APP_02330,Nicole Hess,40,Postgraduate,Self-Employed,9,1,Married,804039,31650,2,28312,159959,1837257,647,12,1,3,1,751431,84,Medical,67003.25,42.25,0.935,7041.25,Rejected,1
APP_02331,Joy Ford,45,High School,Business Owner,22,2,Married,1130678,33521,2,21375,431384,3156357,696,18,0,3,3,855252,24,Personal,94223.17,22.69,0.756,39327.17,Approved,0
APP_02332,Frances Cameron,44,Graduate,Contract,6,2,Married,629324,19553,3,23599,229865,206744,793,24,0,3,0,987238,36,Home,52443.67,45.0,1.569,9291.67,Approved,0
APP_02333,Veronica Chandler,43,High School,Business Owner,17,2,Single,601522,19083,1,7294,306220,1660370,612,16,0,3,2,244647,60,Vehicle,50126.83,14.55,0.407,23749.83,Rejected,0
APP_02334,Amanda Crawford,41,Graduate,Business Owner,12,1,Married,1312270,59453,4,41726,238478,2247785,708,8,0,3,1,1930609,24,Business,109355.83,38.16,1.471,8176.83,Rejected,0
APP_02335,Shannon Ortiz,22,Diploma,Salaried,0,1,Married,651313,29745,1,14642,217653,1277904,593,4,0,8,5,763145,48,Vehicle,54276.08,26.98,1.172,9889.08,Rejected,1
APP_02336,Elizabeth Graves,43,Graduate,Contract,17,2,Married,514744,9202,2,19302,44890,1597840,670,14,0,5,4,324344,12,Medical,42895.33,45.0,0.63,14391.33,Rejected,0
APP_02337,Matthew Gibson,40,Postgraduate,Salaried,14,1,Married,656993,16673,1,7583,157209,1410855,770,2,0,5,0,787872,120,Business,54749.42,13.85,1.199,30493.42,Approved,0
APP_02338,Mr. Tyler Patel III,62,High School,Business Owner,8,2,Married,1132390,26419,4,39663,426475,2168078,850,13,0,6,0,975852,24,Home,94365.83,42.03,0.862,28283.83,Approved,0
APP_02339,Phyllis Taylor,32,Graduate,Contract,9,2,Married,252464,10945,3,9467,95139,586467,730,14,0,3,0,93766,12,Vehicle,21038.67,45.0,0.371,626.67,Approved,0
APP_02340,James Greene,38,Graduate,Contract,9,3,Married,216918,8288,1,8134,91525,1063601,850,12,0,3,2,176674,36,Medical,18076.5,45.0,0.814,1654.5,Approved,1
APP_02341,Christina Baldwin,60,Postgraduate,Salaried,6,1,Married,573582,16282,2,20920,201541,1506840,648,6,0,3,3,777087,24,Personal,47798.5,43.77,1.355,10596.5,Rejected,1
APP_02342,Joshua Johnson,23,Graduate,Salaried,3,0,Single,681714,18319,4,25564,343513,1536782,737,5,1,6,1,572890,84,Personal,56809.5,45.0,0.84,12926.5,Rejected,0
APP_02343,Kevin Price,27,Graduate,Salaried,1,3,Married,672573,17783,1,10714,304455,2429842,834,6,0,8,0,470323,36,Medical,56047.75,19.12,0.699,27550.75,Approved,0
APP_02344,Emily Bell,27,Diploma,Salaried,5,1,Married,372420,15841,2,13965,81069,565465,827,1,0,3,0,326097,12,Home,31035.0,45.0,0.876,1229.0,Approved,0
APP_02345,Eric Hill,21,Graduate,Contract,0,0,Single,430968,9591,3,16161,138033,815794,749,2,0,8,0,115302,84,Personal,35914.0,45.0,0.268,10162.0,Approved,0
APP_02346,Mary Goodman,31,Graduate,Self-Employed,4,0,Single,458229,16271,0,0,235198,1342057,767,4,0,8,0,445388,84,Business,38185.75,0.0,0.972,21914.75,Approved,0
APP_02347,Zachary Phillips,28,Graduate,Contract,5,3,Married,428566,14641,3,16071,200126,625642,752,5,1,7,1,334615,84,Personal,35713.83,45.0,0.781,5001.83,Rejected,0
APP_02348,Mrs. Jessica Cox DDS,60,Graduate,Self-Employed,22,0,Married,718803,29128,4,26832,426644,2449256,789,3,0,1,0,50000,24,Vehicle,59900.25,44.79,0.07,3940.25,Approved,0
APP_02349,Edward Flores,46,Graduate,Salaried,1,2,Married,381829,17091,4,14318,226436,639135,681,25,0,4,3,514140,120,Business,31819.08,45.0,1.347,410.08,Rejected,1
APP_02350,Joel Waters,47,High School,Contract,6,0,Married,757046,16705,1,10723,325759,1778707,716,15,0,2,0,899869,36,Home,63087.17,17.0,1.189,35659.17,Approved,0
APP_02351,Jonathan Mitchell,37,Graduate,Contract,14,4,Married,558092,17714,1,16685,41742,1666615,609,2,0,2,3,694196,84,Personal,46507.67,35.88,1.244,12108.67,Rejected,1
APP_02352,Lorraine Powell,43,Graduate,Salaried,4,1,Married,714912,15494,0,0,253450,1585339,698,5,0,1,1,464671,48,Education,59576.0,0.0,0.65,44082.0,Approved,0
APP_02353,William Hancock,22,Postgraduate,Self-Employed,0,1,Married,984000,42587,2,11042,276224,2969835,799,3,0,3,0,1015710,36,Home,82000.0,13.47,1.032,28371.0,Approved,0
APP_02354,Katherine Williamson,52,Diploma,Salaried,10,0,Married,760470,27688,0,0,159950,2180576,695,13,1,1,2,348397,48,Personal,63372.5,0.0,0.458,35684.5,Rejected,1
APP_02355,Linda Reid,35,Graduate,Business Owner,8,0,Single,755933,32552,1,6995,140837,2848512,758,13,0,2,0,743808,60,Personal,62994.42,11.1,0.984,23447.42,Approved,0
APP_02356,Randall Cooper,25,Graduate,Business Owner,1,3,Single,1472254,39484,4,33730,652760,4148165,660,3,0,1,0,1023861,84,Business,122687.83,27.49,0.695,49473.83,Approved,0
APP_02357,Charles Freeman,44,High School,Salaried,2,1,Single,754495,18618,3,28293,204336,906673,643,24,1,1,1,217577,60,Home,62874.58,45.0,0.288,15963.58,Rejected,0
APP_02358,Christopher Stewart,65,Diploma,Salaried,29,2,Single,640464,12856,0,0,118105,1422122,522,21,1,2,0,329263,48,Vehicle,53372.0,0.0,0.514,40516.0,Rejected,0
APP_02359,Kelly Davis,60,Graduate,Salaried,10,1,Single,503674,17807,3,18887,73944,1611856,510,5,1,3,1,176580,60,Personal,41972.83,45.0,0.351,5278.83,Rejected,1
APP_02360,Matthew Hicks,54,Graduate,Self-Employed,5,1,Married,331700,13693,2,12438,99378,686321,692,6,0,7,1,292144,48,Personal,27641.67,45.0,0.881,1510.67,Rejected,0
APP_02361,Tara Shepherd MD,27,Graduate,Salaried,1,2,Married,691943,25078,0,0,329533,2841956,685,1,0,3,0,440447,12,Personal,57661.92,0.0,0.637,32583.92,Approved,1
APP_02362,Randall Conway,32,High School,Business Owner,1,0,Married,1133681,49154,3,31104,317927,3056181,718,2,0,7,2,924770,24,Business,94473.42,32.92,0.816,14215.42,Approved,0
APP_02363,Julie Allen,37,Graduate,Salaried,2,3,Single,574332,10448,4,21537,62398,1413275,723,19,0,2,1,243276,12,Medical,47861.0,45.0,0.424,15876.0,Rejected,1
APP_02364,Nicole Bowen,59,Postgraduate,Self-Employed,13,3,Single,877126,32315,2,25584,388984,1541332,522,13,0,3,3,1179267,12,Personal,73093.83,35.0,1.344,15194.83,Rejected,1
APP_02365,Ashley Robinson,53,Graduate,Salaried,25,2,Married,793600,28725,2,22524,10000,2129726,665,15,0,2,4,613901,12,Business,66133.33,34.06,0.774,14884.33,Approved,0
APP_02366,William Adams,21,Graduate,Salaried,1,0,Married,572625,23624,3,21473,172380,1697055,669,1,0,2,0,879864,24,Home,47718.75,45.0,1.537,2621.75,Rejected,1
APP_02367,Johnny Bowman,31,Graduate,Contract,4,1,Married,524288,17946,3,19660,191425,1161938,751,7,0,8,0,721931,36,Vehicle,43690.67,45.0,1.377,6084.67,Approved,0
APP_02368,Brittany Lawson,37,High School,Salaried,6,4,Married,647531,13514,2,22730,193730,1116334,661,2,0,1,1,955538,24,Business,53960.92,42.12,1.476,17716.92,Approved,0
APP_02369,Jasmine Rivera,43,Graduate,Business Owner,12,2,Single,1447436,54322,4,36004,247055,1365393,715,19,0,8,0,2174288,12,Personal,120619.67,29.85,1.502,30293.67,Approved,0
APP_02370,Sarah Meyers,36,Graduate,Business Owner,6,4,Single,922744,25176,3,34602,144467,1765047,649,18,0,2,4,775590,120,Medical,76895.33,45.0,0.841,17117.33,Rejected,1
APP_02371,Debra Douglas,56,High School,Salaried,31,0,Single,778339,29089,4,29187,317484,1990699,608,7,0,6,0,731059,60,Business,64861.58,45.0,0.939,6585.58,Rejected,1
APP_02372,Julia West,27,Graduate,Salaried,3,2,Single,440600,15292,2,16522,76566,374969,607,6,0,7,4,278423,60,Vehicle,36716.67,45.0,0.632,4902.67,Rejected,1
APP_02373,Brandi Ferguson,21,High School,Salaried,0,3,Married,774560,27923,3,27951,202964,708444,807,3,0,8,0,270838,60,Home,64546.67,43.3,0.35,8672.67,Approved,0
APP_02374,Laura Riley,22,Postgraduate,Salaried,0,0,Married,649819,17060,1,12014,147521,1342521,706,3,0,4,1,390752,48,Personal,54151.58,22.19,0.601,25077.58,Approved,0
APP_02375,Lori Miller,53,Graduate,Salaried,16,3,Single,388583,9234,3,14571,174120,1461669,729,24,0,3,0,261924,60,Personal,32381.92,45.0,0.674,8576.92,Approved,0
APP_02376,Aaron Cardenas,40,Postgraduate,Salaried,10,3,Single,713838,23404,1,3153,134647,1601154,734,2,1,6,0,635205,60,Vehicle,59486.5,5.3,0.89,32929.5,Approved,0
APP_02377,Suzanne Taylor,30,Graduate,Contract,7,0,Married,529026,17566,0,0,136477,2205077,708,10,0,1,2,633341,36,Home,44085.5,0.0,1.197,26519.5,Approved,0
APP_02378,Stacey Sandoval,40,Diploma,Salaried,17,4,Married,668458,22327,3,25067,122079,1991211,729,12,1,3,0,350619,24,Personal,55704.83,45.0,0.525,8310.83,Rejected,1
APP_02379,Stephanie Smith,58,Postgraduate,Self-Employed,21,3,Married,593390,23137,0,0,289197,807435,772,24,0,4,0,675941,48,Home,49449.17,0.0,1.139,26312.17,Approved,0
APP_02380,Raymond Sutton,44,Diploma,Salaried,1,0,Married,683421,14908,3,24118,208743,1654095,778,7,0,4,0,1065970,24,Home,56951.75,42.35,1.56,17925.75,Approved,0
APP_02381,Michael Webb PhD,51,Postgraduate,Self-Employed,28,3,Married,379609,17386,2,14235,145161,582093,603,11,1,1,4,568962,12,Personal,31634.08,45.0,1.499,13.08,Rejected,1
APP_02382,Cameron Knox,60,Postgraduate,Business Owner,0,4,Married,1024758,33660,2,23313,626100,1381217,733,23,0,3,1,627218,60,Personal,85396.5,27.3,0.612,28423.5,Approved,0
APP_02383,Jack Chang,32,High School,Salaried,2,4,Single,568287,19504,0,0,306154,1316909,587,13,0,7,1,603741,48,Personal,47357.25,0.0,1.062,27853.25,Rejected,0
APP_02384,Anna Hartman,30,Postgraduate,Business Owner,5,0,Single,1181654,45526,1,11651,508440,1087452,735,10,0,3,1,1947499,48,Personal,98471.17,11.83,1.648,41294.17,Approved,0
APP_02385,Jocelyn Diaz,63,Graduate,Salaried,33,2,Married,867407,32720,0,0,110227,3191613,547,16,0,4,4,539088,60,Vehicle,72283.92,0.0,0.621,39563.92,Rejected,1
APP_02386,Harry Palmer,22,Graduate,Self-Employed,2,3,Single,555444,21149,2,20829,95241,1322713,790,3,0,5,0,441760,12,Vehicle,46287.0,45.0,0.795,4309.0,Approved,0
APP_02387,Austin Morris,46,Graduate,Salaried,19,1,Single,407063,15500,4,15264,73824,1295158,850,22,0,5,0,512388,84,Home,33921.92,45.0,1.259,3157.92,Approved,0
APP_02388,Antonio Myers,54,Graduate,Self-Employed,9,2,Single,1346836,59147,2,33060,715178,3741190,700,18,0,2,1,765152,36,Vehicle,112236.33,29.46,0.568,20029.33,Approved,0
APP_02389,Kathy White,48,Postgraduate,Self-Employed,27,4,Married,1250945,54364,2,27000,460613,1666755,764,2,0,3,0,1290616,60,Vehicle,104245.42,25.9,1.032,22881.42,Approved,0
APP_02390,Christine Garza,49,Graduate,Contract,0,0,Married,462274,14735,3,17335,327484,1179196,713,15,0,1,0,558351,36,Vehicle,38522.83,45.0,1.208,6452.83,Approved,1
APP_02391,Denise Paul,33,Postgraduate,Self-Employed,5,3,Married,988325,18178,0,0,154237,4205585,713,1,0,4,2,1092431,120,Medical,82360.42,0.0,1.105,64182.42,Approved,0
APP_02392,Christine Wang,64,Postgraduate,Self-Employed,26,0,Single,740920,18853,4,27784,229576,1666500,675,16,0,8,1,495986,84,Vehicle,61743.33,45.0,0.669,15106.33,Approved,0
APP_02393,James Richardson,64,Postgraduate,Salaried,33,2,Married,734232,21901,1,13845,10000,1755507,499,18,0,4,0,576361,48,Personal,61186.0,22.63,0.785,25440.0,Rejected,1
APP_02394,Holly Compton,21,Postgraduate,Salaried,1,0,Married,542654,13716,0,0,242158,1143712,560,2,1,3,1,607998,60,Personal,45221.17,0.0,1.12,31505.17,Rejected,1
APP_02395,Tim Mcdaniel,24,Graduate,Self-Employed,3,4,Single,1082243,22470,0,0,168715,2318472,746,2,0,2,3,358824,48,Medical,90186.92,0.0,0.332,67716.92,Rejected,0
APP_02396,Paula Murray,53,Graduate,Salaried,5,4,Single,792209,27340,4,29707,120858,575992,811,24,0,5,0,937814,120,Vehicle,66017.42,45.0,1.184,8970.42,Approved,1
APP_02397,Tracy Evans,64,Graduate,Self-Employed,14,1,Married,920717,30007,0,0,387464,3194037,754,20,0,8,0,602770,60,Vehicle,76726.42,0.0,0.655,46719.42,Approved,0
APP_02398,James Anderson,53,Graduate,Salaried,33,3,Married,673675,19958,0,0,235841,792787,579,12,0,8,6,407615,120,Vehicle,56139.58,0.0,0.605,36181.58,Rejected,0
APP_02399,April Williams,61,Graduate,Self-Employed,4,3,Married,442668,13971,2,16600,111699,1102715,604,8,0,4,1,339688,84,Home,36889.0,45.0,0.767,6318.0,Rejected,1
APP_02400,Scott Dalton,29,Graduate,Salaried,9,2,Married,1018731,43818,0,0,415415,3172104,673,2,0,1,2,1288623,84,Personal,84894.25,0.0,1.265,41076.25,Approved,0
APP_02401,James Christensen,48,Graduate,Self-Employed,7,2,Single,1026569,31778,3,27972,274556,558055,665,4,0,1,0,530245,60,Medical,85547.42,32.7,0.517,25797.42,Approved,0
APP_02402,Teresa Cook,21,Postgraduate,Business Owner,1,4,Single,686634,13328,0,0,221583,2679808,777,2,0,3,0,960408,60,Personal,57219.5,0.0,1.399,43891.5,Approved,0
APP_02403,Charles Hendricks,35,Diploma,Salaried,5,1,Married,681301,28054,1,8523,215267,1288772,696,8,0,5,1,304169,84,Home,56775.08,15.01,0.446,20198.08,Approved,0
APP_02404,Lori Williams,51,Graduate,Contract,23,0,Married,486376,19807,0,0,121369,1130048,675,16,0,3,1,665988,84,Personal,40531.33,0.0,1.369,20724.33,Approved,1
APP_02405,Christopher Waller,64,Graduate,Self-Employed,26,3,Single,940216,25136,0,0,178890,1152019,714,11,0,5,1,544781,12,Home,78351.33,0.0,0.579,53215.33,Approved,0
APP_02406,Angela Fuentes,34,Postgraduate,Self-Employed,1,2,Single,1041831,45325,1,14315,222182,2996460,617,16,1,7,5,1664210,12,Medical,86819.25,16.49,1.597,27179.25,Rejected,1
APP_02407,Matthew Hernandez,29,Diploma,Business Owner,1,2,Single,523851,16198,0,0,200879,1637833,634,5,0,7,5,164142,12,Personal,43654.25,0.0,0.313,27456.25,Rejected,1
APP_02408,Jennifer Roberson,40,Graduate,Self-Employed,11,1,Married,180000,7688,2,6750,23522,317324,623,6,1,7,0,240551,12,Education,15000.0,45.0,1.336,562.0,Rejected,1
APP_02409,Mary Barker,44,Graduate,Salaried,22,2,Married,850806,27749,2,29145,385904,2218230,581,2,0,6,2,638024,120,Business,70900.5,41.11,0.75,14006.5,Rejected,1
APP_02410,Rebecca Brock,59,Graduate,Salaried,19,4,Single,728031,27682,1,5296,107409,1749782,706,21,0,1,1,644665,12,Personal,60669.25,8.73,0.885,27691.25,Approved,0
APP_02411,Misty Hall,44,High School,Salaried,12,4,Single,785194,22494,4,29444,226594,2497662,779,5,0,6,0,786126,60,Home,65432.83,45.0,1.001,13494.83,Approved,0
APP_02412,Earl Turner,22,Graduate,Salaried,1,2,Single,756028,14054,1,15980,112564,1141291,693,2,0,7,3,739103,120,Personal,63002.33,25.36,0.978,32968.33,Approved,0
APP_02413,Jennifer Jackson,36,Graduate,Self-Employed,2,1,Single,991574,20187,2,19491,182338,841734,470,10,0,2,4,420894,48,Home,82631.17,23.59,0.424,42953.17,Rejected,1
APP_02414,Olivia Soto,28,High School,Business Owner,4,2,Married,1123090,21684,1,10627,330582,2684926,620,7,1,6,2,1379429,60,Education,93590.83,11.35,1.228,61279.83,Rejected,1
APP_02415,Charles Welch,42,Postgraduate,Salaried,9,2,Married,696284,17923,1,17341,168689,1014506,665,24,0,2,1,808197,60,Personal,58023.67,29.89,1.161,22759.67,Approved,1
APP_02416,Vanessa Riggs,49,Diploma,Salaried,10,0,Married,695109,17342,4,26066,140872,2786604,699,24,0,3,0,269427,84,Personal,57925.75,45.0,0.388,14517.75,Approved,0
APP_02417,Crystal Woods,43,Graduate,Self-Employed,22,4,Single,450035,12363,1,14533,135386,621235,678,8,0,2,1,590022,84,Education,37502.92,38.75,1.311,10606.92,Rejected,0
APP_02418,Sara Rios,63,Graduate,Salaried,10,1,Married,733915,25095,2,20941,264169,2615784,703,7,0,7,0,1230338,48,Vehicle,61159.58,34.24,1.676,15123.58,Approved,0
APP_02419,Sheila Olsen,25,Graduate,Business Owner,1,2,Single,292021,13132,3,10950,73999,783186,645,3,1,3,1,206167,48,Personal,24335.08,45.0,0.706,253.08,Rejected,1
APP_02420,Evelyn Owens,60,Postgraduate,Self-Employed,14,3,Married,733647,26847,4,27511,180044,2779753,667,20,0,2,4,516280,120,Personal,61137.25,45.0,0.704,6779.25,Rejected,1
APP_02421,Heidi Blair,28,High School,Salaried,5,2,Single,630663,25192,3,23649,161403,1161996,650,8,0,3,0,459455,24,Personal,52555.25,45.0,0.729,3714.25,Rejected,0
APP_02422,Kathy Rodriguez,65,Graduate,Salaried,29,2,Single,454579,12867,2,17046,114733,1974639,792,18,0,4,0,677937,24,Business,37881.58,45.0,1.491,7968.58,Approved,0
APP_02423,Angela Haley,57,Graduate,Salaried,18,0,Married,339365,6109,3,12726,12003,832256,661,9,0,2,2,193148,12,Business,28280.42,45.0,0.569,9445.42,Rejected,0
APP_02424,Tony Lee,41,Graduate,Salaried,14,1,Single,687214,23026,4,25770,77568,1301307,639,20,1,8,3,575724,84,Vehicle,57267.83,45.0,0.838,8471.83,Rejected,1
APP_02425,Brittany Martin,29,High School,Salaried,5,3,Married,397792,15561,0,0,212486,1193041,652,11,0,1,4,216387,120,Business,33149.33,0.0,0.544,17588.33,Approved,0
APP_02426,Crystal Russell,40,High School,Salaried,1,4,Married,555988,21608,1,10941,65463,2640533,764,1,0,4,1,411053,120,Business,46332.33,23.61,0.739,13783.33,Approved,0
APP_02427,Michael Daniels,57,Diploma,Contract,7,4,Married,291881,7594,2,10945,39004,623980,832,24,1,4,0,97703,36,Vehicle,24323.42,45.0,0.335,5784.42,Rejected,0
APP_02428,Sally Williams,28,High School,Salaried,3,4,Single,709820,32017,2,26618,137157,1726092,830,10,0,6,0,417682,84,Personal,59151.67,45.0,0.588,516.67,Approved,0
APP_02429,Shannon Padilla,40,Graduate,Salaried,2,4,Single,629470,25736,2,21742,171336,1158909,643,17,0,4,4,808596,36,Business,52455.83,41.45,1.285,4977.83,Rejected,1
APP_02430,Regina Andrews,64,High School,Business Owner,8,3,Single,910602,24721,1,12909,354590,677107,666,13,1,8,2,490704,36,Home,75883.5,17.01,0.539,38253.5,Approved,1
APP_02431,Colleen Hunter,42,Graduate,Self-Employed,9,4,Married,831012,34281,3,27709,214088,830398,705,20,0,5,2,356234,12,Education,69251.0,40.01,0.429,7261.0,Approved,1
APP_02432,Stacey Morales,43,Graduate,Salaried,18,3,Married,418696,14800,3,15701,20054,736708,827,19,0,6,0,444084,120,Vehicle,34891.33,45.0,1.061,4390.33,Approved,1
APP_02433,Nicole Tran,47,Diploma,Salaried,26,1,Married,759359,19862,0,0,283028,1510380,728,11,0,4,0,616431,84,Vehicle,63279.92,0.0,0.812,43417.92,Approved,0
APP_02434,Timothy Olson,42,High School,Salaried,22,4,Single,536300,18983,0,0,242991,1774842,644,3,0,3,5,711825,60,Home,44691.67,0.0,1.327,25708.67,Approved,0
APP_02435,Tracy Davis,53,Postgraduate,Salaried,20,2,Married,704425,18960,4,26415,332522,1276692,769,12,0,8,0,727635,84,Home,58702.08,45.0,1.033,13327.08,Approved,1
APP_02436,John Smith,59,High School,Salaried,27,0,Married,335722,8198,1,7468,42881,999608,719,2,0,7,0,442608,24,Vehicle,27976.83,26.69,1.318,12310.83,Approved,0
APP_02437,Darryl Burns,36,Postgraduate,Contract,7,0,Married,313765,12026,3,11766,89788,656968,752,7,0,7,0,366451,120,Education,26147.08,45.0,1.168,2355.08,Approved,0
APP_02438,Jerry Davis,58,Postgraduate,Self-Employed,29,3,Single,544211,21652,0,0,86031,1538988,754,23,0,5,1,249632,24,Education,45350.92,0.0,0.459,23698.92,Approved,0
APP_02439,Jeffrey Baker,53,Graduate,Salaried,13,2,Married,453236,16751,2,16996,171480,1252655,619,7,0,4,3,159230,24,Personal,37769.67,45.0,0.351,4022.67,Rejected,1
APP_02440,Christopher Morgan,61,Graduate,Salaried,8,2,Married,800682,35351,4,30025,418377,2278260,786,14,0,4,0,522354,120,Personal,66723.5,45.0,0.652,1347.5,Approved,0
APP_02441,Elizabeth Anderson,45,Graduate,Self-Employed,4,2,Married,651185,27465,0,0,61421,1377077,746,12,0,2,1,341293,60,Vehicle,54265.42,0.0,0.524,26800.42,Approved,0
APP_02442,Patrick Smith,55,Diploma,Salaried,7,1,Married,726613,18701,4,27247,296182,920196,663,5,0,5,2,400226,120,Home,60551.08,45.0,0.551,14603.08,Rejected,0
APP_02443,Brandi Young,45,Postgraduate,Salaried,25,4,Single,604882,18553,1,11319,156901,1604784,753,13,0,6,0,230837,84,Vehicle,50406.83,22.46,0.382,20534.83,Approved,0
APP_02444,Lauren Yates,56,Postgraduate,Salaried,32,2,Single,549687,18546,4,20613,10000,1112482,739,17,0,7,0,635270,12,Business,45807.25,45.0,1.156,6648.25,Approved,0
APP_02445,Brenda Burgess,22,Graduate,Business Owner,0,4,Single,1020094,37032,4,25038,356541,1250210,761,2,0,1,1,966962,60,Vehicle,85007.83,29.45,0.948,22937.83,Approved,0
APP_02446,Samantha Taylor,31,Postgraduate,Salaried,8,2,Married,261694,11253,1,3875,10000,568399,667,8,0,7,2,169499,60,Education,21807.83,17.77,0.648,6679.83,Approved,0
APP_02447,Thomas Guzman,39,High School,Salaried,12,2,Married,749459,30551,0,0,379125,1616363,759,17,0,3,0,501098,36,Home,62454.92,0.0,0.669,31903.92,Approved,0
APP_02448,Faith Collins,43,High School,Self-Employed,12,1,Single,801260,32804,2,19224,316177,1794444,755,9,0,2,0,190551,84,Education,66771.67,28.79,0.238,14743.67,Approved,0
APP_02449,Tanner Morales,47,Diploma,Salaried,27,3,Single,380250,12075,0,0,92430,1070341,636,7,1,7,1,425752,120,Education,31687.5,0.0,1.12,19612.5,Rejected,1
APP_02450,Jason Velazquez,50,Diploma,Salaried,30,1,Married,924159,32328,1,8639,10000,3305517,717,7,1,8,3,714857,24,Business,77013.25,11.22,0.774,36046.25,Rejected,0
APP_02451,Kevin Sparks,42,Graduate,Self-Employed,7,3,Single,611508,18195,2,16884,196787,2013146,598,19,0,5,1,472736,24,Home,50959.0,33.13,0.773,15880.0,Rejected,0
APP_02452,Mr. Corey Copeland,41,Graduate,Self-Employed,16,2,Single,199590,4321,3,7484,93492,602975,734,7,0,7,0,284470,84,Business,16632.5,45.0,1.425,4827.5,Rejected,0
APP_02453,Timothy Evans,34,Graduate,Contract,7,0,Single,680703,20449,1,9388,191302,1579001,717,6,1,7,2,1023294,36,Vehicle,56725.25,16.55,1.503,26888.25,Rejected,1
APP_02454,Lindsey Fuentes,55,High School,Salaried,10,2,Married,228407,4428,2,8565,10000,297023,694,15,0,2,1,286377,48,Personal,19033.92,45.0,1.254,6040.92,Approved,1
APP_02455,Rachael Griffith,57,Graduate,Salaried,25,3,Single,568713,17403,0,0,132829,1196240,729,23,0,2,4,270217,84,Vehicle,47392.75,0.0,0.475,29989.75,Approved,0
APP_02456,Sheena Mcintyre,40,Diploma,Self-Employed,10,4,Single,716265,23195,4,26859,291937,183999,574,7,1,6,5,297732,120,Education,59688.75,45.0,0.416,9634.75,Rejected,1
APP_02457,Jane Evans,33,Graduate,Salaried,5,0,Married,424937,18656,2,15935,201062,423912,546,13,0,6,4,551216,120,Medical,35411.42,45.0,1.297,820.42,Rejected,1
APP_02458,Jon Davis,60,Graduate,Salaried,34,3,Single,416503,16391,1,7038,154424,934723,579,14,0,1,1,290412,84,Business,34708.58,20.28,0.697,11279.58,Rejected,1
APP_02459,Scott Singleton,29,Diploma,Salaried,6,0,Married,421121,17604,0,0,196252,871616,631,10,0,4,2,188087,12,Personal,35093.42,0.0,0.447,17489.42,Approved,1
APP_02460,James Jones,43,Diploma,Salaried,16,0,Married,706224,23301,3,26483,260422,2345693,625,2,0,3,1,690573,24,Vehicle,58852.0,45.0,0.978,9068.0,Rejected,1
APP_02461,Corey Wheeler,55,Graduate,Salaried,24,0,Married,555850,21868,0,0,84697,1730668,642,5,0,2,5,423884,48,Personal,46320.83,0.0,0.763,24452.83,Rejected,0
APP_02462,Elizabeth Powers,32,Graduate,Self-Employed,8,3,Single,1039018,21152,1,14457,286776,2913636,750,11,0,8,0,973197,36,Vehicle,86584.83,16.7,0.937,50975.83,Approved,0
APP_02463,Darrell Soto,62,Diploma,Self-Employed,27,0,Married,908079,37845,1,12541,309134,2603875,692,9,1,3,1,1229015,12,Home,75673.25,16.57,1.353,25287.25,Rejected,0
APP_02464,Brad Anderson,22,Graduate,Contract,1,3,Married,296105,5975,1,7231,91290,571775,563,2,1,1,3,173473,60,Vehicle,24675.42,29.3,0.586,11469.42,Rejected,1
APP_02465,Mary Moore,23,Postgraduate,Business Owner,0,4,Married,1306928,51481,3,34638,346384,2199683,625,5,1,8,5,1368809,36,Vehicle,108910.67,31.8,1.047,22791.67,Rejected,1
APP_02466,Charles Stewart,59,Graduate,Business Owner,15,1,Married,1353317,37642,3,29815,400290,2683093,663,18,0,3,0,2001878,36,Vehicle,112776.42,26.44,1.479,45319.42,Approved,0
APP_02467,Sandra Thompson,41,Graduate,Self-Employed,20,3,Married,799912,15603,3,25689,442704,2681466,641,7,0,6,0,1158223,84,Vehicle,66659.33,38.54,1.448,25367.33,Rejected,0
APP_02468,Michele Holloway,21,Graduate,Salaried,0,0,Single,939461,35074,1,5168,198364,2258876,722,3,0,1,0,543142,48,Personal,78288.42,6.6,0.578,38046.42,Approved,0
APP_02469,Jennifer Lopez,40,Postgraduate,Contract,13,3,Married,476559,9001,0,0,73508,1445485,581,15,0,4,3,472412,60,Personal,39713.25,0.0,0.991,30712.25,Rejected,0
APP_02470,Rebecca Jones,22,Graduate,Contract,1,2,Married,375618,7955,3,14085,98168,0,647,4,1,8,6,471692,12,Business,31301.5,45.0,1.256,9261.5,Rejected,1
APP_02471,Beth Sanchez,46,High School,Salaried,11,2,Single,405760,18483,3,15216,156969,490093,669,2,0,3,0,243424,12,Home,33813.33,45.0,0.6,114.33,Approved,0
APP_02472,Elizabeth Raymond,46,Diploma,Salaried,17,0,Married,541080,22090,1,10679,366681,2000201,728,3,0,2,1,622358,48,Personal,45090.0,23.68,1.15,12321.0,Approved,0
APP_02473,Heidi Leon,43,Diploma,Salaried,22,2,Married,387636,10660,2,14536,160134,304188,677,5,0,5,2,241420,12,Business,32303.0,45.0,0.623,7107.0,Approved,1
APP_02474,Valerie Stevenson,24,Postgraduate,Salaried,1,3,Single,550770,11891,2,16253,95338,1119053,729,1,0,8,2,212251,48,Business,45897.5,35.41,0.385,17753.5,Approved,1
APP_02475,Cynthia Palmer,62,Graduate,Self-Employed,16,3,Single,1286063,49367,0,0,535200,2030826,735,22,0,5,1,788250,48,Education,107171.92,0.0,0.613,57804.92,Approved,0
APP_02476,James Smith,25,Diploma,Self-Employed,2,4,Single,848581,34751,1,15704,221370,514005,764,7,0,1,0,439916,84,Business,70715.08,22.21,0.518,20260.08,Approved,0
APP_02477,Kevin Jackson,31,Graduate,Salaried,2,1,Married,497443,19078,2,11404,138970,362510,635,8,0,5,6,413739,60,Home,41453.58,27.51,0.832,10971.58,Rejected,1
APP_02478,Teresa Vega,32,Graduate,Salaried,8,4,Married,668699,23511,3,25076,231779,2708012,641,3,1,3,2,290382,24,Home,55724.92,45.0,0.434,7137.92,Rejected,1
APP_02479,Joseph Baldwin,26,Graduate,Contract,2,0,Single,295127,12236,0,0,117334,493922,736,8,0,6,3,138308,36,Personal,24593.92,0.0,0.469,12357.92,Approved,0
APP_02480,Elizabeth Romero,24,Graduate,Salaried,3,1,Married,928332,26668,2,31267,471956,1117945,594,6,1,3,5,973255,60,Home,77361.0,40.42,1.048,19426.0,Rejected,1
APP_02481,Ryan Stafford,24,Postgraduate,Self-Employed,3,4,Married,180000,3854,3,6750,63699,671746,680,4,0,4,1,87902,24,Home,15000.0,45.0,0.488,4396.0,Approved,0
APP_02482,Stephen James,49,Postgraduate,Salaried,14,3,Single,642233,23589,4,24083,235454,1653537,742,2,0,1,0,212238,24,Medical,53519.42,45.0,0.33,5847.42,Approved,1
APP_02483,Michael Anderson,23,Graduate,Salaried,3,3,Married,391912,15900,2,14696,11431,956737,712,4,0,8,0,332423,48,Vehicle,32659.33,45.0,0.848,2063.33,Approved,0
APP_02484,Tammy Stephenson,22,High School,Business Owner,0,2,Married,364380,15624,0,0,163037,150682,666,2,0,5,1,100718,120,Education,30365.0,0.0,0.276,14741.0,Approved,0
APP_02485,Jackson Garrett,63,Postgraduate,Business Owner,20,4,Married,1161219,27737,1,13189,462838,3542655,689,16,0,1,4,996084,84,Home,96768.25,13.63,0.858,55842.25,Rejected,1
APP_02486,Michael Jones,22,Graduate,Contract,2,3,Married,438650,8521,4,16449,93245,1774193,606,3,0,1,6,300742,12,Business,36554.17,45.0,0.686,11584.17,Rejected,1
APP_02487,Deborah Cruz,52,High School,Business Owner,28,2,Single,1073084,48814,2,9815,316946,4435733,779,7,0,7,0,980878,48,Home,89423.67,10.98,0.914,30794.67,Approved,0
APP_02488,Christopher Compton,34,Graduate,Contract,12,3,Married,666388,17745,0,0,184681,1420994,664,4,1,4,1,486696,48,Home,55532.33,0.0,0.73,37787.33,Rejected,1
APP_02489,Theresa Zimmerman,30,Graduate,Self-Employed,7,0,Married,1473824,36833,1,5149,530927,1170475,690,2,0,6,0,2031309,120,Personal,122818.67,4.19,1.378,80836.67,Approved,0
APP_02490,Marc Evans,52,High School,Salaried,25,3,Single,799139,19585,1,14108,397711,3041497,599,15,1,6,2,437295,60,Business,66594.92,21.18,0.547,32901.92,Rejected,1
APP_02491,Ryan Moore,29,Diploma,Business Owner,4,4,Married,814213,23461,2,12376,305038,2152652,657,6,0,1,2,537959,24,Vehicle,67851.08,18.24,0.661,32014.08,Rejected,0
APP_02492,Grace Romero,26,Graduate,Salaried,1,2,Married,530874,13979,2,19907,233757,2317392,623,4,1,3,0,578261,60,Home,44239.5,45.0,1.089,10353.5,Rejected,1
APP_02493,Samantha Morris,60,Diploma,Salaried,33,3,Married,985511,21775,2,24111,181914,3471869,760,14,0,2,1,635542,60,Business,82125.92,29.36,0.645,36239.92,Approved,0
APP_02494,Jade Shannon,30,Diploma,Salaried,6,0,Married,308772,11839,3,11578,10000,486065,764,10,0,6,0,69682,24,Vehicle,25731.0,45.0,0.226,2314.0,Approved,0
APP_02495,Lawrence Martinez,22,Graduate,Self-Employed,0,3,Married,493299,13858,4,18498,213567,929672,724,1,0,6,1,335894,12,Business,41108.25,45.0,0.681,8752.25,Rejected,0
APP_02496,Lynn Foley,27,Graduate,Self-Employed,1,4,Married,584880,20921,3,11028,79389,1468547,689,1,0,4,1,414327,60,Education,48740.0,22.63,0.708,16791.0,Approved,1
APP_02497,Monica Mckee,48,Postgraduate,Salaried,26,3,Married,872924,35503,4,32734,314221,2077975,697,2,0,6,3,1379339,48,Vehicle,72743.67,45.0,1.58,4506.67,Rejected,1
APP_02498,Brenda Cross,55,Diploma,Contract,1,2,Single,498751,10955,1,8449,110066,930775,643,7,1,6,2,485374,60,Vehicle,41562.58,20.33,0.973,22158.58,Rejected,1
APP_02499,James Ward,21,Graduate,Contract,0,1,Single,375115,15525,0,0,26501,1017579,604,3,0,3,5,488624,60,Home,31259.58,0.0,1.303,15734.58,Approved,1
APP_02500,Joshua Lozano,50,Postgraduate,Contract,23,0,Single,522583,15799,0,0,48916,505876,774,19,0,7,0,232844,60,Medical,43548.58,0.0,0.446,27749.58,Approved,0
APP_02501,Jason Davis,31,Graduate,Salaried,1,4,Single,668285,13092,3,25060,218327,1719521,704,11,0,8,3,877394,84,Vehicle,55690.42,45.0,1.313,17538.42,Rejected,0
APP_02502,Amy Cruz,58,High School,Salaried,13,4,Single,728368,19414,4,27313,224566,2446910,831,20,0,6,0,974633,36,Home,60697.33,45.0,1.338,13970.33,Approved,0
APP_02503,Derrick Jones,40,Graduate,Business Owner,6,3,Single,897197,16467,2,22569,148612,1430062,730,21,0,1,0,926388,24,Home,74766.42,30.19,1.033,35730.42,Approved,0
APP_02504,Victoria Hays,54,Diploma,Salaried,15,4,Married,502197,17998,1,15453,166297,1807436,707,19,0,8,0,218569,48,Vehicle,41849.75,36.92,0.435,8398.75,Approved,0
APP_02505,Michael Green,48,Postgraduate,Business Owner,26,2,Married,1056671,42599,4,39625,168090,1901281,769,6,0,4,1,957113,48,Business,88055.92,45.0,0.906,5831.92,Approved,0
APP_02506,Mrs. Sara Smith,60,Graduate,Self-Employed,12,1,Married,964113,22439,1,5065,260725,2801398,816,20,0,5,1,360461,60,Personal,80342.75,6.3,0.374,52838.75,Approved,0
APP_02507,Anthony Robertson,28,Graduate,Salaried,0,4,Married,313054,10812,2,10287,68278,998594,716,6,0,5,1,176439,60,Home,26087.83,39.43,0.564,4988.83,Approved,0
APP_02508,William Mcguire,40,Graduate,Contract,19,2,Single,575781,22869,3,21591,230893,2516364,746,5,0,4,0,276441,84,Personal,47981.75,45.0,0.48,3521.75,Approved,0
APP_02509,Christopher Fischer,55,High School,Contract,1,2,Single,206003,9290,2,7725,79191,346728,704,16,0,7,0,185715,36,Business,17166.92,45.0,0.902,151.92,Approved,0
APP_02510,Courtney Jones,58,High School,Salaried,3,1,Single,490434,20107,3,18391,10000,1129727,713,15,0,3,0,401101,60,Home,40869.5,45.0,0.818,2371.5,Approved,0
APP_02511,Tammy Campos,41,Graduate,Self-Employed,9,4,Married,695639,31760,0,0,168766,3248917,763,11,0,3,0,1032175,36,Personal,57969.92,0.0,1.484,26209.92,Approved,0
APP_02512,Rebecca Martin,37,Graduate,Salaried,6,0,Single,999537,32327,3,31007,486802,3643414,711,8,0,3,0,1125909,12,Education,83294.75,37.23,1.126,19960.75,Approved,0
APP_02513,Denise Trevino,55,High School,Salaried,16,1,Married,495414,9295,2,18578,197791,1423016,621,5,1,7,2,195243,12,Personal,41284.5,45.0,0.394,13411.5,Rejected,1
APP_02514,Meredith Smith,43,Postgraduate,Business Owner,20,1,Single,809715,15525,0,0,242196,1577708,758,8,0,1,2,566553,84,Vehicle,67476.25,0.0,0.7,51951.25,Approved,0
APP_02515,Justin Martinez,54,Graduate,Business Owner,3,1,Married,1283841,43584,2,16475,235801,1113054,634,17,1,6,5,1305396,84,Personal,106986.75,15.4,1.017,46927.75,Rejected,1
APP_02516,Scott Jones,51,High School,Business Owner,15,1,Married,784584,22565,1,11647,427018,699731,725,1,1,2,0,705698,84,Home,65382.0,17.81,0.899,31170.0,Rejected,1
APP_02517,Thomas Lucas,62,Graduate,Self-Employed,1,4,Married,704613,28417,4,26422,319450,1487700,721,1,1,4,0,1132522,24,Home,58717.75,45.0,1.607,3878.75,Rejected,1
APP_02518,Brooke Rollins,38,Diploma,Salaried,5,2,Married,723537,27276,0,0,244902,1712568,607,14,1,1,3,795106,48,Vehicle,60294.75,0.0,1.099,33018.75,Rejected,1
APP_02519,Wesley Dougherty,27,Diploma,Salaried,7,0,Married,863907,35810,4,32396,251869,1582436,738,3,0,1,1,552254,36,Vehicle,71992.25,45.0,0.639,3786.25,Rejected,0
APP_02520,Barbara Lynch,42,Graduate,Salaried,9,3,Married,755368,20717,2,26137,313422,1393698,612,23,1,2,4,324386,120,Personal,62947.33,41.52,0.429,16093.33,Rejected,1
APP_02521,Bethany Walton,46,High School,Salaried,26,0,Single,786679,17372,0,0,294325,1473403,770,18,0,2,0,944046,120,Personal,65556.58,0.0,1.2,48184.58,Approved,0
APP_02522,Aaron Hill,34,Graduate,Contract,4,4,Married,519045,20592,0,0,189866,1290619,684,3,0,7,0,403373,84,Business,43253.75,0.0,0.777,22661.75,Approved,0
APP_02523,Patrick Johnston,27,Graduate,Salaried,7,4,Married,768676,27103,1,9051,277017,3560210,687,7,0,1,0,517183,60,Medical,64056.33,14.13,0.673,27902.33,Approved,0
APP_02524,David Lane,54,Graduate,Salaried,3,4,Married,745626,26603,1,3724,184944,2296457,652,7,0,5,0,1115939,120,Personal,62135.5,5.99,1.497,31808.5,Approved,1
APP_02525,Michael Mercado,44,High School,Business Owner,14,2,Single,793790,20427,4,29767,10000,3355994,754,19,0,3,0,398510,84,Home,66149.17,45.0,0.502,15955.17,Approved,0
APP_02526,Corey Johnson,27,Diploma,Self-Employed,1,0,Married,683254,13344,0,0,95546,2149766,659,8,0,7,2,836384,84,Medical,56937.83,0.0,1.224,43593.83,Approved,0
APP_02527,James Harris,47,Graduate,Salaried,18,1,Married,763688,27243,3,28638,287692,602714,685,23,0,8,0,433776,60,Home,63640.67,45.0,0.568,7759.67,Rejected,0
APP_02528,Mark Pugh,25,Graduate,Contract,1,0,Married,442029,12343,2,10462,15320,1015451,811,1,0,4,0,574918,120,Vehicle,36835.75,28.4,1.301,14030.75,Approved,0
APP_02529,Steven Liu,65,Graduate,Salaried,14,0,Single,580502,21846,4,21768,47720,2452730,634,19,0,5,0,450558,48,Business,48375.17,45.0,0.776,4761.17,Rejected,0
APP_02530,Kimberly Miller,48,Graduate,Salaried,20,4,Married,535934,16319,0,0,79606,1175718,775,8,0,7,0,607225,24,Business,44661.17,0.0,1.133,28342.17,Approved,0
APP_02531,Jean Byrd,29,Postgraduate,Salaried,8,4,Married,699209,23721,4,26220,182845,2749141,729,4,0,2,2,396272,48,Home,58267.42,45.0,0.567,8326.42,Approved,0
APP_02532,Andre Miller,23,Graduate,Salaried,1,3,Single,744646,33985,2,27924,170868,1261975,710,2,0,5,2,563644,36,Medical,62053.83,45.0,0.757,144.83,Rejected,0
APP_02533,Jesse Hernandez,40,Graduate,Salaried,13,3,Married,698058,17204,0,0,10000,2078211,663,5,1,3,0,728311,36,Home,58171.5,0.0,1.043,40967.5,Rejected,0
APP_02534,Tyler Levine,27,High School,Business Owner,7,1,Married,803008,19748,4,26158,198253,1899920,639,1,0,3,3,589022,120,Home,66917.33,39.09,0.734,21011.33,Rejected,1
APP_02535,Gabriel Herrera,45,Graduate,Salaried,16,1,Married,839946,25750,4,31497,169369,1113095,789,3,0,2,0,976200,48,Education,69995.5,45.0,1.162,12748.5,Approved,0
APP_02536,Karen Hogan,62,Postgraduate,Salaried,11,4,Married,544486,16498,4,20418,132722,2294820,719,15,0,4,0,572678,36,Medical,45373.83,45.0,1.052,8457.83,Rejected,0
APP_02537,John Aguirre,45,Graduate,Salaried,11,0,Single,663310,14058,0,0,195812,1502727,714,9,0,4,4,395668,36,Vehicle,55275.83,0.0,0.597,41217.83,Approved,0
APP_02538,Teresa Green,61,Graduate,Salaried,7,1,Married,680387,24211,3,25514,327375,1875236,643,14,0,7,0,50000,36,Home,56698.92,45.0,0.073,6973.92,Approved,1
APP_02539,Jose Simpson,55,Graduate,Self-Employed,15,2,Married,363144,7033,1,3439,73113,1591939,594,11,0,4,1,466175,12,Personal,30262.0,11.36,1.284,19790.0,Rejected,1
APP_02540,Christopher Palmer,31,Graduate,Salaried,7,4,Single,577199,24511,2,21644,206103,1178616,743,12,0,4,0,606669,12,Home,48099.92,45.0,1.051,1944.92,Approved,0
APP_02541,Amanda Riddle,41,Diploma,Salaried,7,1,Single,736545,17563,2,26159,237584,2380865,727,7,0,3,1,726684,60,Vehicle,61378.75,42.62,0.987,17656.75,Approved,0
APP_02542,Karen Walker,53,Postgraduate,Salaried,10,1,Single,509749,20306,4,19115,75520,1821195,520,18,0,7,1,412215,120,Vehicle,42479.08,45.0,0.809,3058.08,Rejected,1
APP_02543,Timothy Smith,28,Graduate,Business Owner,6,3,Married,1394224,32416,3,27619,334807,3581728,736,2,0,2,4,1786030,24,Business,116185.33,23.77,1.281,56150.33,Approved,0
APP_02544,Ashley Diaz,38,High School,Self-Employed,15,3,Married,569587,21813,2,21359,214801,1598056,683,12,0,4,3,245452,120,Personal,47465.58,45.0,0.431,4293.58,Rejected,0
APP_02545,Julie Arroyo,29,Graduate,Contract,4,1,Single,484718,11691,3,18176,166605,295304,632,3,0,3,1,639136,24,Personal,40393.17,45.0,1.319,10526.17,Approved,1
APP_02546,Taylor Baker,47,Graduate,Salaried,16,3,Married,681598,15577,1,5781,264337,1102151,749,16,0,2,0,865897,48,Medical,56799.83,10.18,1.27,35441.83,Approved,0
APP_02547,Peggy Browning,24,Postgraduate,Salaried,0,3,Married,752145,30830,3,27115,74326,1698381,624,2,0,8,3,374725,24,Home,62678.75,43.26,0.498,4733.75,Rejected,1
APP_02548,Nathan Tucker,58,Graduate,Salaried,21,0,Married,652463,11928,3,23328,140806,1844349,725,25,0,5,1,653407,24,Vehicle,54371.92,42.9,1.001,19115.92,Approved,1
APP_02549,Jennifer Garza,56,Graduate,Salaried,24,1,Married,597230,12565,1,7124,246264,309638,793,2,0,6,0,564327,84,Personal,49769.17,14.31,0.945,30080.17,Approved,0
APP_02550,John Phillips,46,Postgraduate,Business Owner,15,1,Single,1150877,35702,1,5642,29513,3687733,816,24,0,5,0,1525408,48,Medical,95906.42,5.88,1.325,54562.42,Approved,0
APP_02551,Regina Li,65,Postgraduate,Salaried,6,4,Single,627826,23828,0,0,11543,770001,707,24,0,7,0,520299,120,Home,52318.83,0.0,0.829,28490.83,Approved,0
APP_02552,Sophia Brown,52,Graduate,Self-Employed,15,1,Married,180000,3996,2,6750,66027,522029,803,1,0,6,0,131958,36,Vehicle,15000.0,45.0,0.733,4254.0,Approved,0
APP_02553,Mary Todd,55,High School,Salaried,4,1,Married,465107,16088,4,17441,169880,811604,765,25,0,1,0,525560,60,Personal,38758.92,45.0,1.13,5229.92,Approved,0
APP_02554,Jessica York,61,Graduate,Salaried,3,0,Married,751710,31196,4,28189,434869,1549146,619,3,0,5,3,199157,48,Medical,62642.5,45.0,0.265,3257.5,Rejected,1
APP_02555,Bradley Horton,43,Graduate,Salaried,19,1,Single,562646,11984,4,21099,177628,1421168,680,25,0,3,1,707530,60,Personal,46887.17,45.0,1.258,13804.17,Rejected,1
APP_02556,Ashley White,42,Graduate,Salaried,4,1,Single,572823,13595,2,11968,89819,689387,656,15,1,1,0,351786,24,Personal,47735.25,25.07,0.614,22172.25,Rejected,1
APP_02557,Melissa Li,32,Diploma,Salaried,6,0,Married,724384,22052,2,16075,312089,1231646,599,1,1,2,6,927249,60,Business,60365.33,26.63,1.28,22238.33,Rejected,1
APP_02558,Karen Hunter,53,Graduate,Business Owner,6,0,Married,985161,32318,3,36943,210347,2929471,646,15,0,4,4,554165,48,Personal,82096.75,45.0,0.563,12835.75,Rejected,1
APP_02559,Jay Stone,57,Postgraduate,Salaried,9,4,Married,681001,11788,4,25537,146653,1297055,710,21,1,4,1,866148,24,Education,56750.08,45.0,1.272,19425.08,Rejected,1
APP_02560,Carrie Adams,28,High School,Salaried,7,4,Married,688610,28051,3,20942,210789,2019961,752,7,0,6,0,667234,24,Education,57384.17,36.49,0.969,8391.17,Approved,0
APP_02561,Kristina Hood,39,Postgraduate,Business Owner,11,3,Single,1042825,17464,3,39105,549956,2351282,665,10,0,5,1,1270208,36,Business,86902.08,45.0,1.218,30333.08,Approved,0
APP_02562,Jeffery Willis,30,Graduate,Salaried,9,0,Single,880058,40150,1,8593,154378,1530568,717,8,0,6,0,614090,84,Vehicle,73338.17,11.72,0.698,24595.17,Approved,0
APP_02563,Patricia Stewart,61,Graduate,Business Owner,4,3,Married,919712,38862,3,29669,244878,2210822,658,19,0,7,0,957396,60,Education,76642.67,38.71,1.041,8111.67,Rejected,1
APP_02564,Mr. Ryan Gonzalez,60,Diploma,Salaried,28,1,Married,484704,13111,2,18176,112590,1293452,696,21,0,4,2,574393,24,Home,40392.0,45.0,1.185,9105.0,Approved,0
APP_02565,James White,44,Postgraduate,Salaried,1,0,Married,616295,15171,2,23111,325434,1346754,678,24,1,2,0,259689,24,Education,51357.92,45.0,0.421,13075.92,Rejected,1
APP_02566,Mitchell Wright,45,High School,Salaried,12,4,Married,936619,29356,1,11246,133439,3852147,739,2,0,2,2,341941,24,Vehicle,78051.58,14.41,0.365,37449.58,Approved,0
APP_02567,Jacob Hunter,58,Graduate,Business Owner,2,0,Married,1230356,30312,2,17995,368161,3408079,722,25,0,7,0,587606,84,Home,102529.67,17.55,0.478,54222.67,Approved,0
APP_02568,Jeffrey Zuniga,36,High School,Business Owner,6,2,Single,913126,40867,1,4786,17293,2476481,705,17,0,1,1,642460,24,Personal,76093.83,6.29,0.704,30440.83,Approved,0
APP_02569,Matthew Jones,59,Graduate,Salaried,1,2,Single,890873,20058,4,33407,186730,3241668,614,13,0,3,1,1161009,36,Vehicle,74239.42,45.0,1.303,20774.42,Rejected,1
APP_02570,Hailey Powell,35,Diploma,Self-Employed,11,3,Single,544900,24116,1,10068,274523,1997018,801,5,0,2,2,368455,48,Personal,45408.33,22.17,0.676,11224.33,Approved,0
APP_02571,Lori Martin DVM,33,Postgraduate,Self-Employed,12,0,Single,598108,24925,2,22429,125322,1229758,684,13,0,5,3,851302,48,Vehicle,49842.33,45.0,1.423,2488.33,Approved,1
APP_02572,Kelly Nelson,56,Postgraduate,Business Owner,1,3,Married,1025203,45501,4,38445,188032,1963070,700,19,0,5,0,950769,60,Education,85433.58,45.0,0.927,1487.58,Approved,0
APP_02573,Denise Garcia,25,Graduate,Business Owner,2,1,Single,971731,37919,2,20883,347548,2649809,806,1,0,3,0,1259703,24,Business,80977.58,25.79,1.296,22175.58,Approved,0
APP_02574,Latoya Griffith,57,Graduate,Salaried,20,3,Married,721487,24875,0,0,12887,1430727,648,12,0,1,4,1045629,60,Education,60123.92,0.0,1.449,35248.92,Rejected,0
APP_02575,Philip Moore,60,High School,Self-Employed,14,2,Married,1154816,26415,4,37628,421710,2613835,702,9,1,5,3,472112,48,Medical,96234.67,39.1,0.409,32191.67,Rejected,1
APP_02576,Hannah Hoffman,57,Graduate,Contract,6,0,Married,388393,16888,4,14564,109780,1696876,639,9,1,1,6,413602,36,Personal,32366.08,45.0,1.065,914.08,Rejected,1
APP_02577,Jimmy Cortez,40,Graduate,Salaried,2,0,Married,261271,7122,4,9797,28745,795188,572,9,0,8,0,283341,24,Personal,21772.58,45.0,1.084,4853.58,Rejected,1
APP_02578,Jacob Weaver,51,Postgraduate,Salaried,19,3,Married,858829,20585,4,29342,200554,1492985,662,22,0,2,0,1172424,12,Personal,71569.08,41.0,1.365,21642.08,Rejected,0
APP_02579,Angela Myers,65,High School,Salaried,28,2,Single,708163,23220,2,11702,410101,1725715,732,15,0,3,4,810086,120,Medical,59013.58,19.83,1.144,24091.58,Approved,0
APP_02580,Dustin Ross,63,Graduate,Salaried,1,3,Single,709768,30026,4,26616,323438,3057252,661,15,0,5,1,256523,48,Business,59147.33,45.0,0.361,2505.33,Rejected,1
APP_02581,Cody Davidson,41,Graduate,Salaried,9,4,Married,559862,9693,4,20994,250258,1734730,727,1,0,8,2,624698,48,Personal,46655.17,45.0,1.116,15968.17,Rejected,0
APP_02582,Robert Jackson,37,Graduate,Salaried,3,3,Married,712029,13647,2,12809,150906,1870300,631,19,0,6,2,542038,48,Home,59335.75,21.59,0.761,32879.75,Approved,0
APP_02583,Adam Hale,24,Graduate,Contract,4,2,Married,415877,13034,1,11833,137855,1150008,737,4,0,4,1,549482,120,Personal,34656.42,34.14,1.321,9789.42,Approved,1
APP_02584,Mr. Joel Clark DDS,59,Postgraduate,Salaried,3,0,Married,769919,14358,4,28871,345400,1377130,606,9,1,5,1,474776,84,Home,64159.92,45.0,0.617,20930.92,Rejected,1
APP_02585,Jennifer Gonzales,65,Graduate,Business Owner,8,0,Married,1092066,45652,1,6741,307501,3279318,697,24,1,3,3,1682553,60,Education,91005.5,7.41,1.541,38612.5,Rejected,1
APP_02586,Brittany Young,39,Graduate,Salaried,5,0,Single,586134,10622,0,0,127709,1064245,712,3,0,8,0,611860,48,Vehicle,48844.5,0.0,1.044,38222.5,Approved,0
APP_02587,Annette Page,57,Diploma,Business Owner,7,3,Married,1165368,44124,4,35923,584880,3782613,793,24,0,5,0,784394,24,Personal,97114.0,36.99,0.673,17067.0,Approved,0
APP_02588,Jacqueline Jones,49,Graduate,Salaried,0,1,Married,877584,32707,3,21213,172673,2354811,756,23,0,6,1,1070729,120,Vehicle,73132.0,29.01,1.22,19212.0,Approved,0
APP_02589,Deborah Johnson,63,Graduate,Contract,25,2,Single,422594,15614,1,4324,166149,767212,634,3,1,5,3,50000,60,Personal,35216.17,12.28,0.118,15278.17,Rejected,1
APP_02590,Mary Alvarado,50,High School,Business Owner,9,2,Single,1524938,27162,4,57185,537646,4433764,696,23,0,6,3,1443542,24,Medical,127078.17,45.0,0.947,42731.17,Approved,0
APP_02591,Michael White,53,Graduate,Contract,0,0,Single,312146,5520,1,3280,51036,940969,742,1,0,8,3,99384,12,Education,26012.17,12.61,0.318,17212.17,Approved,0
APP_02592,Renee Rodriguez,56,Postgraduate,Self-Employed,0,2,Married,915742,27184,4,32154,431545,1791007,658,8,0,2,1,1093628,48,Personal,76311.83,42.14,1.194,16973.83,Rejected,1
APP_02593,Vanessa Erickson,54,High School,Business Owner,14,0,Single,743827,24464,2,19690,251412,1381219,702,12,0,1,1,1140349,48,Education,61985.58,31.77,1.533,17831.58,Rejected,1
APP_02594,Mary Miller,46,Graduate,Business Owner,11,2,Single,1637542,49176,1,14971,694712,3812931,850,12,1,1,0,228833,36,Medical,136461.83,10.97,0.14,72314.83,Approved,0
APP_02595,Kimberly Mcclure,56,Graduate,Salaried,27,3,Single,721553,31839,4,27058,331054,1578697,835,6,0,8,1,880480,60,Medical,60129.42,45.0,1.22,1232.42,Approved,0
APP_02596,Rodney Estrada,56,Postgraduate,Salaried,18,1,Single,1014297,36589,2,15745,319310,4910361,567,16,1,2,4,855396,120,Home,84524.75,18.63,0.843,32190.75,Rejected,1
APP_02597,Ashley Simpson,38,Graduate,Business Owner,18,0,Married,1217112,26211,2,17280,203153,2513441,688,12,0,5,3,1438997,60,Medical,101426.0,17.04,1.182,57935.0,Approved,0
APP_02598,Derek Gonzalez,35,Postgraduate,Business Owner,4,3,Married,912016,37002,3,34200,464384,1789918,725,15,0,6,4,908313,48,Vehicle,76001.33,45.0,0.996,4799.33,Approved,1
APP_02599,James Mcconnell,29,Graduate,Salaried,1,3,Single,967230,18535,4,27652,132672,3095859,585,1,1,6,4,1619934,60,Personal,80602.5,34.31,1.675,34415.5,Rejected,1
APP_02600,Randall Mercado,62,Postgraduate,Business Owner,25,2,Single,808402,17919,1,9954,112024,1909566,699,3,0,2,2,335915,24,Vehicle,67366.83,14.78,0.416,39493.83,Approved,0
APP_02601,Debra Bryant,56,Postgraduate,Business Owner,24,3,Married,805679,32326,3,30212,252014,2699891,650,15,0,5,1,798340,84,Home,67139.92,45.0,0.991,4601.92,Approved,1
APP_02602,Matthew White,42,Graduate,Salaried,4,1,Single,245372,10288,2,8284,88956,705442,725,18,0,2,4,275792,24,Personal,20447.67,40.51,1.124,1875.67,Rejected,1
APP_02603,Laura Mitchell,31,Graduate,Contract,1,4,Married,680165,16252,3,25506,201870,1976000,700,13,1,2,0,403652,12,Vehicle,56680.42,45.0,0.593,14922.42,Approved,0
APP_02604,Alexandra Beck,47,Diploma,Contract,8,4,Married,291512,7390,1,4905,60375,765750,677,8,0,6,3,167319,48,Vehicle,24292.67,20.19,0.574,11997.67,Approved,1
APP_02605,Chelsea Perez,51,Postgraduate,Salaried,10,2,Married,714563,18174,3,26796,208851,1777444,643,17,0,2,4,827856,36,Home,59546.92,45.0,1.159,14576.92,Rejected,1
APP_02606,Emily Hester,37,Graduate,Business Owner,9,2,Married,1102073,42076,2,16046,428582,2314328,646,19,0,8,0,836876,12,Personal,91839.42,17.47,0.759,33717.42,Rejected,0
APP_02607,Brian Carlson,48,High School,Self-Employed,23,4,Married,1212101,21518,0,0,497567,3187340,783,10,0,8,1,1554015,36,Medical,101008.42,0.0,1.282,79490.42,Approved,1
APP_02608,Sarah Short,45,Graduate,Salaried,17,1,Married,317105,7758,2,11891,107246,616180,633,16,0,3,2,270225,60,Medical,26425.42,45.0,0.852,6776.42,Rejected,0
APP_02609,Bruce Santos,55,Postgraduate,Self-Employed,0,3,Married,796808,32146,0,0,173250,697273,621,10,1,1,4,750908,120,Vehicle,66400.67,0.0,0.942,34254.67,Rejected,1
APP_02610,Barbara Parsons,48,Graduate,Contract,26,1,Single,548499,14625,3,20568,85168,915542,681,7,1,4,0,344009,24,Personal,45708.25,45.0,0.627,10515.25,Rejected,1
APP_02611,John Ruiz,50,Postgraduate,Salaried,20,1,Married,522072,19413,2,19577,135001,1439540,738,25,0,4,1,214061,48,Personal,43506.0,45.0,0.41,4516.0,Rejected,1
APP_02612,Brian Edwards,30,Graduate,Self-Employed,10,3,Single,924719,27413,4,34676,213825,2308373,731,10,0,4,0,716183,60,Business,77059.92,45.0,0.774,14970.92,Approved,0
APP_02613,Christopher Mann,47,Postgraduate,Salaried,9,4,Single,876671,28365,0,0,382041,2062792,575,7,0,7,1,1093517,60,Vehicle,73055.92,0.0,1.247,44690.92,Rejected,1
APP_02614,Jacob Jenkins,23,Graduate,Business Owner,2,2,Married,1023613,46859,3,35135,174182,5221639,620,2,0,3,1,1047231,120,Home,85301.08,41.19,1.023,3307.08,Approved,1
APP_02615,Taylor Clements,61,Graduate,Self-Employed,16,4,Married,1181479,20580,2,30103,128475,1197726,695,15,0,8,2,900887,12,Home,98456.58,30.57,0.763,47773.58,Approved,1
APP_02616,Bradley Benson,64,Graduate,Salaried,9,0,Married,469103,8902,4,17591,181200,1609119,746,12,0,3,0,275499,84,Business,39091.92,45.0,0.587,12598.92,Approved,0
APP_02617,Jessica Hall,46,Diploma,Contract,11,3,Married,689789,29734,1,16347,261195,321112,662,20,1,8,0,914640,12,Business,57482.42,28.44,1.326,11401.42,Rejected,1
APP_02618,Jeffery Edwards,45,Graduate,Business Owner,8,2,Single,322176,9542,2,7495,32178,1331272,651,6,0,3,1,397157,60,Vehicle,26848.0,27.92,1.233,9811.0,Rejected,0
APP_02619,Richard Patel,29,Graduate,Business Owner,8,4,Married,337900,7057,1,8570,47190,607540,671,10,0,3,0,179763,36,Vehicle,28158.33,30.44,0.532,12531.33,Approved,0
APP_02620,James Thompson,53,High School,Contract,25,0,Married,296699,6770,0,0,53676,524467,727,21,0,6,2,335884,84,Vehicle,24724.92,0.0,1.132,17954.92,Approved,0
APP_02621,Monica Harper,47,Diploma,Business Owner,17,4,Married,452377,19561,2,16964,150835,1199855,613,10,0,7,5,147869,48,Business,37698.08,45.0,0.327,1173.08,Approved,1
APP_02622,Dennis Hurley,44,Graduate,Salaried,15,4,Single,1002931,35761,0,0,125362,3271113,703,18,1,1,1,784611,36,Education,83577.58,0.0,0.782,47816.58,Approved,1
APP_02623,Kyle Lozano,39,Diploma,Salaried,1,3,Single,670316,22155,2,23805,245957,2719820,848,18,0,7,1,1132801,60,Business,55859.67,42.62,1.69,9899.67,Approved,1
APP_02624,Sean Valdez,62,Graduate,Contract,20,0,Married,468375,13720,1,11901,253301,1060513,746,20,0,4,0,583840,120,Home,39031.25,30.49,1.247,13410.25,Rejected,0
APP_02625,Richard Smith,39,Postgraduate,Salaried,12,1,Married,695867,29623,3,26095,260189,2083846,796,5,0,3,0,104630,36,Personal,57988.92,45.0,0.15,2270.92,Approved,0
APP_02626,Justin Johnson,60,Graduate,Salaried,28,1,Single,483836,21489,0,0,180325,1348692,643,23,0,8,6,418867,36,Personal,40319.67,0.0,0.866,18830.67,Approved,0
APP_02627,Sandra Harris,30,Diploma,Self-Employed,8,3,Married,227084,8929,0,0,53890,295528,569,8,0,4,3,50000,84,Home,18923.67,0.0,0.22,9994.67,Rejected,1
APP_02628,Samuel Johnson,24,Postgraduate,Self-Employed,3,4,Married,962391,32652,3,11730,510037,2517587,705,1,0,8,2,489539,60,Personal,80199.25,14.63,0.509,35817.25,Approved,0
APP_02629,Michael Johnson,23,Diploma,Business Owner,3,2,Single,1331420,42586,2,19935,194147,3693874,743,2,0,4,2,505908,60,Home,110951.67,17.97,0.38,48430.67,Rejected,0
APP_02630,Kenneth Delgado,27,Postgraduate,Salaried,2,3,Married,798472,14550,2,24884,398658,2712267,700,6,0,3,4,1074684,60,Vehicle,66539.33,37.4,1.346,27105.33,Approved,1
APP_02631,Bernard Romero,38,Graduate,Salaried,16,4,Married,960529,20405,3,21668,465758,1766654,850,17,0,4,0,682461,24,Education,80044.08,27.07,0.711,37971.08,Approved,0
APP_02632,Phillip Strong,33,Postgraduate,Salaried,8,4,Married,791291,15567,0,0,199150,1433964,564,8,0,4,5,129444,48,Business,65940.92,0.0,0.164,50373.92,Rejected,1
APP_02633,Michael Rivas,49,Graduate,Salaried,23,2,Married,791132,25342,2,18077,270638,2810864,716,2,0,8,2,497489,84,Personal,65927.67,27.42,0.629,22508.67,Approved,0
APP_02634,Jonathan Mayo,46,Postgraduate,Business Owner,6,0,Married,1073673,37653,0,0,241357,4023478,738,13,0,4,0,210023,84,Business,89472.75,0.0,0.196,51819.75,Approved,0
APP_02635,Amanda Keller,37,Diploma,Salaried,9,0,Single,667678,29407,1,14427,200344,1240106,811,2,0,3,0,953353,60,Business,55639.83,25.93,1.428,11805.83,Approved,0
APP_02636,David Skinner,25,High School,Salaried,5,2,Single,496793,13342,1,9946,212172,464328,674,7,1,5,2,357070,60,Education,41399.42,24.02,0.719,18111.42,Rejected,1
APP_02637,Annette Anderson,65,Diploma,Self-Employed,13,0,Married,656262,17832,1,16039,433910,1852999,681,24,0,8,1,920719,60,Medical,54688.5,29.33,1.403,20817.5,Rejected,0
APP_02638,Victoria Case,25,Graduate,Business Owner,0,1,Single,512309,15594,1,10054,289593,1712862,669,6,0,4,2,401516,24,Medical,42692.42,23.55,0.784,17044.42,Approved,0
APP_02639,Stephanie Hall,65,High School,Salaried,32,3,Married,424296,13205,3,15911,179723,1390082,769,10,0,6,0,585098,36,Home,35358.0,45.0,1.379,6242.0,Approved,0
APP_02640,Anthony Mercado,47,Diploma,Self-Employed,19,2,Married,845463,23966,3,31704,217313,2786563,843,7,0,5,0,382922,120,Home,70455.25,45.0,0.453,14785.25,Rejected,0
APP_02641,Jonathan Shaw,54,Graduate,Salaried,29,2,Married,595370,23087,4,22326,164126,1324657,731,2,0,3,0,630298,48,Home,49614.17,45.0,1.059,4201.17,Approved,1
APP_02642,Bradley Cervantes,49,Graduate,Contract,13,2,Single,392929,7115,4,14734,94970,830492,721,1,0,6,1,611689,60,Home,32744.08,45.0,1.557,10895.08,Rejected,1
APP_02643,Emily Hampton,44,Graduate,Salaried,22,0,Married,701348,24241,1,3312,232638,1472866,728,15,0,7,1,469821,48,Home,58445.67,5.67,0.67,30892.67,Approved,0
APP_02644,Jennifer Estrada,41,Graduate,Salaried,4,1,Single,706622,30330,0,0,161700,1032418,699,22,0,8,1,270969,24,Vehicle,58885.17,0.0,0.383,28555.17,Approved,0
APP_02645,John Duarte,52,Graduate,Salaried,21,3,Married,582033,21760,4,21826,148752,1277834,660,11,0,8,0,553840,36,Home,48502.75,45.0,0.952,4916.75,Approved,0
APP_02646,Curtis Arnold,31,Graduate,Self-Employed,1,0,Married,429009,13963,3,16087,190641,626534,779,10,1,8,0,485921,84,Personal,35750.75,45.0,1.133,5700.75,Rejected,1
APP_02647,Ruth King,39,Graduate,Salaried,15,4,Married,990109,31175,2,20223,176669,1818918,565,4,1,1,0,441607,48,Business,82509.08,24.51,0.446,31111.08,Rejected,1
APP_02648,Shawn Cooper,55,Postgraduate,Business Owner,24,3,Single,738069,23729,0,0,121666,1949842,782,22,0,3,0,444602,60,Education,61505.75,0.0,0.602,37776.75,Approved,0
APP_02649,Courtney Hernandez,62,Diploma,Salaried,31,0,Single,450356,17770,3,16888,177588,1214108,673,1,0,5,3,437060,60,Home,37529.67,45.0,0.97,2871.67,Rejected,0
APP_02650,Robert Houston,24,Graduate,Business Owner,0,4,Single,958687,33590,0,0,500345,1786092,689,6,0,3,0,1463521,36,Education,79890.58,0.0,1.527,46300.58,Approved,1
APP_02651,Christine Hoover,22,Graduate,Salaried,0,1,Single,946697,27082,1,15696,277869,2359856,694,2,0,6,0,1571067,24,Business,78891.42,19.9,1.66,36113.42,Approved,1
APP_02652,Albert Guzman,22,Graduate,Salaried,1,0,Married,869910,15170,0,0,195151,2542233,752,1,0,3,0,750292,60,Personal,72492.5,0.0,0.862,57322.5,Approved,0
APP_02653,Michael Lewis,25,Diploma,Self-Employed,0,4,Single,283896,9103,2,10646,74502,522633,733,5,1,2,1,227464,120,Business,23658.0,45.0,0.801,3909.0,Rejected,1
APP_02654,Tamara Cantu,35,Graduate,Salaried,1,1,Married,245650,8247,4,9211,47808,841614,772,12,0,8,2,341367,60,Vehicle,20470.83,45.0,1.39,3012.83,Rejected,1
APP_02655,James Reed,51,High School,Self-Employed,31,3,Married,513208,9789,1,8587,129416,1179978,662,13,0,1,1,400450,12,Business,42767.33,20.08,0.78,24391.33,Approved,0
APP_02656,Brandon Jones,64,Graduate,Business Owner,18,4,Married,728913,27487,0,0,111443,2148951,743,15,0,2,1,886644,12,Medical,60742.75,0.0,1.216,33255.75,Approved,0
APP_02657,John Moore,38,Postgraduate,Salaried,17,4,Married,776357,19780,3,21027,320344,1833403,755,18,0,3,0,50000,120,Home,64696.42,32.5,0.064,23889.42,Approved,0
APP_02658,Tiffany Hodges,37,Diploma,Salaried,3,0,Married,853636,14609,2,24668,332425,404399,594,15,0,6,3,977714,48,Education,71136.33,34.68,1.145,31859.33,Rejected,1
APP_02659,Karen Stevens,32,Graduate,Business Owner,10,3,Single,861717,23682,2,22078,262605,2090319,704,4,0,8,2,532476,24,Personal,71809.75,30.75,0.618,26049.75,Rejected,0
APP_02660,Bryan Garcia,21,Graduate,Salaried,0,1,Married,564956,16079,4,21185,74232,740387,696,3,1,1,0,348555,24,Vehicle,47079.67,45.0,0.617,9815.67,Rejected,1
APP_02661,Nichole Harrison,61,Graduate,Salaried,26,4,Married,721400,29557,2,17229,97206,1584116,765,23,0,2,2,804827,48,Medical,60116.67,28.66,1.116,13330.67,Approved,0
APP_02662,Steven Swanson,59,Postgraduate,Salaried,30,1,Married,736324,14126,4,27612,181435,1715903,600,7,0,2,4,498635,120,Vehicle,61360.33,45.0,0.677,19622.33,Rejected,1
APP_02663,Carrie Mccoy,24,Diploma,Self-Employed,0,4,Single,658462,24124,3,22105,221312,1841511,672,4,0,2,0,866368,24,Personal,54871.83,40.28,1.316,8642.83,Approved,1
APP_02664,Julia Huff,50,Postgraduate,Salaried,11,2,Married,409741,16755,4,15365,67834,1366439,742,8,0,4,1,523313,24,Business,34145.08,45.0,1.277,2025.08,Rejected,1
APP_02665,Jacob Arnold,30,Graduate,Salaried,7,3,Married,707904,24941,0,0,330968,2070911,752,10,0,7,1,294064,12,Home,58992.0,0.0,0.415,34051.0,Approved,0
APP_02666,Patricia Ibarra,61,Diploma,Self-Employed,28,3,Single,668201,25983,2,21906,201481,789257,742,5,0,8,2,506258,36,Home,55683.42,39.34,0.758,7794.42,Rejected,0
APP_02667,Courtney Hernandez,55,Postgraduate,Self-Employed,35,4,Single,716690,22295,1,14776,358470,2381329,671,6,0,8,2,768051,120,Home,59724.17,24.74,1.072,22653.17,Approved,0
APP_02668,Elizabeth Wilson,27,Postgraduate,Salaried,3,2,Single,608666,11697,0,0,228197,880688,760,4,0,2,1,608166,12,Education,50722.17,0.0,0.999,39025.17,Approved,0
APP_02669,Lauren Mckay,46,Graduate,Self-Employed,7,3,Married,834206,14368,3,23487,244312,1887851,649,22,1,2,4,320332,60,Personal,69517.17,33.79,0.384,31662.17,Rejected,1
APP_02670,Christopher Taylor,47,Graduate,Salaried,9,3,Single,384160,10474,1,13385,239044,1610034,575,5,1,4,0,485317,24,Business,32013.33,41.81,1.263,8154.33,Rejected,1
APP_02671,Sharon Kirk,65,Graduate,Business Owner,21,3,Single,372100,13946,3,13953,92298,1002703,655,20,0,7,1,362877,48,Medical,31008.33,45.0,0.975,3109.33,Rejected,1
APP_02672,Emily Rodriguez MD,48,Graduate,Self-Employed,16,2,Single,953617,36343,4,35760,234191,2680135,578,9,1,3,3,496155,60,Business,79468.08,45.0,0.52,7365.08,Rejected,1
APP_02673,Stefanie Church,64,Diploma,Salaried,11,2,Single,575291,26131,2,7906,245626,1933391,679,7,0,1,2,816200,12,Vehicle,47940.92,16.49,1.419,13903.92,Approved,0
APP_02674,Brandon Vance,40,Diploma,Business Owner,18,1,Married,743555,17492,0,0,327343,1088107,653,17,1,1,0,718446,60,Vehicle,61962.92,0.0,0.966,44470.92,Approved,0
APP_02675,Brandon Adams,45,Postgraduate,Salaried,6,0,Married,470053,18398,1,6609,68189,1339340,571,21,0,2,3,157877,84,Education,39171.08,16.87,0.336,14164.08,Rejected,1
APP_02676,Samantha Wade,46,Postgraduate,Salaried,18,0,Married,695942,13508,4,26097,297554,1943484,743,15,0,2,1,350025,12,Personal,57995.17,45.0,0.503,18390.17,Rejected,0
APP_02677,Joseph Perkins,49,Postgraduate,Salaried,21,0,Single,362974,14695,3,13611,82212,1320805,730,23,0,7,1,585828,60,Home,30247.83,45.0,1.614,1941.83,Approved,1
APP_02678,Derek Davis,57,High School,Salaried,33,3,Married,632801,19489,2,23730,32300,2187966,715,15,1,1,0,187059,48,Home,52733.42,45.0,0.296,9514.42,Approved,1
APP_02679,Kathy Williams,61,Graduate,Self-Employed,18,2,Single,333194,12351,4,12494,152181,1115770,795,18,0,8,1,202766,48,Personal,27766.17,45.0,0.609,2921.17,Approved,0
APP_02680,Christy Daniels,21,High School,Salaried,0,2,Married,559306,19564,2,9088,151172,2248263,503,1,0,8,4,406405,12,Business,46608.83,19.5,0.727,17956.83,Rejected,1
APP_02681,Jamie Oconnor,35,High School,Salaried,15,3,Married,696965,23494,4,26136,212336,1290744,717,4,0,2,3,869967,84,Medical,58080.42,45.0,1.248,8450.42,Approved,0
APP_02682,Chad Riley,61,Graduate,Salaried,26,3,Married,940210,30786,0,0,129063,1506361,729,23,1,3,0,566840,48,Vehicle,78350.83,0.0,0.603,47564.83,Approved,0
APP_02683,Thomas Johnson,41,Graduate,Self-Employed,2,2,Single,598958,21945,4,22460,248510,1978993,736,8,0,6,1,270199,48,Vehicle,49913.17,45.0,0.451,5508.17,Rejected,1
APP_02684,Christie Martinez,33,High School,Salaried,12,3,Married,552911,17712,0,0,197280,1545190,583,4,0,8,0,348925,120,Business,46075.92,0.0,0.631,28363.92,Rejected,0
APP_02685,Stephen Cunningham,60,Postgraduate,Salaried,20,1,Married,865759,28637,4,23852,81649,2624975,719,15,0,3,0,708834,48,Business,72146.58,33.06,0.819,19657.58,Approved,0
APP_02686,Robert Alexander,21,Postgraduate,Salaried,0,0,Married,667861,14095,1,16891,138523,1912407,661,3,0,7,0,846287,36,Personal,55655.08,30.35,1.267,24669.08,Approved,1
APP_02687,Eric Le,33,Postgraduate,Business Owner,1,4,Single,614446,17863,4,23041,108968,1822697,667,15,0,3,0,869555,24,Medical,51203.83,45.0,1.415,10299.83,Rejected,1
APP_02688,Dean Edwards,61,Graduate,Salaried,28,0,Married,729412,14696,2,27196,260874,1796680,743,23,0,4,0,235944,84,Home,60784.33,44.74,0.323,18892.33,Approved,0
APP_02689,Leah Lee,54,High School,Salaried,16,2,Married,1034737,19163,2,27120,233982,2119949,535,9,0,7,3,1390744,24,Personal,86228.08,31.45,1.344,39945.08,Rejected,1
APP_02690,Daniel Gray,23,Graduate,Salaried,0,0,Single,435779,13323,1,8630,150810,806081,839,5,0,1,1,131221,24,Personal,36314.92,23.76,0.301,14361.92,Approved,0
APP_02691,Donald Kelly,33,Graduate,Contract,5,3,Married,638822,26400,2,19020,10000,1498120,711,14,0,7,4,711988,36,Vehicle,53235.17,35.73,1.115,7815.17,Approved,1
APP_02692,Heather Carrillo,43,Postgraduate,Contract,13,1,Married,568192,16759,3,21307,80486,2099675,648,2,0,3,1,189509,84,Vehicle,47349.33,45.0,0.334,9283.33,Rejected,0
APP_02693,Charles Murphy,60,Graduate,Self-Employed,4,0,Single,835346,29111,2,16473,374532,2804975,820,11,0,1,0,531115,48,Home,69612.17,23.66,0.636,24028.17,Approved,0
APP_02694,Charles Sullivan,33,Graduate,Salaried,13,3,Single,642343,22914,4,24087,201159,1061809,701,8,0,1,1,727011,120,Home,53528.58,45.0,1.132,6527.58,Approved,0
APP_02695,Rachael Harris,25,Diploma,Salaried,3,4,Married,312194,11305,0,0,39407,809459,850,5,0,3,0,298802,60,Home,26016.17,0.0,0.957,14711.17,Approved,0
APP_02696,Maurice Russell,52,High School,Salaried,11,4,Married,488923,21816,2,18334,69249,785183,733,11,0,7,0,497541,84,Vehicle,40743.58,45.0,1.018,593.58,Approved,0
APP_02697,Sara Wolfe,60,Graduate,Salaried,22,1,Single,506151,13862,2,12815,211648,1686790,783,22,0,6,0,363531,24,Business,42179.25,30.38,0.718,15502.25,Approved,0
APP_02698,Kathryn Garcia,33,Graduate,Salaried,11,3,Married,890749,39257,3,32141,446771,1862730,533,10,0,7,2,589937,36,Vehicle,74229.08,43.3,0.662,2831.08,Rejected,1
APP_02699,Alison Pierce,27,High School,Salaried,4,3,Single,640765,15676,0,0,44956,2266924,688,7,0,6,4,669525,60,Personal,53397.08,0.0,1.045,37721.08,Approved,0
APP_02700,Richard Harper,23,Graduate,Salaried,0,0,Single,302643,8735,0,0,36945,417646,662,2,0,7,1,469737,48,Home,25220.25,0.0,1.552,16485.25,Approved,0
APP_02701,Adam Cummings,24,Graduate,Salaried,2,0,Single,848113,22579,4,31804,183549,2659076,724,6,0,1,1,899726,48,Personal,70676.08,45.0,1.061,16293.08,Approved,0
APP_02702,Andre Pennington,54,Graduate,Salaried,28,3,Married,845318,21736,1,12963,287014,2727476,590,7,1,7,3,676306,48,Personal,70443.17,18.4,0.8,35744.17,Rejected,1
APP_02703,Catherine Garcia,53,Graduate,Salaried,12,2,Married,435418,13044,0,0,135674,441970,654,21,0,3,0,409043,36,Vehicle,36284.83,0.0,0.939,23240.83,Approved,0
APP_02704,Julie Spencer,59,Graduate,Self-Employed,27,1,Single,942793,42374,0,0,511923,1292492,747,8,0,5,2,398872,84,Vehicle,78566.08,0.0,0.423,36192.08,Approved,0
APP_02705,Danny Gomez,40,Postgraduate,Salaried,9,2,Single,242241,10464,4,9084,73249,278205,670,9,0,6,1,192072,120,Home,20186.75,45.0,0.793,638.75,Rejected,1
APP_02706,Ian Mendoza,49,Graduate,Salaried,0,4,Single,428878,8057,2,16082,114720,2069018,719,20,0,7,0,281888,36,Business,35739.83,45.0,0.657,11600.83,Approved,0
APP_02707,Matthew Nelson Jr.,43,Graduate,Salaried,0,2,Married,226046,10226,2,8476,74944,339570,705,10,0,5,1,253435,84,Personal,18837.17,45.0,1.121,135.17,Approved,1
APP_02708,Douglas Nash,44,Diploma,Self-Employed,6,4,Married,1122212,21699,3,31005,300742,3876509,850,5,0,8,1,633353,24,Education,93517.67,33.15,0.564,40813.67,Approved,0
APP_02709,Daniel Stewart,26,Graduate,Business Owner,4,3,Married,1207738,39443,4,45290,161777,4279199,598,2,1,1,0,865856,24,Vehicle,100644.83,45.0,0.717,15911.83,Rejected,1
APP_02710,Nicole Alexander,37,Graduate,Salaried,9,1,Single,881190,29070,0,0,142757,1975263,721,17,0,7,2,766629,36,Home,73432.5,0.0,0.87,44362.5,Approved,0
APP_02711,Steven Frazier,60,Graduate,Salaried,35,3,Single,850179,30506,2,28677,71384,2433870,663,20,0,8,0,678358,84,Home,70848.25,40.48,0.798,11665.25,Approved,0
APP_02712,Melissa Anderson,42,Graduate,Self-Employed,13,2,Single,1042367,43577,2,11756,312493,3540056,740,3,1,3,0,555718,60,Business,86863.92,13.53,0.533,31530.92,Rejected,0
APP_02713,Luis Mata,63,High School,Salaried,34,3,Married,615559,27956,0,0,103953,2086409,671,4,0,1,2,377344,36,Education,51296.58,0.0,0.613,23340.58,Approved,0
APP_02714,James Meza,52,High School,Business Owner,15,0,Single,1011130,25115,3,29003,274371,2724456,766,3,0,5,0,611826,84,Home,84260.83,34.42,0.605,30142.83,Approved,0
APP_02715,Sean Mcknight,61,High School,Salaried,20,2,Married,808596,19402,3,30322,128060,1287211,753,22,0,2,0,845374,120,Personal,67383.0,45.0,1.045,17659.0,Approved,0
APP_02716,Travis Keith,29,Postgraduate,Contract,3,2,Married,358243,12184,3,13434,25809,261430,696,1,0,4,0,140934,12,Vehicle,29853.58,45.0,0.393,4235.58,Rejected,1
APP_02717,Donald Bennett,60,High School,Salaried,27,4,Married,512783,10835,0,0,214839,1503952,690,24,1,8,0,451552,120,Education,42731.92,0.0,0.881,31896.92,Approved,0
APP_02718,Andrew Bell,52,Graduate,Business Owner,27,3,Married,1427402,50344,4,45183,10000,965957,699,23,0,1,0,1944291,12,Home,118950.17,37.98,1.362,23423.17,Rejected,0
APP_02719,Gabriel Pollard,32,Graduate,Business Owner,2,3,Single,1038125,23138,0,0,298718,2999509,675,2,1,3,1,616213,24,Business,86510.42,0.0,0.594,63372.42,Rejected,1
APP_02720,Julie Walters,31,Postgraduate,Business Owner,0,3,Married,658364,16680,4,24688,137866,1848502,717,2,0,4,2,571728,36,Vehicle,54863.67,45.0,0.868,13495.67,Approved,0
APP_02721,Ann Davis,60,High School,Business Owner,19,4,Married,360994,12636,0,0,91470,881429,667,5,0,6,1,107226,84,Vehicle,30082.83,0.0,0.297,17446.83,Approved,0
APP_02722,Collin Bennett,31,High School,Salaried,2,2,Single,552605,9638,4,20722,244150,1552166,667,1,0,8,0,944753,120,Vehicle,46050.42,45.0,1.71,15690.42,Rejected,1
APP_02723,Steven Delgado,50,Postgraduate,Salaried,29,1,Married,751852,32212,3,28194,185788,2246073,718,3,0,1,0,172973,24,Vehicle,62654.33,45.0,0.23,2248.33,Rejected,0
APP_02724,Cynthia Baker,55,Diploma,Contract,35,2,Married,277638,11597,1,7731,49207,848023,794,5,0,7,0,214689,60,Medical,23136.5,33.41,0.773,3808.5,Rejected,0
APP_02725,Kevin Rowland MD,58,Postgraduate,Salaried,4,2,Married,457033,20377,2,17138,68265,1948611,736,2,0,6,2,62549,120,Medical,38086.08,45.0,0.137,571.08,Approved,1
APP_02726,Robert Frazier,60,Postgraduate,Salaried,12,2,Married,784107,15214,4,29404,480544,891163,666,13,0,7,1,626011,120,Business,65342.25,45.0,0.798,20724.25,Rejected,1
APP_02727,Christopher Clay,40,Postgraduate,Salaried,9,2,Married,398268,8772,4,14935,55800,1352621,569,17,1,6,1,468933,84,Home,33189.0,45.0,1.177,9482.0,Rejected,1
APP_02728,Erica Silva,29,Diploma,Salaried,4,3,Single,613945,27851,3,23022,148385,2373583,764,6,0,1,0,282827,12,Home,51162.08,45.0,0.461,289.08,Approved,0
APP_02729,James Cowan,46,Graduate,Self-Employed,15,4,Single,923994,21269,0,0,281834,2894753,647,11,0,3,5,532349,48,Personal,76999.5,0.0,0.576,55730.5,Rejected,0
APP_02730,Monica Taylor,26,Postgraduate,Salaried,5,0,Married,276763,12256,0,0,92738,270309,660,6,0,4,0,366638,120,Personal,23063.58,0.0,1.325,10807.58,Approved,0
APP_02731,Kevin Green,25,High School,Salaried,0,0,Married,751589,24236,0,0,257651,2054656,623,6,1,6,6,825646,120,Home,62632.42,0.0,1.099,38396.42,Approved,0
APP_02732,William Simmons,36,Graduate,Salaried,3,3,Single,812411,32578,3,24413,163390,1116835,525,13,1,3,5,1241302,12,Medical,67700.92,36.06,1.528,10709.92,Rejected,1
APP_02733,Mark Faulkner,33,Graduate,Self-Employed,12,2,Married,383858,9760,0,0,46058,1261321,838,6,0,1,1,521591,24,Home,31988.17,0.0,1.359,22228.17,Approved,0
APP_02734,Kenneth Morgan,46,Postgraduate,Salaried,25,4,Married,746726,28843,2,21265,256753,1276598,681,10,0,1,3,158226,36,Medical,62227.17,34.17,0.212,12119.17,Rejected,0
APP_02735,Chelsea Taylor,62,Graduate,Salaried,7,1,Married,746143,14495,3,27980,322247,2376563,605,23,0,7,0,329984,48,Education,62178.58,45.0,0.442,19703.58,Rejected,0
APP_02736,Corey Guerrero,57,Graduate,Self-Employed,26,3,Married,421830,15207,2,15818,179691,1273105,765,16,0,6,1,142235,36,Vehicle,35152.5,45.0,0.337,4127.5,Approved,0
APP_02737,Sean Brown,57,Graduate,Contract,8,3,Married,497397,21971,2,18652,159265,1911350,693,7,0,5,3,738134,48,Medical,41449.75,45.0,1.484,826.75,Rejected,1
APP_02738,Sydney Ayala,29,Diploma,Salaried,5,4,Married,658614,24545,4,24698,158098,785661,687,10,0,7,1,153887,60,Personal,54884.5,45.0,0.234,5641.5,Rejected,1
APP_02739,Michael Nolan,60,High School,Salaried,5,3,Single,528505,20253,3,18257,164066,2117424,695,4,0,5,2,488641,48,Home,44042.08,41.45,0.925,5532.08,Rejected,0
APP_02740,Brenda Tran,39,High School,Self-Employed,5,2,Married,724364,32430,1,12024,130717,511758,731,2,0,6,0,759430,36,Personal,60363.67,19.92,1.048,15909.67,Approved,1
APP_02741,Julia Davis,40,Diploma,Self-Employed,11,4,Married,518111,16632,4,19429,240807,1546216,657,15,0,5,0,579402,60,Business,43175.92,45.0,1.118,7114.92,Rejected,0
APP_02742,Thomas Bush,36,Diploma,Salaried,9,2,Married,570893,19663,0,0,139677,336852,752,14,0,1,0,235185,48,Business,47574.42,0.0,0.412,27911.42,Approved,0
APP_02743,Carl Gill,39,Postgraduate,Salaried,18,4,Married,921267,32448,0,0,53703,1291824,607,15,0,8,5,1122582,120,Medical,76772.25,0.0,1.219,44324.25,Approved,1
APP_02744,Marcus Grant,45,High School,Salaried,2,4,Single,549698,15201,3,20613,148861,951777,734,8,0,1,4,101195,12,Vehicle,45808.17,45.0,0.184,9994.17,Rejected,1
APP_02745,Kimberly Lewis,30,Postgraduate,Salaried,10,0,Single,458365,15320,3,17188,145859,1181145,664,1,0,7,1,592787,120,Home,38197.08,45.0,1.293,5689.08,Rejected,0
APP_02746,Angela Black,54,Graduate,Salaried,18,1,Married,661603,29435,2,22324,10000,3032400,766,25,0,3,2,849125,120,Medical,55133.58,40.49,1.283,3374.58,Approved,0
APP_02747,Lindsay Allen,27,Postgraduate,Salaried,6,0,Single,278607,8884,4,10447,82909,961289,696,1,0,3,2,357454,84,Medical,23217.25,45.0,1.283,3886.25,Rejected,0
APP_02748,Shane Stein,61,Graduate,Salaried,6,1,Married,710858,14891,4,26657,293112,2370910,644,2,1,3,2,586122,36,Vehicle,59238.17,45.0,0.825,17690.17,Rejected,1
APP_02749,Jennifer Hicks,45,Graduate,Salaried,8,2,Married,522228,13877,1,3672,246196,1011180,812,10,0,7,1,213042,12,Vehicle,43519.0,8.44,0.408,25970.0,Approved,0
APP_02750,Jeremy Ortiz,59,Diploma,Self-Employed,16,0,Single,180000,4464,0,0,50059,224276,700,23,0,3,0,161507,36,Vehicle,15000.0,0.0,0.897,10536.0,Approved,0
APP_02751,Vanessa Lara,64,Graduate,Salaried,27,3,Married,729482,21413,1,8928,187669,2613792,659,7,0,8,0,528711,60,Education,60790.17,14.69,0.725,30449.17,Approved,0
APP_02752,Ivan Anderson,56,Diploma,Contract,31,1,Married,629183,10747,1,17054,63124,1713436,721,15,1,3,2,622985,120,Vehicle,52431.92,32.53,0.99,24630.92,Rejected,0
APP_02753,Brian Hawkins,51,High School,Salaried,0,3,Single,550253,17227,2,20634,293121,1409079,748,10,0,2,0,139132,60,Home,45854.42,45.0,0.253,7993.42,Approved,0
APP_02754,Brittany Anthony,42,Graduate,Self-Employed,7,4,Married,677627,24558,4,25411,138301,1072477,676,6,1,8,0,588121,12,Home,56468.92,45.0,0.868,6499.92,Rejected,1
APP_02755,David Castro,30,Graduate,Self-Employed,8,1,Married,888816,27753,4,33330,158227,1721008,850,2,0,8,1,1366548,60,Business,74068.0,45.0,1.537,12985.0,Rejected,0
APP_02756,Amy Shannon,31,Graduate,Self-Employed,7,4,Married,530133,19464,0,0,135355,1678710,708,2,0,8,1,315776,12,Vehicle,44177.75,0.0,0.596,24713.75,Approved,0
APP_02757,Tony Franklin,36,Postgraduate,Salaried,8,4,Single,968562,26881,4,31860,346144,1991629,729,16,1,5,0,771851,48,Personal,80713.5,39.47,0.797,21972.5,Rejected,1
APP_02758,Mr. Matthew Alvarado,32,Graduate,Self-Employed,5,0,Married,459990,13966,3,17249,55271,1947102,736,10,0,5,3,706608,60,Personal,38332.5,45.0,1.536,7117.5,Rejected,0
APP_02759,Christopher Davis,44,Graduate,Contract,19,0,Married,265395,11882,0,0,154041,919453,637,9,1,3,0,198176,84,Vehicle,22116.25,0.0,0.747,10234.25,Rejected,1
APP_02760,Samuel Flores,21,Graduate,Salaried,1,1,Single,1189804,23241,1,10017,157720,2815854,749,2,0,7,0,1383988,48,Home,99150.33,10.1,1.163,65892.33,Approved,0
APP_02761,Scott Coleman,24,High School,Salaried,1,0,Married,745513,25431,4,27956,226651,3197273,727,1,0,3,0,927411,60,Vehicle,62126.08,45.0,1.244,8739.08,Approved,0
APP_02762,Joshua Nguyen,58,Graduate,Self-Employed,22,3,Married,620914,28128,1,3800,117668,1626082,847,14,0,1,1,625767,12,Personal,51742.83,7.34,1.008,19814.83,Approved,0
APP_02763,Barbara Perkins,63,Graduate,Self-Employed,19,0,Married,441216,14260,3,16545,174292,1339106,737,19,0,5,0,244889,48,Home,36768.0,45.0,0.555,5963.0,Approved,0
APP_02764,Veronica Myers,48,High School,Salaried,15,1,Married,413845,12587,0,0,173242,111227,719,1,0,4,0,240548,24,Business,34487.08,0.0,0.581,21900.08,Approved,0
APP_02765,Terri Ortiz,29,Postgraduate,Self-Employed,6,4,Married,1072720,36293,1,15199,273116,1997672,746,2,1,8,0,1071901,120,Vehicle,89393.33,17.0,0.999,37901.33,Rejected,0
APP_02766,Elizabeth Garcia,58,Graduate,Self-Employed,34,4,Married,956572,30408,0,0,160352,669046,705,15,1,7,1,865758,60,Personal,79714.33,0.0,0.905,49306.33,Approved,0
APP_02767,Ricky Warren,59,High School,Salaried,10,1,Married,860425,38126,4,32265,154405,2641720,713,3,0,2,0,1043653,36,Business,71702.08,45.0,1.213,1311.08,Approved,0
APP_02768,Kristy Johnson,53,Postgraduate,Salaried,0,1,Married,740863,22171,4,27782,352916,547586,696,16,0,6,1,446391,48,Business,61738.58,45.0,0.603,11785.58,Rejected,0
APP_02769,Thomas Wilson,31,Postgraduate,Business Owner,2,3,Single,1390904,42284,1,14207,515689,4210241,737,4,1,7,3,508890,120,Business,115908.67,12.26,0.366,59417.67,Approved,0
APP_02770,Gary Patterson,54,Postgraduate,Salaried,34,2,Married,193026,3632,0,0,101523,770728,790,16,0,8,0,181158,12,Personal,16085.5,0.0,0.939,12453.5,Approved,0
APP_02771,Katherine Garza,63,Graduate,Salaried,11,0,Single,567303,9636,2,21273,318400,1001734,675,3,0,7,0,394349,24,Business,47275.25,45.0,0.695,16366.25,Rejected,0
APP_02772,Tanya Brown,61,Graduate,Salaried,18,4,Married,968572,38425,4,36321,333137,1753384,705,19,0,7,0,637857,36,Education,80714.33,45.0,0.659,5968.33,Approved,1
APP_02773,Heidi Barber,21,Postgraduate,Self-Employed,0,4,Single,180000,5446,1,6750,77792,401752,649,3,0,1,5,50000,84,Vehicle,15000.0,45.0,0.278,2804.0,Rejected,1
APP_02774,Jeremy Smith,50,High School,Contract,22,2,Married,505593,22217,3,18959,196866,856793,722,2,0,3,1,126268,48,Education,42132.75,45.0,0.25,956.75,Rejected,0
APP_02775,Stephen Thomas,37,High School,Business Owner,1,1,Married,1678197,54972,1,4357,190258,4695604,679,9,0,1,0,1828268,24,Personal,139849.75,3.12,1.089,80520.75,Approved,0
APP_02776,Rebecca Sanchez,43,Graduate,Self-Employed,20,3,Married,736585,24768,3,27621,172678,1213845,750,9,0,5,0,1043338,24,Home,61382.08,45.0,1.416,8993.08,Approved,1
APP_02777,Zachary Rose,43,Graduate,Business Owner,7,0,Single,741163,18880,3,27793,208990,3177247,720,23,0,4,0,784135,84,Business,61763.58,45.0,1.058,15090.58,Rejected,0
APP_02778,Pamela Hall,53,Graduate,Salaried,26,4,Single,462490,16506,0,0,98818,1576598,683,17,0,1,1,292351,84,Personal,38540.83,0.0,0.632,22034.83,Approved,0
APP_02779,Lisa Jackson,58,Graduate,Salaried,30,2,Married,666206,30036,2,21227,257098,2147815,654,11,0,1,0,507368,120,Home,55517.17,38.24,0.762,4254.17,Approved,1
APP_02780,Stephanie Ramirez,61,Graduate,Self-Employed,13,3,Married,750432,25125,2,18609,286411,2453422,776,2,0,4,0,222399,84,Business,62536.0,29.76,0.296,18802.0,Approved,0
APP_02781,Robin Turner,24,High School,Business Owner,4,1,Married,305420,10354,4,11453,32714,849710,638,4,1,8,6,225502,60,Vehicle,25451.67,45.0,0.738,3644.67,Rejected,1
APP_02782,Andrew Castaneda,46,Diploma,Salaried,26,1,Married,469267,10551,2,17597,10000,1592914,762,1,0,1,0,233141,48,Home,39105.58,45.0,0.497,10957.58,Approved,0
APP_02783,Rebecca Thomas,28,Graduate,Business Owner,5,4,Single,1198216,54123,4,44933,260298,3122883,707,2,0,8,0,1537865,120,Medical,99851.33,45.0,1.283,795.33,Approved,0
APP_02784,Lisa Evans,58,Diploma,Salaried,5,1,Single,643529,12681,3,20910,180926,1922277,719,5,0,3,0,566729,48,Home,53627.42,38.99,0.881,20036.42,Approved,0
APP_02785,Taylor Williams,53,Graduate,Self-Employed,15,3,Single,180000,5065,0,0,67636,240862,704,1,0,7,0,50000,84,Medical,15000.0,0.0,0.278,9935.0,Approved,0
APP_02786,Alexandra Martinez,36,High School,Self-Employed,10,1,Single,660033,20129,0,0,169993,1397552,581,2,1,5,2,718375,48,Personal,55002.75,0.0,1.088,34873.75,Approved,1
APP_02787,Matthew Haas,24,Graduate,Salaried,4,2,Single,607368,24186,4,22776,194007,780533,688,6,1,1,1,609612,60,Education,50614.0,45.0,1.004,3652.0,Rejected,1
APP_02788,Cheryl Rios,52,Graduate,Salaried,6,4,Single,410484,18809,1,8217,84218,782277,732,19,0,1,0,314042,12,Personal,34207.0,24.02,0.765,7181.0,Approved,0
APP_02789,Anthony Baker,58,Graduate,Self-Employed,28,3,Single,648695,26806,3,22266,351986,659216,645,8,0,5,3,1109716,36,Business,54057.92,41.19,1.711,4985.92,Rejected,1
APP_02790,Lisa Lester,47,Postgraduate,Salaried,16,1,Single,876273,34502,2,20460,132499,1858941,714,25,0,8,3,1256126,12,Home,73022.75,28.02,1.433,18060.75,Approved,0
APP_02791,Randall Long,23,Graduate,Salaried,0,3,Married,663167,24643,4,24868,259614,1605908,682,5,0,2,0,360343,60,Personal,55263.92,45.0,0.543,5752.92,Approved,1
APP_02792,Corey Martinez,23,Graduate,Self-Employed,3,3,Single,774602,32233,2,7662,136838,913682,789,5,0,8,0,1176964,120,Vehicle,64550.17,11.87,1.519,24655.17,Approved,0
APP_02793,William Guerrero,45,Graduate,Salaried,16,3,Single,790200,29245,3,29632,306736,2214965,731,16,1,5,1,986693,60,Home,65850.0,45.0,1.249,6973.0,Rejected,1
APP_02794,Dr. Lauren Savage DDS,62,Graduate,Salaried,20,0,Single,667480,23352,2,10739,92117,1496321,714,23,0,4,0,363566,12,Personal,55623.33,19.31,0.545,21532.33,Approved,0
APP_02795,Carolyn Ford,47,Graduate,Salaried,17,1,Single,599469,16806,0,0,245713,1510751,729,22,0,2,1,310693,84,Business,49955.75,0.0,0.518,33149.75,Approved,0
APP_02796,Erin Williams,58,Graduate,Salaried,20,4,Married,620715,25297,3,23276,74655,3129641,762,24,0,5,0,693336,24,Business,51726.25,45.0,1.117,3153.25,Approved,0
APP_02797,Joel Nguyen,59,Postgraduate,Salaried,22,1,Married,713687,26510,0,0,123425,1376919,675,4,0,5,1,134016,60,Medical,59473.92,0.0,0.188,32963.92,Approved,0
APP_02798,Kathleen Mendoza,54,Diploma,Salaried,13,0,Married,585981,12563,2,21974,169031,905495,628,7,0,8,0,375352,24,Education,48831.75,45.0,0.641,14294.75,Rejected,0
APP_02799,Christopher Stewart,33,High School,Business Owner,11,3,Married,438371,12785,0,0,153805,1518774,726,12,0,3,2,558146,12,Vehicle,36530.92,0.0,1.273,23745.92,Approved,0
APP_02800,Cindy Johnson,39,Postgraduate,Business Owner,17,4,Married,1119115,44130,0,0,424185,3696263,742,16,0,6,0,750847,84,Business,93259.58,0.0,0.671,49129.58,Approved,0
APP_02801,Lauren Oconnor,24,Postgraduate,Contract,1,2,Married,602676,13184,3,22600,185981,800736,702,1,0,2,4,372128,48,Home,50223.0,45.0,0.617,14439.0,Rejected,1
APP_02802,Jamie Tucker,27,Diploma,Self-Employed,7,0,Married,1357195,53665,2,15682,562440,2741841,580,8,0,1,6,1671684,12,Home,113099.58,13.87,1.232,43752.58,Rejected,1
APP_02803,Sara Rodriguez,38,Graduate,Salaried,11,2,Married,410462,18574,0,0,93756,1753758,649,18,0,4,2,341824,60,Business,34205.17,0.0,0.833,15631.17,Approved,0
APP_02804,Amber Mathis,49,Diploma,Salaried,28,0,Single,750281,15983,1,17920,390897,3124519,674,11,0,6,1,817075,24,Personal,62523.42,28.66,1.089,28620.42,Approved,0
APP_02805,Joan Garrett,25,High School,Salaried,4,3,Married,570592,17210,1,14587,203521,1967077,529,2,0,1,0,668287,48,Home,47549.33,30.68,1.171,15752.33,Rejected,0
APP_02806,Natalie Martin,28,Graduate,Self-Employed,3,1,Single,446326,18332,0,0,173838,1833853,619,9,0,1,2,715167,12,Business,37193.83,0.0,1.602,18861.83,Approved,1
APP_02807,Kayla Moreno,56,Diploma,Salaried,33,2,Married,585829,12569,2,21968,268702,1292616,597,9,0,7,4,583523,120,Personal,48819.08,45.0,0.996,14282.08,Rejected,1
APP_02808,Jacob Howard,40,High School,Self-Employed,2,0,Single,824806,23402,2,28926,341758,3433129,709,1,0,1,1,912287,84,Vehicle,68733.83,42.08,1.106,16405.83,Rejected,1
APP_02809,Brittany Padilla,64,High School,Salaried,19,1,Married,749367,21534,1,5321,184116,835965,609,1,0,1,3,843518,48,Medical,62447.25,8.52,1.126,35592.25,Approved,0
APP_02810,Jennifer Smith,32,Graduate,Contract,11,0,Single,499440,17525,2,18729,80672,451580,751,4,0,3,0,662880,60,Personal,41620.0,45.0,1.327,5366.0,Approved,0
APP_02811,Teresa Clark,63,Graduate,Business Owner,8,2,Married,1428420,32351,2,15741,811959,3537779,638,8,0,4,1,1272208,24,Personal,119035.0,13.22,0.891,70943.0,Rejected,0
APP_02812,Ashley Smith,38,Diploma,Contract,7,0,Married,427777,12830,1,16041,211081,379890,511,18,0,5,2,607641,36,Personal,35648.08,45.0,1.42,6777.08,Rejected,1
APP_02813,Megan Mccullough,60,Diploma,Business Owner,28,4,Married,805562,16092,2,9799,386047,3046779,762,16,0,8,0,474822,84,Home,67130.17,14.6,0.589,41239.17,Approved,0
APP_02814,Juan Rodriguez,37,Graduate,Salaried,12,2,Married,880923,35457,4,33034,199538,2179637,587,1,0,4,0,770612,36,Education,73410.25,45.0,0.875,4919.25,Rejected,1
APP_02815,Brian Price,50,Graduate,Salaried,2,1,Married,950433,25695,2,27166,10000,1849136,582,3,0,6,2,1116799,48,Personal,79202.75,34.3,1.175,26341.75,Rejected,1
APP_02816,Charles Mendez,60,Postgraduate,Salaried,24,2,Single,805196,29211,2,18291,554523,2969939,717,12,1,3,0,568471,48,Vehicle,67099.67,27.26,0.706,19597.67,Rejected,0
APP_02817,Rachel Mitchell,24,Postgraduate,Salaried,3,0,Single,655518,15095,3,24581,230447,502090,692,1,0,4,0,308826,60,Personal,54626.5,45.0,0.471,14950.5,Rejected,0
APP_02818,Christopher Clayton,36,Graduate,Salaried,1,0,Married,813306,18835,1,15825,10973,1056342,699,11,1,2,0,787292,84,Personal,67775.5,23.35,0.968,33115.5,Rejected,1
APP_02819,Cynthia Johnson,65,Graduate,Business Owner,19,3,Single,419528,7536,0,0,52937,1653238,620,15,0,2,1,194924,36,Education,34960.67,0.0,0.465,27424.67,Approved,0
APP_02820,Jeremy Perez DDS,21,Diploma,Business Owner,0,0,Married,696522,28401,2,21239,167051,495800,685,1,0,7,0,375076,60,Personal,58043.5,36.59,0.538,8403.5,Rejected,1
APP_02821,Timothy Lynch,57,Diploma,Salaried,27,3,Single,923265,35130,1,16856,303601,3390405,781,2,0,2,1,1401056,84,Home,76938.75,21.91,1.518,24952.75,Approved,0
APP_02822,Zachary Byrd,46,Graduate,Contract,15,2,Single,532018,16172,3,19950,56517,956861,750,7,0,4,0,490443,120,Personal,44334.83,45.0,0.922,8212.83,Approved,0
APP_02823,Travis Vega,53,High School,Salaried,6,1,Single,838443,38040,2,28707,235429,3444137,522,15,0,6,4,64551,12,Home,69870.25,41.09,0.077,3123.25,Rejected,1
APP_02824,Dana Carrillo,28,Diploma,Salaried,4,2,Married,355187,10619,1,5775,141462,975605,643,3,0,4,6,381814,120,Vehicle,29598.92,19.51,1.075,13204.92,Rejected,1
APP_02825,Penny Lang,64,Postgraduate,Self-Employed,5,1,Single,865428,35091,0,0,207117,1935297,717,11,0,8,0,1291784,84,Home,72119.0,0.0,1.493,37028.0,Approved,0
APP_02826,Jessica Torres,28,Graduate,Self-Employed,2,2,Married,804617,18163,4,30173,346730,1903650,747,1,0,2,0,1367651,36,Education,67051.42,45.0,1.7,18715.42,Rejected,0
APP_02827,Ann Jenkins,45,Postgraduate,Salaried,6,1,Single,607325,24715,1,5684,95800,864193,701,3,0,4,0,619548,12,Personal,50610.42,11.23,1.02,20211.42,Approved,0
APP_02828,Julie Richmond,36,Diploma,Salaried,5,0,Married,473442,14897,2,17754,65218,937221,539,12,0,2,4,619870,84,Home,39453.5,45.0,1.309,6802.5,Rejected,1
APP_02829,Jeffrey Delgado,22,Graduate,Contract,2,3,Married,554389,22977,1,15366,88401,1759084,672,1,0,4,0,668369,60,Personal,46199.08,33.26,1.206,7856.08,Rejected,1
APP_02830,Daniel Yang,31,Postgraduate,Salaried,9,1,Married,841642,26757,3,31561,432322,2172526,653,2,0,2,2,988445,24,Vehicle,70136.83,45.0,1.174,11818.83,Rejected,1
APP_02831,Angela Ford,48,Postgraduate,Salaried,28,3,Married,658933,26844,4,24709,121309,2653464,677,7,0,3,1,344367,24,Vehicle,54911.08,45.0,0.523,3358.08,Approved,0
APP_02832,Christopher Gray,39,Graduate,Self-Employed,19,1,Single,483526,8332,3,18132,170196,1177378,668,13,0,5,1,493747,84,Home,40293.83,45.0,1.021,13829.83,Approved,0
APP_02833,Kimberly Lyons,26,Postgraduate,Contract,2,1,Single,509437,16052,2,19103,115844,1347457,621,5,0,3,1,453795,36,Education,42453.08,45.0,0.891,7298.08,Rejected,0
APP_02834,Rachel Evans MD,21,Graduate,Salaried,0,2,Married,500262,9618,0,0,274811,1366481,792,2,0,6,0,707708,48,Home,41688.5,0.0,1.415,32070.5,Approved,0
APP_02835,Karen Smith,28,Graduate,Salaried,3,4,Single,950551,29894,0,0,272667,2440292,658,3,1,5,2,1351258,48,Business,79212.58,0.0,1.422,49318.58,Rejected,1
APP_02836,Christine Henderson,53,Graduate,Self-Employed,13,0,Single,725070,18922,1,4898,78868,845719,747,5,0,3,1,882608,120,Vehicle,60422.5,8.11,1.217,36602.5,Approved,0
APP_02837,Leslie Gonzalez,42,Graduate,Salaried,18,0,Married,647614,26788,2,22592,297814,1000193,780,13,0,3,1,1059849,24,Vehicle,53967.83,41.86,1.637,4587.83,Approved,1
APP_02838,Isaac Garcia,64,Graduate,Salaried,32,2,Married,602526,14122,0,0,168292,1766587,610,13,1,8,0,800535,24,Medical,50210.5,0.0,1.329,36088.5,Rejected,1
APP_02839,Jacob Compton,51,High School,Salaried,8,4,Married,478013,13280,0,0,122412,806033,668,13,0,5,0,197909,84,Vehicle,39834.42,0.0,0.414,26554.42,Approved,0
APP_02840,Paul Garcia,42,Graduate,Salaried,5,1,Single,875029,15578,1,14486,10000,2365183,736,16,0,7,3,822566,120,Home,72919.08,19.87,0.94,42855.08,Rejected,0
APP_02841,Jeffrey Parker,37,Postgraduate,Salaried,9,0,Married,754822,33539,2,21450,263297,2824291,601,19,0,6,2,439373,84,Personal,62901.83,34.1,0.582,7912.83,Rejected,1
APP_02842,Ronnie Reeves,35,High School,Salaried,9,2,Single,665725,23216,0,0,110039,1222372,635,17,0,2,1,780503,12,Home,55477.08,0.0,1.172,32261.08,Approved,1
APP_02843,Richard Schroeder,60,Graduate,Salaried,24,4,Married,867684,21163,2,19236,268493,2082726,706,11,0,8,2,815144,24,Medical,72307.0,26.6,0.939,31908.0,Rejected,0
APP_02844,Jessica Campbell,29,Graduate,Salaried,0,1,Married,569143,15452,4,21342,281896,2943514,724,5,0,2,2,669737,36,Medical,47428.58,45.0,1.177,10634.58,Approved,1
APP_02845,Larry Taylor,46,Postgraduate,Salaried,8,2,Married,635199,20364,3,23819,144440,394950,572,2,1,3,5,408798,24,Home,52933.25,45.0,0.644,8750.25,Rejected,1
APP_02846,Frances Johnson,45,Graduate,Self-Employed,15,0,Married,1136008,19173,3,28829,241094,5416831,616,8,0,1,4,1194241,36,Vehicle,94667.33,30.45,1.051,46665.33,Rejected,1
APP_02847,Travis Murphy,53,Graduate,Self-Employed,19,0,Married,553145,23485,4,20742,56635,1764201,730,14,0,8,0,567213,60,Home,46095.42,45.0,1.025,1868.42,Rejected,1
APP_02848,Edwin Figueroa,45,Diploma,Salaried,17,3,Married,762080,21912,2,17626,245061,1846065,663,6,1,3,1,314333,12,Vehicle,63506.67,27.75,0.412,23968.67,Approved,1
APP_02849,Thomas Reynolds,22,Postgraduate,Contract,0,0,Single,412448,17122,2,15466,159613,630144,756,1,0,5,0,210161,120,Education,34370.67,45.0,0.51,1782.67,Approved,0
APP_02850,Ann Reyes,62,Diploma,Self-Employed,35,3,Married,729695,29544,3,27250,314258,1619432,643,11,0,3,0,971558,48,Education,60807.92,44.81,1.331,4013.92,Rejected,1
APP_02851,Christine Stanley,38,Graduate,Salaried,13,4,Married,833866,33222,4,31269,188202,1246206,648,18,1,3,5,1203120,24,Home,69488.83,45.0,1.443,4997.83,Rejected,1
APP_02852,Jennifer Jackson,21,Graduate,Business Owner,0,4,Married,180000,7080,2,6750,10000,502013,651,3,0,1,0,189526,24,Vehicle,15000.0,45.0,1.053,1170.0,Rejected,1
APP_02853,John Salazar,42,Graduate,Salaried,10,2,Single,685618,30437,0,0,380980,1508687,697,18,1,5,0,295481,84,Vehicle,57134.83,0.0,0.431,26697.83,Approved,1
APP_02854,Cynthia Gross,39,High School,Self-Employed,8,3,Single,756963,31821,1,5134,273499,3858804,755,7,0,5,0,1222092,12,Business,63080.25,8.14,1.614,26125.25,Rejected,0
APP_02855,William Vazquez,53,Postgraduate,Salaried,10,4,Married,848735,18825,4,30641,527382,2131551,644,13,0,6,1,250536,48,Vehicle,70727.92,43.32,0.295,21261.92,Rejected,1
APP_02856,Timothy Best,22,Postgraduate,Salaried,0,3,Married,377655,6659,0,0,81405,1181007,558,2,0,3,3,285713,36,Education,31471.25,0.0,0.757,24812.25,Rejected,1
APP_02857,Amanda Gray,34,Diploma,Contract,3,0,Single,540853,19008,2,15409,70826,2066372,691,16,0,3,0,158110,24,Personal,45071.08,34.19,0.292,10654.08,Rejected,0
APP_02858,Meghan Smith,22,Graduate,Salaried,1,4,Single,833117,14988,4,31241,194899,1534836,662,3,0,4,3,804114,84,Home,69426.42,45.0,0.965,23197.42,Approved,0
APP_02859,Brian Carter,57,Diploma,Contract,32,1,Single,319855,11027,3,11994,98594,388807,711,8,0,1,0,312580,36,Home,26654.58,45.0,0.977,3633.58,Approved,0
APP_02860,Holly Arellano,47,High School,Salaried,2,0,Married,822516,35357,4,29966,436829,253516,757,15,0,4,0,920928,48,Medical,68543.0,43.72,1.12,3220.0,Approved,0
APP_02861,Mrs. Kathy Gutierrez PhD,30,Graduate,Business Owner,9,1,Single,645774,27187,3,24216,159739,1017019,638,10,0,2,1,491290,48,Business,53814.5,45.0,0.761,2411.5,Rejected,0
APP_02862,Whitney Weber,53,Graduate,Salaried,32,0,Single,591072,26040,2,22165,129951,2247913,598,21,1,1,5,572783,12,Home,49256.0,45.0,0.969,1051.0,Rejected,1
APP_02863,Karen Ramirez,61,High School,Salaried,17,2,Married,601478,14636,1,15617,268124,1731429,634,1,0,2,4,900303,12,Vehicle,50123.17,31.16,1.497,19870.17,Rejected,1
APP_02864,Sara Davis,40,Postgraduate,Salaried,18,4,Single,867921,33715,1,3692,322390,330406,710,12,0,5,0,1048669,12,Education,72326.75,5.1,1.208,34919.75,Approved,0
APP_02865,David Rogers,57,Diploma,Salaried,17,0,Single,791756,23968,0,0,465374,2653411,646,3,1,6,4,444453,84,Vehicle,65979.67,0.0,0.561,42011.67,Rejected,1
APP_02866,Paula Johnson,51,High School,Salaried,12,3,Single,515183,12184,2,15060,202831,805843,728,15,0,5,1,387804,24,Personal,42931.92,35.08,0.753,15687.92,Approved,0
APP_02867,Mr. Brent Stephens,45,Graduate,Salaried,12,4,Single,306132,7552,4,11479,16657,1008566,621,21,1,8,2,97527,12,Home,25511.0,45.0,0.319,6480.0,Rejected,1
APP_02868,Stephen Welch,42,Postgraduate,Salaried,11,3,Single,658564,17821,1,12600,12280,1014995,737,6,0,4,3,563297,60,Vehicle,54880.33,22.96,0.855,24459.33,Approved,1
APP_02869,Kelly Ray,38,Graduate,Salaried,3,2,Single,794579,22755,1,6960,264039,2335524,687,16,0,3,3,524522,84,Business,66214.92,10.51,0.66,36499.92,Approved,1
APP_02870,Gabriel Tran,57,Diploma,Salaried,10,1,Single,935486,24507,4,35080,273830,4095860,778,1,0,7,0,340990,84,Home,77957.17,45.0,0.365,18370.17,Approved,0
APP_02871,Mallory Bailey,35,Graduate,Business Owner,7,0,Married,823881,32646,3,30895,110239,1356533,684,1,0,3,1,726103,12,Personal,68656.75,45.0,0.881,5115.75,Rejected,0
APP_02872,Kayla Neal,38,Graduate,Salaried,16,2,Married,414094,8500,4,15528,74059,1002469,633,11,0,5,3,446639,24,Personal,34507.83,45.0,1.079,10479.83,Rejected,1
APP_02873,Stacy Jordan,23,Graduate,Salaried,2,1,Single,571322,17717,0,0,154243,799115,849,5,0,3,0,882822,84,Business,47610.17,0.0,1.545,29893.17,Approved,0
APP_02874,Mr. Ian White DDS,41,High School,Contract,13,3,Married,625814,16743,1,8799,184149,630209,703,21,0,5,1,319576,60,Vehicle,52151.17,16.87,0.511,26609.17,Approved,0
APP_02875,Jerry Zhang,24,Graduate,Salaried,0,3,Single,587683,25841,3,17789,291785,1892447,599,1,1,8,2,266935,84,Home,48973.58,36.32,0.454,5343.58,Rejected,1
APP_02876,Michelle Richardson,55,High School,Salaried,6,2,Single,593388,23856,4,22252,320257,1756203,662,7,0,2,1,640625,24,Vehicle,49449.0,45.0,1.08,3341.0,Approved,0
APP_02877,Brandon Mayer,44,High School,Salaried,23,4,Married,805116,16874,1,3065,420367,3317861,656,6,0,4,3,900509,12,Education,67093.0,4.57,1.118,47154.0,Rejected,0
APP_02878,Mallory Rogers,31,High School,Business Owner,6,4,Married,1247162,55987,2,12074,573071,2406665,756,7,0,5,0,1611581,60,Medical,103930.17,11.62,1.292,35869.17,Approved,0
APP_02879,William Hensley,45,Postgraduate,Salaried,24,0,Married,628740,21979,3,23577,172155,1770829,746,8,0,6,0,287071,60,Education,52395.0,45.0,0.457,6839.0,Approved,1
APP_02880,Suzanne Jackson,55,Graduate,Self-Employed,0,0,Single,1057216,26299,3,27370,143514,3149130,602,8,0,8,2,1241587,36,Vehicle,88101.33,31.07,1.174,34432.33,Approved,1
APP_02881,Daniel Roberson,65,High School,Salaried,0,4,Single,813482,26783,1,13350,77604,1259747,690,19,0,8,0,257582,120,Home,67790.17,19.69,0.317,27657.17,Rejected,0
APP_02882,Tammy Hunter,50,Graduate,Salaried,8,0,Married,760133,17615,1,5512,134435,2766803,644,7,0,8,2,604822,48,Vehicle,63344.42,8.7,0.796,40217.42,Approved,0
APP_02883,Matthew Hunt Jr.,37,Diploma,Self-Employed,11,2,Married,687494,11701,2,16793,243712,1412413,723,13,0,8,1,783610,84,Home,57291.17,29.31,1.14,28797.17,Approved,0
APP_02884,James Davis,47,Graduate,Self-Employed,10,4,Married,510421,13739,2,19140,105155,0,762,9,0,5,0,495633,24,Home,42535.08,45.0,0.971,9656.08,Approved,0
APP_02885,Rebecca Mcknight,59,Postgraduate,Salaried,0,2,Single,926849,34835,3,34756,244964,3514158,632,6,0,1,1,984881,24,Business,77237.42,45.0,1.063,7646.42,Rejected,1
APP_02886,Lauren Lee,41,High School,Salaried,0,2,Single,636517,17890,3,18547,89219,869925,784,12,0,8,0,778277,120,Personal,53043.08,34.97,1.223,16606.08,Approved,0
APP_02887,Katherine Lester,28,Postgraduate,Salaried,3,4,Single,996912,41676,1,17185,579522,496931,740,4,0,7,0,545671,12,Business,83076.0,20.69,0.547,24215.0,Approved,1
APP_02888,Patty Atkins,56,Postgraduate,Salaried,20,2,Single,639276,20422,2,23972,319267,0,716,17,0,5,4,411329,48,Education,53273.0,45.0,0.643,8879.0,Approved,0
APP_02889,Douglas May,57,Postgraduate,Salaried,33,0,Married,816393,14266,1,8011,163552,919637,726,19,0,5,1,836065,36,Medical,68032.75,11.78,1.024,45755.75,Approved,0
APP_02890,Monica Serrano,25,Graduate,Business Owner,3,1,Married,591524,11267,4,22182,34132,1421767,678,1,1,1,0,521806,120,Personal,49293.67,45.0,0.882,15844.67,Rejected,1
APP_02891,Laura Little,58,Graduate,Salaried,24,2,Single,588624,21583,4,22073,158246,1478853,835,14,0,3,0,694809,12,Vehicle,49052.0,45.0,1.18,5396.0,Approved,0
APP_02892,Brian Thomas,57,Diploma,Self-Employed,0,1,Married,1013501,32096,2,17296,85333,2598648,813,23,0,1,0,441166,84,Business,84458.42,20.48,0.435,35066.42,Approved,0
APP_02893,Kevin White,34,Graduate,Self-Employed,9,4,Married,1036727,22358,0,0,330864,1186050,828,7,0,1,0,778967,36,Education,86393.92,0.0,0.751,64035.92,Approved,0
APP_02894,Colleen Bright MD,53,Graduate,Business Owner,30,4,Married,785967,33258,4,29473,233208,763831,811,17,0,4,1,307870,48,Home,65497.25,45.0,0.392,2766.25,Approved,0
APP_02895,John Moore,54,Graduate,Salaried,22,3,Single,689159,29081,3,25843,283087,1086023,692,8,1,4,4,603902,120,Vehicle,57429.92,45.0,0.876,2505.92,Rejected,0
APP_02896,Colleen Boyd,25,Postgraduate,Salaried,1,2,Single,246823,10714,4,9255,45656,730496,707,3,0,7,0,260301,24,Education,20568.58,45.0,1.055,599.58,Approved,1
APP_02897,Dawn Ho,65,Postgraduate,Salaried,7,4,Married,665707,24643,0,0,134554,1407463,677,19,0,3,2,363288,84,Business,55475.58,0.0,0.546,30832.58,Approved,0
APP_02898,Patrick Waller,28,Postgraduate,Salaried,5,0,Married,693381,31377,3,26001,175184,2168809,646,10,1,7,3,312606,48,Education,57781.75,45.0,0.451,403.75,Rejected,1
APP_02899,James Fernandez,35,Graduate,Salaried,0,2,Single,539107,12498,4,20216,177486,0,709,1,0,5,1,723363,60,Business,44925.58,45.0,1.342,12211.58,Rejected,0
APP_02900,Christopher Wu,21,Diploma,Salaried,0,0,Married,382710,8249,3,14351,143903,740525,627,3,1,5,4,527654,24,Personal,31892.5,45.0,1.379,9292.5,Rejected,1
APP_02901,Hailey Manning,58,Graduate,Salaried,3,0,Married,462878,9142,4,17357,76423,1681685,613,18,0,3,3,50000,48,Vehicle,38573.17,45.0,0.108,12074.17,Rejected,1
APP_02902,Arthur Allen,21,Diploma,Business Owner,0,0,Single,1186553,53064,2,10493,368732,3647276,706,3,0,5,3,193069,12,Personal,98879.42,10.61,0.163,35322.42,Approved,0
APP_02903,Jacqueline Baker,65,High School,Salaried,16,4,Married,438193,8182,0,0,99650,915736,597,5,0,3,1,578285,60,Home,36516.08,0.0,1.32,28334.08,Rejected,0
APP_02904,Charles Callahan,58,Postgraduate,Self-Employed,4,4,Single,1181100,30510,4,44291,483412,2811167,764,1,0,4,0,1661284,120,Education,98425.0,45.0,1.407,23624.0,Approved,0
APP_02905,Sabrina Garcia,44,Diploma,Self-Employed,0,4,Married,336085,10480,3,12603,116532,762671,802,10,0,2,0,340114,84,Education,28007.08,45.0,1.012,4924.08,Approved,0
APP_02906,Tanya Garcia,30,Graduate,Business Owner,1,2,Single,1488584,57278,4,36853,400901,2772873,675,10,0,4,3,741570,84,Home,124048.67,29.71,0.498,29917.67,Rejected,0
APP_02907,James Murphy,54,High School,Self-Employed,4,0,Single,933798,38809,2,24625,123780,2950784,667,11,0,7,2,1080105,12,Vehicle,77816.5,31.64,1.157,14382.5,Rejected,1
APP_02908,Ashley Murray,24,High School,Salaried,2,3,Married,566730,14263,3,21252,145836,1828107,716,6,0,6,2,525905,36,Business,47227.5,45.0,0.928,11712.5,Approved,0
APP_02909,Krista Richardson,65,High School,Salaried,10,0,Married,453407,7854,0,0,283844,1529884,850,8,0,7,1,282571,24,Education,37783.92,0.0,0.623,29929.92,Approved,0
APP_02910,Eric Russell,34,Diploma,Salaried,13,2,Single,642982,24575,0,0,57417,661582,738,6,0,5,4,543722,120,Home,53581.83,0.0,0.846,29006.83,Approved,0
APP_02911,April Chavez,54,Diploma,Salaried,32,2,Married,694668,21750,1,4182,39469,1118949,606,1,0,6,4,499506,84,Personal,57889.0,7.22,0.719,31957.0,Approved,1
APP_02912,Brenda Robinson,34,High School,Salaried,10,1,Single,1114238,30634,4,41783,303190,2808424,632,13,1,8,2,837626,48,Business,92853.17,45.0,0.752,20436.17,Rejected,1
APP_02913,Lacey Oneill,42,Graduate,Contract,13,0,Single,579120,16974,2,15426,155422,1858591,706,22,0,3,1,702069,84,Vehicle,48260.0,31.96,1.212,15860.0,Approved,0
APP_02914,Mark Taylor,34,Postgraduate,Self-Employed,3,2,Single,823164,24191,1,10967,126775,1891661,802,13,0,5,1,429227,12,Personal,68597.0,15.99,0.521,33439.0,Approved,0
APP_02915,Darrell Christensen,64,High School,Salaried,33,1,Single,581901,25090,0,0,393087,1610896,750,19,0,3,0,875029,12,Personal,48491.75,0.0,1.504,23401.75,Approved,0
APP_02916,Gail Branch,64,High School,Salaried,15,1,Married,1044027,39925,0,0,223504,1522580,561,10,1,6,1,1113100,48,Business,87002.25,0.0,1.066,47077.25,Rejected,1
APP_02917,Sarah Davis,33,Postgraduate,Self-Employed,9,4,Married,630816,10530,0,0,133491,1420856,822,12,0,6,0,908517,84,Personal,52568.0,0.0,1.44,42038.0,Approved,0
APP_02918,Angela Taylor,57,Graduate,Self-Employed,9,3,Single,335008,8105,4,12562,166529,831766,686,19,0,4,0,299049,48,Home,27917.33,45.0,0.893,7250.33,Approved,0
APP_02919,Jose Lawrence,38,Graduate,Salaried,13,2,Single,728829,27984,0,0,322096,4094914,661,18,0,7,0,994281,60,Personal,60735.75,0.0,1.364,32751.75,Approved,1
APP_02920,Jordan Pierce,22,Graduate,Self-Employed,1,3,Single,770740,33422,3,28902,373816,2020049,713,4,0,5,0,297513,12,Personal,64228.33,45.0,0.386,1904.33,Approved,0
APP_02921,Lori Washington,31,Graduate,Salaried,11,2,Single,1110094,28194,4,41628,617711,4361921,678,5,0,5,1,441929,120,Business,92507.83,45.0,0.398,22685.83,Approved,0
APP_02922,Melvin Williams,41,Graduate,Salaried,5,3,Married,631246,12794,4,23671,204840,1274424,736,8,0,8,1,321013,24,Personal,52603.83,45.0,0.509,16138.83,Approved,0
APP_02923,Dr. Robert Jones,42,High School,Salaried,9,1,Married,468859,9419,0,0,106411,1821478,579,11,0,6,3,50000,120,Medical,39071.58,0.0,0.107,29652.58,Rejected,0
APP_02924,Corey Todd,24,Graduate,Salaried,2,0,Married,384908,8310,1,14434,44811,492610,692,6,1,6,0,327944,48,Business,32075.67,45.0,0.852,9331.67,Rejected,1
APP_02925,Jacob Hamilton,33,Postgraduate,Salaried,13,0,Married,819218,35399,3,30720,574197,3431130,740,2,0,6,1,826883,84,Home,68268.17,45.0,1.009,2149.17,Rejected,0
APP_02926,Adam Schneider,26,Graduate,Self-Employed,5,1,Married,771017,20859,3,28913,140588,2313942,603,4,0,8,2,736070,24,Business,64251.42,45.0,0.955,14479.42,Rejected,0
APP_02927,Christopher Hamilton,63,Graduate,Self-Employed,34,2,Married,1518668,45979,0,0,686888,1885042,803,21,0,7,0,2155128,84,Personal,126555.67,0.0,1.419,80576.67,Approved,0
APP_02928,Anthony Allen,63,Diploma,Self-Employed,0,3,Single,749127,28661,3,27676,269953,695855,690,20,0,3,1,637291,12,Personal,62427.25,44.33,0.851,6090.25,Approved,1
APP_02929,Kenneth Bryant,63,Postgraduate,Self-Employed,2,0,Married,486893,16171,4,18258,64454,392492,601,9,1,3,1,465835,24,Personal,40574.42,45.0,0.957,6145.42,Rejected,1
APP_02930,Brenda Richmond,50,Postgraduate,Salaried,0,1,Married,180000,7310,1,5877,101843,568279,647,18,0,2,0,128187,84,Home,15000.0,39.18,0.712,1813.0,Rejected,1
APP_02931,Scott Lutz,58,Postgraduate,Contract,5,1,Married,462351,9773,0,0,152898,1240715,641,17,0,2,2,589649,120,Vehicle,38529.25,0.0,1.275,28756.25,Approved,0
APP_02932,Donna Jones,59,Graduate,Self-Employed,6,0,Married,691082,23924,2,17747,89625,2213986,615,15,0,7,6,569891,36,Home,57590.17,30.82,0.825,15919.17,Rejected,0
APP_02933,Christy Powers DDS,53,Graduate,Contract,9,3,Married,379397,6897,3,14227,164286,992290,682,11,0,8,0,179008,36,Personal,31616.42,45.0,0.472,10492.42,Approved,0
APP_02934,Gregory Hall,46,Postgraduate,Contract,10,1,Single,399447,9030,1,12920,14729,1070938,643,23,1,6,1,472344,84,Vehicle,33287.25,38.81,1.182,11337.25,Rejected,1
APP_02935,Todd Smith,52,Postgraduate,Salaried,1,2,Married,578616,11102,0,0,163459,2220925,575,25,1,7,2,623667,60,Vehicle,48218.0,0.0,1.078,37116.0,Rejected,1
APP_02936,James Wilson,52,Diploma,Salaried,27,2,Single,586841,25721,3,22006,298905,491260,697,11,1,5,3,994162,12,Personal,48903.42,45.0,1.694,1176.42,Rejected,1
APP_02937,Suzanne Gonzalez,40,Graduate,Business Owner,15,3,Married,1083617,19459,2,19391,645896,2591237,597,1,1,3,5,1253212,12,Personal,90301.42,21.47,1.157,51451.42,Rejected,1
APP_02938,Alexander Mahoney,22,Postgraduate,Self-Employed,2,1,Married,605063,27240,1,3209,143347,758899,767,3,0,2,0,623164,60,Personal,50421.92,6.36,1.03,19972.92,Approved,0
APP_02939,Barry Hess,41,Postgraduate,Self-Employed,18,0,Single,433601,16832,4,16260,36961,1686302,762,3,0,8,1,206949,48,Vehicle,36133.42,45.0,0.477,3041.42,Rejected,0
APP_02940,Oscar Mills,65,Graduate,Salaried,3,1,Married,749474,18088,2,20648,114774,2533341,679,13,0,1,0,781022,84,Medical,62456.17,33.06,1.042,23720.17,Rejected,0
APP_02941,Kevin Ward,21,High School,Self-Employed,1,4,Single,637652,24944,4,23911,141762,2267662,615,1,0,7,4,648704,12,Vehicle,53137.67,45.0,1.017,4282.67,Approved,1
APP_02942,Richard Madden,40,Graduate,Self-Employed,19,1,Single,752115,17524,1,15921,257263,1007411,655,11,0,5,2,332977,60,Medical,62676.25,25.4,0.443,29231.25,Approved,0
APP_02943,Sandra Finley,46,Postgraduate,Self-Employed,21,0,Single,862948,35501,3,27905,187205,1828450,655,9,0,6,0,944667,24,Business,71912.33,38.8,1.095,8506.33,Approved,0
APP_02944,Doris Mckinney,23,Postgraduate,Salaried,2,2,Single,730136,27547,0,0,379267,1710618,599,3,1,8,4,395179,48,Vehicle,60844.67,0.0,0.541,33297.67,Rejected,1
APP_02945,Charles Ayala,37,Postgraduate,Salaried,12,0,Single,493056,21877,1,9200,94211,765766,690,8,0,1,3,500443,84,Vehicle,41088.0,22.39,1.015,10011.0,Rejected,1
APP_02946,Rachel Young,51,Postgraduate,Self-Employed,1,4,Married,316570,11859,3,11871,168291,976254,691,16,0,7,3,439598,36,Personal,26380.83,45.0,1.389,2650.83,Rejected,1
APP_02947,Carlos Zimmerman,51,Graduate,Salaried,11,4,Married,1059736,21280,0,0,379466,2265101,751,9,0,5,1,1282621,84,Education,88311.33,0.0,1.21,67031.33,Approved,0
APP_02948,Derek Guerrero MD,25,Graduate,Salaried,3,0,Single,1024729,17439,4,36898,504668,4393340,620,2,0,3,0,580786,84,Home,85394.08,43.21,0.567,31057.08,Rejected,1
APP_02949,Antonio Anthony,64,Graduate,Business Owner,0,2,Married,1191666,27162,3,22456,369813,2622461,575,2,0,4,5,774244,36,Home,99305.5,22.61,0.65,49687.5,Rejected,1
APP_02950,Luke Howe,48,Graduate,Self-Employed,26,0,Married,622103,12885,0,0,288922,1684666,554,24,0,3,4,368705,36,Vehicle,51841.92,0.0,0.593,38956.92,Rejected,1
APP_02951,Jose Anderson,32,Diploma,Salaried,4,2,Married,298117,5975,4,11179,109305,918049,698,6,0,2,2,81830,24,Personal,24843.08,45.0,0.274,7689.08,Rejected,0
APP_02952,Billy Weber,41,Postgraduate,Salaried,1,4,Single,502378,16214,0,0,167169,1744148,804,13,0,5,0,256026,24,Education,41864.83,0.0,0.51,25650.83,Approved,0
APP_02953,Michael Stewart,60,High School,Salaried,9,3,Married,883530,35694,2,15908,150630,3610954,686,1,1,3,2,1327269,84,Education,73627.5,21.61,1.502,22025.5,Rejected,1
APP_02954,Tammy Miles,35,Graduate,Business Owner,14,1,Married,996937,43100,2,31277,175510,3519157,683,3,0,2,1,1555687,36,Personal,83078.08,37.65,1.56,8701.08,Rejected,1
APP_02955,Alexander Thompson,58,Diploma,Self-Employed,14,1,Married,863125,20061,3,22458,117453,3652476,717,2,0,8,0,949113,48,Vehicle,71927.08,31.22,1.1,29408.08,Approved,0
APP_02956,Victoria Hale,46,Graduate,Salaried,5,1,Single,737900,32603,3,27671,139415,2873035,636,7,0,6,6,234713,60,Vehicle,61491.67,45.0,0.318,1217.67,Rejected,1
APP_02957,Anna Phillips,49,Graduate,Business Owner,15,4,Married,1198255,38832,2,10107,327803,2975648,695,23,0,5,1,1524124,120,Business,99854.58,10.12,1.272,50915.58,Approved,0
APP_02958,Kendra Hall,32,Graduate,Salaried,2,4,Single,675754,14069,0,0,470697,1524499,590,3,1,4,4,955597,60,Vehicle,56312.83,0.0,1.414,42243.83,Rejected,1
APP_02959,Justin Velazquez,42,Graduate,Business Owner,1,2,Single,1333805,38528,2,14803,10000,5042095,675,19,0,3,2,2556230,120,Business,111150.42,13.32,1.916,57819.42,Rejected,1
APP_02960,Antonio Hicks,52,Diploma,Self-Employed,0,2,Married,957782,39206,0,0,304364,2514964,712,7,1,1,0,760948,60,Vehicle,79815.17,0.0,0.794,40609.17,Approved,1
APP_02961,Karen Gardner,62,High School,Self-Employed,35,2,Married,970730,39673,4,36402,479474,2047001,647,6,0,5,4,1140120,60,Business,80894.17,45.0,1.174,4819.17,Rejected,1
APP_02962,Ashlee Wright,56,Graduate,Salaried,17,0,Married,732112,14592,2,23058,231862,3542263,645,8,1,1,4,388420,60,Education,61009.33,37.79,0.531,23359.33,Rejected,1
APP_02963,Crystal Duran,53,Postgraduate,Salaried,8,1,Married,635934,15241,4,23847,193380,2058802,761,19,1,5,0,546018,120,Personal,52994.5,45.0,0.859,13906.5,Approved,0
APP_02964,Daniel Hahn,62,High School,Self-Employed,33,1,Married,927732,28728,4,29069,444641,3512272,656,7,0,3,0,1300794,60,Business,77311.0,37.6,1.402,19514.0,Approved,0
APP_02965,Christina Norris,48,High School,Self-Employed,16,4,Married,584786,24760,4,21929,244495,1669108,782,5,0,2,0,829327,24,Home,48732.17,45.0,1.418,2043.17,Approved,1
APP_02966,Frank Johnson,62,Graduate,Salaried,30,1,Married,672395,14610,1,10617,123815,1345454,732,13,0,4,1,595751,84,Home,56032.92,18.95,0.886,30805.92,Approved,0
APP_02967,Brenda Wagner,55,Graduate,Salaried,21,4,Married,852138,38779,1,17838,66489,1859650,792,4,1,3,0,815695,36,Personal,71011.5,25.12,0.957,14394.5,Approved,0
APP_02968,Scott Rodriguez,30,Graduate,Business Owner,3,0,Single,964773,30274,1,10966,311333,2224925,637,8,0,2,2,485999,12,Education,80397.75,13.64,0.504,39157.75,Rejected,1
APP_02969,Deanna Alexander,46,Graduate,Self-Employed,23,2,Married,949179,31519,4,35594,419451,2168155,636,17,0,4,2,674065,120,Education,79098.25,45.0,0.71,11985.25,Rejected,1
APP_02970,Daniel Jennings Jr.,48,Graduate,Salaried,10,3,Married,546859,18753,3,20507,177224,876421,641,1,0,6,1,477623,24,Home,45571.58,45.0,0.873,6311.58,Approved,0
APP_02971,Heather Martinez,32,Graduate,Salaried,0,1,Single,418120,9225,0,0,197942,635746,539,14,1,6,2,294191,84,Personal,34843.33,0.0,0.704,25618.33,Rejected,1
APP_02972,Steven Gonzalez,59,Graduate,Salaried,3,2,Married,863763,32946,0,0,324162,3909435,674,5,0,5,1,1245049,48,Business,71980.25,0.0,1.441,39034.25,Approved,0
APP_02973,Rick Pope,22,High School,Salaried,1,4,Single,757671,24096,3,22994,255366,1132419,710,2,0,7,1,1040156,84,Medical,63139.25,36.42,1.373,16049.25,Approved,0
APP_02974,Cristina Gallegos,57,High School,Salaried,13,3,Married,810636,32274,0,0,229933,2632587,772,12,0,3,0,1076429,24,Personal,67553.0,0.0,1.328,35279.0,Approved,0
APP_02975,Kelsey Vasquez,25,Graduate,Self-Employed,0,1,Single,924579,19410,3,34671,201493,2644572,664,1,0,6,1,1367155,24,Home,77048.25,45.0,1.479,22967.25,Rejected,1
APP_02976,Harold Williams,38,High School,Salaried,0,1,Married,505759,13554,1,9734,269100,1129508,745,9,0,5,3,830250,48,Medical,42146.58,23.1,1.642,18858.58,Approved,1
APP_02977,Amy Robinson,41,Graduate,Salaried,11,1,Single,400334,8680,0,0,68486,1070879,646,15,1,5,4,487384,84,Home,33361.17,0.0,1.217,24681.17,Rejected,1
APP_02978,Taylor Barr,37,Graduate,Salaried,2,3,Married,641369,13410,0,0,10000,995105,640,5,0,2,1,293084,12,Home,53447.42,0.0,0.457,40037.42,Rejected,0
APP_02979,Elizabeth Booth,38,Graduate,Contract,17,4,Single,609486,26653,3,22855,131015,1211976,722,9,0,3,0,393713,12,Education,50790.5,45.0,0.646,1282.5,Approved,0
APP_02980,Daniel Thompson,21,Postgraduate,Business Owner,1,3,Married,378280,13613,1,3784,118972,986948,549,3,0,8,3,466842,12,Vehicle,31523.33,12.0,1.234,14126.33,Rejected,1
APP_02981,Kelly Allison,39,Graduate,Self-Employed,3,2,Married,566390,9973,0,0,125038,2093163,638,8,1,1,0,459743,36,Personal,47199.17,0.0,0.812,37226.17,Approved,1
APP_02982,Jessica Blankenship,57,Postgraduate,Salaried,7,0,Married,323954,6095,4,12148,94654,1058586,701,11,0,6,0,242640,24,Personal,26996.17,45.0,0.749,8753.17,Approved,0
APP_02983,Paul Jenkins,54,High School,Salaried,25,3,Married,649159,13567,1,10335,383887,2608596,626,6,1,1,4,390697,120,Home,54096.58,19.1,0.602,30194.58,Rejected,1
APP_02984,Kathy Cooper,33,Graduate,Business Owner,3,1,Single,1480681,64335,2,20401,690419,3361366,730,9,1,2,0,214415,60,Vehicle,123390.08,16.53,0.145,38654.08,Approved,0
APP_02985,Dakota Murphy,50,Graduate,Business Owner,11,1,Single,934829,24207,3,14777,522704,2426911,656,2,0,7,0,473647,60,Home,77902.42,18.97,0.507,38918.42,Rejected,0
APP_02986,Wanda Ruiz,42,Graduate,Salaried,12,2,Single,709580,19151,4,26609,311963,2004770,627,3,1,2,5,569951,36,Education,59131.67,45.0,0.803,13371.67,Rejected,1
APP_02987,Michelle Garcia,51,Graduate,Self-Employed,19,2,Married,1051732,34255,0,0,373060,2790828,677,12,0,5,1,819928,60,Home,87644.33,0.0,0.78,53389.33,Approved,0
APP_02988,Sabrina Jones,56,Diploma,Salaried,3,0,Single,847081,33972,1,5859,219136,2716744,692,25,0,8,0,1199021,24,Home,70590.08,8.3,1.415,30759.08,Rejected,0
APP_02989,Kenneth Berg,28,Graduate,Salaried,3,2,Married,388453,16013,0,0,164007,752777,661,3,0,6,2,576387,24,Vehicle,32371.08,0.0,1.484,16358.08,Approved,0
APP_02990,Matthew Moore,33,Diploma,Salaried,5,4,Single,967807,21129,3,19700,403457,4003613,643,9,0,4,2,1402066,12,Vehicle,80650.58,24.43,1.449,39821.58,Rejected,1
APP_02991,Thomas Ramirez,43,Graduate,Self-Employed,22,3,Married,895901,39091,4,25606,220913,3337866,835,17,0,6,1,983421,36,Personal,74658.42,34.3,1.098,9961.42,Approved,1
APP_02992,Jessica Schultz,51,Graduate,Salaried,13,1,Married,807232,13714,3,30271,243375,1280709,608,19,0,4,4,312790,60,Vehicle,67269.33,45.0,0.387,23284.33,Rejected,0
APP_02993,Vernon Chavez,23,Graduate,Self-Employed,1,0,Married,690172,23291,2,25881,27891,1941249,570,3,0,7,0,414544,36,Home,57514.33,45.0,0.601,8342.33,Rejected,0
APP_02994,Robert Marshall,32,Graduate,Contract,9,3,Married,330629,7086,1,12398,57773,927327,690,9,0,2,0,143930,120,Personal,27552.42,45.0,0.435,8068.42,Approved,0
APP_02995,Jamie Patrick,37,Diploma,Contract,2,4,Single,519607,11200,3,19485,185503,611672,811,15,0,1,0,406761,60,Home,43300.58,45.0,0.783,12615.58,Approved,0
APP_02996,Heather Casey,58,Graduate,Salaried,27,4,Married,627610,20308,0,0,289468,1393456,791,21,0,8,0,677526,12,Business,52300.83,0.0,1.08,31992.83,Approved,0
APP_02997,Darius Farrell,49,Postgraduate,Salaried,4,2,Single,843812,26498,4,31642,119402,3631970,760,2,0,5,0,736978,48,Business,70317.67,45.0,0.873,12177.67,Approved,0
APP_02998,Denise Hernandez,41,Graduate,Salaried,1,1,Single,420369,9193,3,15763,105432,2100072,584,7,0,1,3,342893,120,Personal,35030.75,45.0,0.816,10074.75,Rejected,1
APP_02999,Christopher Carroll,45,Graduate,Contract,17,3,Single,778595,18799,0,0,132030,1330243,664,15,1,8,3,750595,12,Vehicle,64882.92,0.0,0.964,46083.92,Approved,0
APP_03000,Kevin Willis,49,Graduate,Self-Employed,7,1,Single,514519,17720,1,10942,10000,570448,742,2,1,4,1,163752,48,Vehicle,42876.58,25.52,0.318,14214.58,Approved,0
APP_03001,Rachel Flores,38,Graduate,Self-Employed,6,4,Single,714415,31185,4,26790,320611,1159160,676,8,0,8,0,896086,84,Vehicle,59534.58,45.0,1.254,1559.58,Rejected,1
APP_03002,Richard Morales,65,Graduate,Salaried,3,0,Married,515727,20776,2,19339,132434,934025,645,11,0,8,6,391160,60,Business,42977.25,45.0,0.758,2862.25,Rejected,1
APP_03003,Charles Garcia,59,Diploma,Self-Employed,3,2,Single,1255898,45282,3,21913,305926,3349950,682,1,0,6,0,949012,24,Vehicle,104658.17,20.94,0.756,37463.17,Approved,0
APP_03004,Laura Garner DVM,46,Graduate,Salaried,8,0,Married,226560,6248,0,0,10998,183253,733,3,1,6,0,353008,84,Personal,18880.0,0.0,1.558,12632.0,Rejected,0
APP_03005,Destiny Bennett,54,Diploma,Salaried,11,0,Married,602438,27474,4,22591,307655,1683993,758,9,0,2,0,700700,24,Home,50203.17,45.0,1.163,138.17,Approved,0
APP_03006,Bryan Fernandez,46,Graduate,Contract,3,4,Married,450601,10468,2,16897,67570,1060739,652,7,0,5,1,353446,48,Personal,37550.08,45.0,0.784,10185.08,Approved,0
APP_03007,Stanley Compton,46,Graduate,Salaried,26,1,Single,454857,16497,3,17057,135421,689733,616,9,0,6,2,612953,84,Business,37904.75,45.0,1.348,4350.75,Rejected,1
APP_03008,Charles Long,43,Postgraduate,Self-Employed,20,2,Married,795647,32954,2,27058,228102,1706832,718,16,0,3,1,841567,36,Personal,66303.92,40.81,1.058,6291.92,Rejected,1
APP_03009,Patricia Wright,55,Graduate,Self-Employed,22,2,Single,767591,19861,2,15146,202160,34158,712,16,0,4,1,585224,12,Vehicle,63965.92,23.68,0.762,28958.92,Approved,0
APP_03010,David Padilla,39,Graduate,Salaried,4,0,Married,712236,23027,2,25055,252138,2166847,655,9,0,1,0,513101,24,Personal,59353.0,42.21,0.72,11271.0,Approved,0
APP_03011,Angela Hill,39,Graduate,Salaried,3,4,Single,909851,24295,4,34119,317479,3333122,705,9,0,3,1,576422,120,Home,75820.92,45.0,0.634,17406.92,Approved,0
APP_03012,Karen Kline,52,Postgraduate,Salaried,15,4,Married,606141,14721,3,22730,177136,2359250,626,5,0,8,2,758730,36,Business,50511.75,45.0,1.252,13060.75,Rejected,0
APP_03013,Tiffany Stein,56,Graduate,Business Owner,27,3,Single,372022,6550,1,13950,106605,839985,615,13,1,8,6,389519,36,Vehicle,31001.83,45.0,1.047,10501.83,Rejected,1
APP_03014,Lisa Nelson,40,Postgraduate,Salaried,7,2,Single,654444,20589,0,0,155473,2125657,612,10,0,2,6,497311,120,Personal,54537.0,0.0,0.76,33948.0,Approved,0
APP_03015,Kari Fernandez,27,Graduate,Salaried,0,0,Married,753190,14623,3,28244,10000,2989121,665,9,0,6,0,1043494,48,Personal,62765.83,45.0,1.385,19898.83,Approved,0
APP_03016,Melissa Martinez,32,Diploma,Salaried,9,2,Single,626994,12189,1,11956,54136,1638204,699,4,1,1,0,893927,24,Home,52249.5,22.88,1.426,28104.5,Rejected,0
APP_03017,Charles Hart,57,Diploma,Salaried,19,4,Married,545438,22301,4,20453,85025,0,693,18,0,8,0,610204,24,Personal,45453.17,45.0,1.119,2699.17,Rejected,1
APP_03018,Marilyn Roberts,59,Graduate,Business Owner,10,4,Married,1556173,42581,4,46329,124696,2146206,601,9,0,6,5,1651299,60,Education,129681.08,35.73,1.061,40771.08,Rejected,1
APP_03019,Kimberly Hanson,31,Diploma,Self-Employed,6,0,Married,819082,35579,3,23902,260126,1527734,658,4,0,4,2,545461,60,Personal,68256.83,35.02,0.666,8775.83,Approved,0
APP_03020,Justin Tran,50,Diploma,Salaried,19,0,Married,785268,16087,0,0,264084,1841702,653,12,0,7,0,1007037,36,Business,65439.0,0.0,1.282,49352.0,Approved,1
APP_03021,Jimmy Douglas,51,Graduate,Salaried,8,0,Married,905919,27580,0,0,514946,3155134,770,15,0,7,1,1022402,48,Vehicle,75493.25,0.0,1.129,47913.25,Approved,0
APP_03022,Madison Dalton,52,Postgraduate,Salaried,25,0,Single,615225,26105,1,3597,165763,1279556,685,1,0,1,0,310508,48,Business,51268.75,7.02,0.505,21566.75,Approved,0
APP_03023,James Smith,32,Graduate,Business Owner,0,4,Married,491973,20884,2,18448,13952,1572358,682,7,0,7,1,423430,36,Personal,40997.75,45.0,0.861,1665.75,Approved,0
APP_03024,Mark Smith,60,Postgraduate,Contract,14,2,Married,518341,22294,1,7420,123900,1323455,509,23,0,1,5,435045,60,Home,43195.08,17.18,0.839,13481.08,Rejected,1
APP_03025,Caroline Green,51,High School,Salaried,10,0,Married,570722,25018,4,21402,205246,1322623,637,8,0,5,2,251463,36,Education,47560.17,45.0,0.441,1140.17,Rejected,1
APP_03026,Andrew Wilson,46,Diploma,Salaried,17,2,Married,973463,31327,3,23423,117996,2949473,556,19,0,2,4,255062,84,Education,81121.92,28.87,0.262,26371.92,Rejected,1
APP_03027,Mrs. Beth Molina MD,60,Postgraduate,Salaried,8,3,Married,635779,13397,3,23841,271172,1889287,628,8,0,5,0,599666,36,Education,52981.58,45.0,0.943,15743.58,Rejected,0
APP_03028,Jacqueline Lee,22,Graduate,Salaried,0,1,Married,771750,12933,1,17837,235775,1026185,784,4,0,5,1,281076,48,Medical,64312.5,27.73,0.364,33542.5,Approved,0
APP_03029,Katherine Fisher,46,Graduate,Salaried,4,0,Married,566746,20478,4,21252,313892,1622870,801,8,0,2,0,250582,84,Vehicle,47228.83,45.0,0.442,5498.83,Approved,0
APP_03030,Anthony Sharp,47,Graduate,Business Owner,26,4,Single,1243969,25162,3,15897,394200,1601278,766,2,0,6,0,1136303,36,Home,103664.08,15.34,0.913,62605.08,Approved,0
APP_03031,Rhonda Campbell,35,High School,Salaried,9,2,Single,963106,25418,3,36116,165406,298090,679,13,0,4,0,1302714,84,Business,80258.83,45.0,1.353,18724.83,Approved,1
APP_03032,David Simmons,28,High School,Salaried,3,1,Single,731844,32723,4,27444,239099,1022654,679,4,0,6,1,509449,12,Vehicle,60987.0,45.0,0.696,820.0,Approved,1
APP_03033,Crystal Holmes,24,Diploma,Contract,1,2,Married,538954,22963,3,20210,125160,2046875,599,3,1,3,3,886210,84,Business,44912.83,45.0,1.644,1739.83,Rejected,1
APP_03034,Mark Clark,55,Graduate,Salaried,15,3,Married,1040937,23701,4,39035,239227,4353506,605,5,0,3,6,704159,36,Home,86744.75,45.0,0.676,24008.75,Rejected,1
APP_03035,Mr. Zachary Mcdaniel Jr.,28,Postgraduate,Salaried,4,2,Married,1031941,46160,3,38697,234421,4201269,678,7,0,8,1,1350667,84,Personal,85995.08,45.0,1.309,1138.08,Approved,1
APP_03036,Cindy Sanchez,24,High School,Salaried,1,0,Married,923946,37346,4,33550,213967,3092137,743,6,0,5,2,986212,24,Home,76995.5,43.57,1.067,6099.5,Approved,1
APP_03037,Erica Lane,48,High School,Salaried,11,3,Single,447120,15307,4,16767,80225,246189,646,2,1,3,5,339535,24,Home,37260.0,45.0,0.759,5186.0,Rejected,1
APP_03038,Maria Salas,48,Graduate,Business Owner,5,2,Single,1774021,70653,4,40633,594708,4178208,677,11,0,5,1,615816,84,Personal,147835.08,27.49,0.347,36549.08,Approved,0
APP_03039,Elizabeth Gonzales,26,Graduate,Contract,5,0,Married,512227,19866,4,19208,219004,1335833,700,1,0,5,2,493094,48,Vehicle,42685.58,45.0,0.963,3611.58,Approved,0
APP_03040,Heather Davis,47,Diploma,Self-Employed,9,2,Married,962405,28050,2,27646,553875,2717568,652,13,0,2,1,216509,84,Education,80200.42,34.47,0.225,24504.42,Approved,0
APP_03041,Brian Hancock,41,Graduate,Salaried,8,4,Married,456970,8765,0,0,218646,1331500,650,1,0,3,0,412194,36,Home,38080.83,0.0,0.902,29315.83,Approved,0
APP_03042,Gail Miller,36,Graduate,Salaried,1,4,Married,531616,14489,2,16245,120228,884946,639,16,0,1,6,586848,24,Vehicle,44301.33,36.67,1.104,13567.33,Rejected,1
APP_03043,Ashley Dyer,61,Graduate,Salaried,7,4,Married,891344,19366,1,15521,261874,1430674,690,2,1,2,2,911771,120,Personal,74278.67,20.9,1.023,39391.67,Rejected,1
APP_03044,Rebecca Juarez,21,Graduate,Salaried,1,0,Single,597838,12668,0,0,163440,1514934,768,2,0,6,0,351286,24,Vehicle,49819.83,0.0,0.588,37151.83,Approved,0
APP_03045,Joseph Williams,37,Graduate,Salaried,1,3,Married,509137,10474,4,19092,91642,767056,525,11,0,3,3,696434,120,Vehicle,42428.08,45.0,1.368,12862.08,Rejected,1
APP_03046,Tammy Cooper,31,Graduate,Business Owner,10,3,Married,1217404,33363,4,45652,536044,4047910,681,11,0,2,0,308531,60,Vehicle,101450.33,45.0,0.253,22435.33,Approved,0
APP_03047,Alicia Peters,42,High School,Self-Employed,3,2,Married,616937,21551,0,0,58250,2268968,764,11,0,2,0,859978,12,Vehicle,51411.42,0.0,1.394,29860.42,Approved,0
APP_03048,Arthur Collins DVM,54,Graduate,Business Owner,1,3,Single,973092,21122,0,0,364798,2219843,588,24,0,3,2,963552,48,Business,81091.0,0.0,0.99,59969.0,Rejected,0
APP_03049,Samantha Anderson,54,Graduate,Salaried,2,2,Married,966386,40996,1,17934,316876,1711203,683,8,0,1,1,1291397,84,Personal,80532.17,22.27,1.336,21602.17,Rejected,0
APP_03050,Anna Guzman,48,Graduate,Salaried,23,0,Married,427342,19398,3,16025,97333,904322,743,8,0,2,1,575655,60,Personal,35611.83,45.0,1.347,188.83,Approved,1
APP_03051,Daniel Campbell,43,Diploma,Self-Employed,15,4,Married,950725,35493,3,35652,250806,1061919,630,22,1,4,0,221280,24,Personal,79227.08,45.0,0.233,8082.08,Rejected,1
APP_03052,Robert Torres,21,Graduate,Salaried,1,3,Single,441113,8493,1,16541,133728,579331,667,2,0,8,3,172884,84,Medical,36759.42,45.0,0.392,11725.42,Rejected,0
APP_03053,John Brooks,43,Graduate,Salaried,5,4,Married,735909,13924,0,0,417475,1522097,724,16,0,7,2,886327,60,Personal,61325.75,0.0,1.204,47401.75,Approved,0
APP_03054,Sierra Rivera DDS,50,Postgraduate,Business Owner,17,2,Single,1374748,45471,1,8118,418361,2110222,704,6,0,1,0,1566514,24,Vehicle,114562.33,7.09,1.139,60973.33,Approved,0
APP_03055,Cheyenne Chapman,30,Graduate,Salaried,1,3,Married,438173,9547,1,16039,54523,1274413,618,6,0,5,1,608533,12,Vehicle,36514.42,43.93,1.389,10928.42,Rejected,1
APP_03056,Crystal Hamilton,51,Postgraduate,Salaried,15,3,Married,932991,35138,4,34987,240894,3997094,733,6,0,1,1,1175724,60,Personal,77749.25,45.0,1.26,7624.25,Approved,1
APP_03057,Joseph Duncan,57,High School,Self-Employed,30,2,Single,679264,20791,3,25472,216571,1384096,579,1,0,5,2,984164,84,Home,56605.33,45.0,1.449,10342.33,Rejected,1
APP_03058,Karen Rogers,50,Graduate,Salaried,30,0,Married,295510,8447,2,11081,116619,711984,659,14,0,6,2,326042,48,Vehicle,24625.83,45.0,1.103,5097.83,Rejected,0
APP_03059,Casey Cunningham,43,Graduate,Salaried,5,1,Married,281127,10564,1,10542,64922,1045481,603,24,1,6,5,304657,36,Home,23427.25,45.0,1.084,2321.25,Rejected,1
APP_03060,Anna Townsend,51,High School,Salaried,9,4,Married,764555,22017,1,12014,320494,3811705,701,17,0,7,3,98836,60,Education,63712.92,18.86,0.129,29681.92,Approved,0
APP_03061,Sylvia Chung,55,Postgraduate,Salaried,20,3,Single,874094,23280,4,32778,92380,3821217,806,17,0,7,1,1253342,12,Education,72841.17,45.0,1.434,16783.17,Approved,0
APP_03062,Mrs. Amy Harvey,35,Graduate,Contract,12,2,Single,522229,21957,0,0,165639,1838717,714,1,0,1,1,255690,48,Medical,43519.08,0.0,0.49,21562.08,Approved,0
APP_03063,Amy Lopez,42,Graduate,Self-Employed,0,0,Single,1048596,20864,0,0,140590,2778328,722,24,0,8,0,991608,60,Home,87383.0,0.0,0.946,66519.0,Approved,0
APP_03064,Sonya Smith,42,Postgraduate,Business Owner,11,4,Single,1229710,54445,1,12255,281644,5357912,752,12,0,5,1,694725,24,Medical,102475.83,11.96,0.565,35775.83,Approved,0
APP_03065,Michael Reynolds,28,Postgraduate,Salaried,2,0,Married,756237,19838,4,28358,249499,2155437,770,5,0,4,1,776803,60,Education,63019.75,45.0,1.027,14823.75,Approved,1
APP_03066,Rebecca Ramsey,64,Postgraduate,Salaried,25,4,Married,510453,10152,4,19141,118660,2338298,799,13,0,6,0,564812,48,Personal,42537.75,45.0,1.106,13244.75,Rejected,0
APP_03067,Kenneth Ruiz,54,Diploma,Business Owner,6,2,Married,1347348,56622,2,18881,603322,4102373,767,13,0,1,0,451251,60,Medical,112279.0,16.82,0.335,36776.0,Approved,0
APP_03068,David Campbell,22,Graduate,Self-Employed,2,1,Single,386786,16535,4,14504,175650,1787152,625,4,0,8,6,137259,36,Personal,32232.17,45.0,0.355,1193.17,Approved,1
APP_03069,Shannon Jones,40,High School,Salaried,12,3,Married,555321,25427,0,0,138001,2348834,692,19,0,5,1,87430,60,Vehicle,46276.75,0.0,0.157,20849.75,Approved,0
APP_03070,Victoria Lee,40,Postgraduate,Self-Employed,7,3,Single,627111,28344,2,21420,257677,1823448,711,11,0,5,1,632647,120,Home,52259.25,40.99,1.009,2495.25,Rejected,0
APP_03071,Annette Delgado,43,Graduate,Salaried,3,0,Married,432343,10711,0,0,195566,1442170,784,1,0,1,0,585683,84,Medical,36028.58,0.0,1.355,25317.58,Approved,0
APP_03072,Christopher Lewis,57,Graduate,Contract,13,3,Single,802870,18346,0,0,278351,3141707,795,25,0,3,0,1261184,120,Personal,66905.83,0.0,1.571,48559.83,Approved,0
APP_03073,Bailey Spencer,41,Diploma,Self-Employed,15,3,Single,615270,13351,4,23072,61848,1810980,690,14,0,1,0,426120,24,Business,51272.5,45.0,0.693,14849.5,Approved,0
APP_03074,Casey Pham,62,Postgraduate,Self-Employed,28,3,Single,941836,42320,4,35318,213045,1313175,647,19,0,5,4,931500,36,Vehicle,78486.33,45.0,0.989,848.33,Rejected,1
APP_03075,Benjamin Sandoval,44,Postgraduate,Business Owner,13,1,Single,1040949,20991,3,24232,41219,2214273,723,12,0,5,3,1181851,36,Home,86745.75,27.93,1.135,41522.75,Approved,0
APP_03076,William Clark,31,Diploma,Salaried,8,2,Married,615065,11384,0,0,253766,1296311,765,2,0,1,0,430706,48,Personal,51255.42,0.0,0.7,39871.42,Approved,0
APP_03077,Cassandra Simpson,28,Diploma,Salaried,3,1,Married,972114,29077,1,16693,418722,2864057,591,4,0,6,3,976975,84,Vehicle,81009.5,20.61,1.005,35239.5,Approved,1
APP_03078,Alan Montgomery,52,Graduate,Business Owner,11,2,Married,1375910,30936,4,51596,148655,2539215,680,10,0,2,0,589770,24,Business,114659.17,45.0,0.429,32127.17,Approved,0
APP_03079,Leslie Banks,55,Graduate,Salaried,17,1,Married,812433,23909,1,11965,170226,1852318,681,9,1,4,2,243428,12,Education,67702.75,17.67,0.3,31828.75,Rejected,1
APP_03080,Cindy Edwards,36,Graduate,Contract,3,4,Married,413915,14858,4,15521,102475,541828,710,14,0,3,1,468600,60,Medical,34492.92,45.0,1.132,4113.92,Approved,1
APP_03081,Juan Martin,54,Postgraduate,Salaried,28,1,Single,688641,24454,0,0,162430,2368016,633,25,1,2,5,555654,60,Home,57386.75,0.0,0.807,32932.75,Rejected,1
APP_03082,Brittney Mccall,49,Diploma,Salaried,18,3,Married,622934,28536,2,7866,120426,1283223,664,4,0,7,0,1081050,12,Vehicle,51911.17,15.15,1.735,15509.17,Rejected,0
APP_03083,Renee Smith,38,Diploma,Self-Employed,0,0,Married,1203472,29761,0,0,509190,3984682,622,14,0,2,5,1545898,48,Medical,100289.33,0.0,1.285,70528.33,Rejected,1
APP_03084,Margaret Johnson,47,Diploma,Self-Employed,8,3,Single,971976,23394,2,16618,531469,2070958,666,17,0,2,1,1535423,12,Personal,80998.0,20.52,1.58,40986.0,Approved,0
APP_03085,Michael Rosario,37,Postgraduate,Salaried,17,4,Single,833353,25781,0,0,505690,2433015,769,3,0,4,0,815606,84,Vehicle,69446.08,0.0,0.979,43665.08,Approved,0
APP_03086,Debra Torres,58,Graduate,Self-Employed,31,1,Married,643681,25685,0,0,231350,850501,579,11,1,5,0,975903,120,Personal,53640.08,0.0,1.516,27955.08,Rejected,0
APP_03087,Steven Williams,63,High School,Contract,19,1,Married,552645,17297,3,20724,181664,853970,712,25,0,7,0,469572,24,Personal,46053.75,45.0,0.85,8032.75,Rejected,0
APP_03088,Cindy Porter,27,Postgraduate,Salaried,7,1,Single,822928,34611,1,17017,269983,1708997,842,8,0,4,1,1196326,12,Business,68577.33,24.81,1.454,16949.33,Approved,0
APP_03089,Brittany May,44,Diploma,Salaried,4,1,Married,876702,31327,4,32876,420941,1561797,685,20,0,7,0,412991,84,Business,73058.5,45.0,0.471,8855.5,Rejected,0
APP_03090,Donald Price,50,Diploma,Salaried,8,3,Married,509549,12919,2,17311,120404,544932,570,20,1,4,3,296048,60,Vehicle,42462.42,40.77,0.581,12232.42,Rejected,1
APP_03091,Mrs. Sandra Bowers,53,Diploma,Salaried,1,2,Married,600587,16112,0,0,10000,2331300,692,2,0,4,2,893768,48,Personal,50048.92,0.0,1.488,33936.92,Approved,0
APP_03092,Jonathan Petty,31,Diploma,Salaried,9,2,Married,663905,16047,0,0,113929,1489506,649,3,0,5,1,403634,48,Vehicle,55325.42,0.0,0.608,39278.42,Approved,0
APP_03093,Emily Proctor,60,Graduate,Salaried,13,3,Single,566381,21000,2,20402,209864,1307183,714,6,0,6,4,364409,24,Vehicle,47198.42,43.23,0.643,5796.42,Approved,0
APP_03094,Courtney Hart PhD,49,Graduate,Business Owner,21,2,Single,715144,16247,4,26817,389226,658852,736,15,0,2,0,787797,120,Personal,59595.33,45.0,1.102,16531.33,Approved,0
APP_03095,Rebecca Tran,58,Graduate,Self-Employed,0,0,Married,624505,13940,4,23418,130545,2406333,631,15,0,6,1,321523,48,Business,52042.08,45.0,0.515,14684.08,Rejected,1
APP_03096,Alex Smith,27,Postgraduate,Business Owner,1,1,Married,1101107,46067,4,41291,120000,3384117,657,1,0,3,0,1471097,60,Home,91758.92,45.0,1.336,4400.92,Approved,1
APP_03097,Eric Butler,62,Graduate,Self-Employed,21,4,Married,366465,13521,0,0,111519,692516,740,20,0,6,2,353516,36,Personal,30538.75,0.0,0.965,17017.75,Approved,0
APP_03098,Joseph Hunter III,53,Graduate,Self-Employed,1,2,Single,686134,12271,4,25730,23046,931505,690,2,0,8,1,920856,48,Personal,57177.83,45.0,1.342,19176.83,Rejected,1
APP_03099,Kimberly Stevens,25,High School,Business Owner,0,1,Married,843062,30139,4,31614,314152,2013555,684,1,1,3,0,960773,48,Education,70255.17,45.0,1.14,8502.17,Rejected,1
APP_03100,Travis Hunter,37,High School,Salaried,11,1,Married,712224,11889,0,0,91364,1387176,724,6,0,2,0,315620,120,Home,59352.0,0.0,0.443,47463.0,Approved,0
APP_03101,Timothy Sanders,42,Postgraduate,Salaried,10,1,Married,815783,25188,3,30591,217721,405371,753,10,0,7,0,1005966,60,Medical,67981.92,45.0,1.233,12202.92,Approved,0
APP_03102,Stephen Matthews,62,Graduate,Salaried,2,3,Single,573051,19872,0,0,206209,1600314,620,18,0,5,4,191452,120,Vehicle,47754.25,0.0,0.334,27882.25,Rejected,0
APP_03103,Gary White,23,Diploma,Salaried,2,2,Married,513767,9690,0,0,113394,1280557,668,4,0,7,1,244292,48,Home,42813.92,0.0,0.475,33123.92,Approved,0
APP_03104,Alexandra Shelton,47,Graduate,Business Owner,14,1,Single,776448,20874,2,29116,428803,2806345,729,3,1,3,1,683064,24,Personal,64704.0,45.0,0.88,14714.0,Rejected,0
APP_03105,Kelly Chen,63,Graduate,Salaried,17,2,Married,491626,11974,4,18435,107210,1763,594,8,0,8,5,621253,60,Personal,40968.83,45.0,1.264,10559.83,Rejected,1
APP_03106,Roberto Carter,36,Graduate,Salaried,12,4,Single,649215,14569,2,24231,23897,1736311,700,7,0,2,1,811448,84,Personal,54101.25,44.79,1.25,15301.25,Approved,0
APP_03107,Kenneth Glenn,22,High School,Salaried,1,0,Married,651595,15511,1,9376,180074,2368767,592,1,0,8,2,640363,24,Education,54299.58,17.27,0.983,29412.58,Rejected,1
APP_03108,Erica Harris,40,Diploma,Contract,0,4,Single,553867,16741,0,0,259564,1620065,683,16,0,5,1,264720,12,Vehicle,46155.58,0.0,0.478,29414.58,Approved,0
APP_03109,Sophia Richardson,51,Diploma,Business Owner,1,1,Married,915347,17456,2,28557,306126,1826307,701,5,0,5,0,579388,120,Home,76278.92,37.44,0.633,30265.92,Approved,0
APP_03110,Joshua Black,34,Graduate,Salaried,4,3,Single,562153,17748,2,16251,206531,1960249,759,9,0,1,0,477479,60,Business,46846.08,34.69,0.849,12847.08,Approved,0
APP_03111,Shawn Wilson,31,Postgraduate,Salaried,3,4,Married,859686,31755,3,32238,428906,1391939,522,1,1,4,4,369869,48,Personal,71640.5,45.0,0.43,7647.5,Rejected,1
APP_03112,Sharon Carter,22,Graduate,Salaried,1,3,Single,697261,24159,4,26147,78634,2378824,729,2,0,6,1,641508,48,Business,58105.08,45.0,0.92,7799.08,Rejected,1
APP_03113,Leah Boone,28,Diploma,Contract,0,1,Married,442796,17539,1,6365,153210,540902,632,4,1,4,1,579904,84,Personal,36899.67,17.25,1.31,12995.67,Rejected,1
APP_03114,Dennis White,46,Graduate,Business Owner,22,0,Married,828139,36783,2,7765,183138,1225752,702,18,0,4,0,1081073,12,Vehicle,69011.58,11.25,1.305,24463.58,Approved,0
APP_03115,Daniel Stanley,24,Postgraduate,Salaried,1,1,Single,499764,18043,1,14424,55457,844705,767,1,0,2,0,563694,24,Personal,41647.0,34.63,1.128,9180.0,Approved,0
APP_03116,Erin Williams,34,Graduate,Salaried,0,3,Single,781335,35808,0,0,271876,2279767,569,9,0,4,2,927751,120,Education,65111.25,0.0,1.187,29303.25,Rejected,1
APP_03117,Audrey Johnson,65,Graduate,Business Owner,27,3,Married,1213720,20880,3,43785,118746,4051437,768,13,0,8,1,1513896,60,Personal,101143.33,43.29,1.247,36478.33,Approved,0
APP_03118,Derrick Pittman,32,Postgraduate,Self-Employed,3,1,Married,873460,21993,4,23938,210636,516578,694,2,0,7,4,1287251,84,Business,72788.33,32.89,1.474,26857.33,Rejected,0
APP_03119,Cassandra Santana,22,Graduate,Contract,1,4,Single,665076,27398,2,13037,261300,1401824,710,2,0,2,1,399797,84,Personal,55423.0,23.52,0.601,14988.0,Rejected,0
APP_03120,Kayla Butler,25,High School,Self-Employed,5,1,Single,394682,12372,3,14800,76155,530361,766,1,0,5,0,234465,36,Personal,32890.17,45.0,0.594,5718.17,Approved,0
APP_03121,Christopher Torres,58,Postgraduate,Self-Employed,31,2,Single,437996,12696,1,10704,140648,1288022,665,13,0,3,0,110352,48,Home,36499.67,29.33,0.252,13099.67,Approved,0
APP_03122,James Sellers,38,Graduate,Salaried,15,4,Married,603382,10644,2,20498,306700,824970,596,19,1,3,1,277290,24,Business,50281.83,40.77,0.46,19139.83,Rejected,1
APP_03123,Mrs. Nancy Ryan DDS,64,Diploma,Self-Employed,5,3,Married,988724,29420,3,25896,442267,2411786,734,7,1,2,0,941465,120,Business,82393.67,31.43,0.952,27077.67,Approved,0
APP_03124,Russell George,49,Postgraduate,Business Owner,27,0,Married,725293,24930,0,0,171766,1132246,761,23,0,8,0,1002934,36,Education,60441.08,0.0,1.383,35511.08,Approved,0
APP_03125,Andrew Thompson,34,Postgraduate,Contract,9,3,Married,544590,17166,1,10253,143786,671792,601,9,0,1,1,320133,84,Business,45382.5,22.59,0.588,17963.5,Approved,0
APP_03126,Lisa Jordan,61,High School,Self-Employed,7,2,Married,674971,14109,3,23248,269597,2511391,716,25,0,7,0,696368,24,Business,56247.58,41.33,1.032,18890.58,Rejected,0
APP_03127,Jennifer Oconnor,49,Graduate,Salaried,8,0,Single,677490,28430,1,3747,187272,789003,672,20,0,4,0,838029,12,Vehicle,56457.5,6.64,1.237,24280.5,Approved,0
APP_03128,Nathan Owens,32,Graduate,Self-Employed,10,1,Married,955474,40751,3,32802,110119,2353485,645,14,0,7,2,910902,60,Business,79622.83,41.2,0.953,6069.83,Approved,1
APP_03129,Mary Walker,62,Postgraduate,Business Owner,12,4,Married,1073820,41019,4,32135,366840,1429597,645,1,0,3,4,1326082,48,Education,89485.0,35.91,1.235,16331.0,Rejected,1
APP_03130,Henry Santos,25,Graduate,Salaried,5,2,Married,526814,12509,3,19755,181186,1236873,680,1,1,2,0,712648,48,Medical,43901.17,45.0,1.353,11637.17,Rejected,1
APP_03131,Morgan Castillo,52,Graduate,Salaried,18,4,Single,785902,24087,3,29471,245365,2589115,703,23,0,4,1,266245,120,Vehicle,65491.83,45.0,0.339,11933.83,Approved,0
APP_03132,Catherine Parrish,63,Diploma,Salaried,15,2,Married,180000,8245,3,6750,48631,377149,608,19,1,7,2,109578,36,Vehicle,15000.0,45.0,0.609,5.0,Rejected,1
APP_03133,Jessica Escobar,45,Graduate,Business Owner,14,0,Married,365204,10821,3,13695,112378,873939,766,14,0,4,0,125055,120,Home,30433.67,45.0,0.342,5917.67,Rejected,1
APP_03134,Brenda Odonnell,48,Postgraduate,Salaried,12,3,Married,648832,26163,2,24331,204483,1924015,724,24,0,3,1,283493,24,Personal,54069.33,45.0,0.437,3575.33,Approved,0
APP_03135,Richard Fernandez,52,Postgraduate,Salaried,16,3,Single,1031786,21121,3,28989,107392,2639349,623,22,0,5,6,923839,12,Education,85982.17,33.72,0.895,35872.17,Rejected,1
APP_03136,Lauren Gonzalez,30,Graduate,Salaried,9,3,Married,517276,13557,2,18246,63494,1077246,722,2,1,1,1,500779,12,Personal,43106.33,42.33,0.968,11303.33,Rejected,0
APP_03137,Terry Kane,55,Diploma,Business Owner,16,3,Married,764368,17579,4,28663,124640,1782952,633,4,1,7,1,927634,120,Personal,63697.33,45.0,1.214,17455.33,Rejected,1
APP_03138,Shawn Bullock,21,Postgraduate,Salaried,1,3,Single,491131,17070,0,0,113068,1026357,730,3,0,5,3,205884,24,Business,40927.58,0.0,0.419,23857.58,Approved,0
APP_03139,Dorothy Jones,32,High School,Business Owner,5,1,Single,1424774,54930,2,26700,80538,1833778,674,14,0,3,0,592889,84,Personal,118731.17,22.49,0.416,37101.17,Approved,0
APP_03140,Adrian Ball,53,Graduate,Self-Employed,13,1,Single,545517,19710,0,0,36586,1491642,688,10,1,2,1,144350,84,Business,45459.75,0.0,0.265,25749.75,Approved,0
APP_03141,Sandra Hancock,39,Diploma,Salaried,4,1,Married,455567,7596,1,16342,183323,1495359,638,17,1,2,6,622067,48,Vehicle,37963.92,43.05,1.365,14025.92,Rejected,1
APP_03142,Sarah Salazar,48,Graduate,Salaried,27,2,Single,469649,10518,4,17611,158203,1570659,812,24,0,4,0,623097,48,Home,39137.42,45.0,1.327,11008.42,Approved,0
APP_03143,Megan Gillespie,51,Graduate,Salaried,22,4,Married,456409,12738,2,17115,197014,1359989,637,14,1,6,5,390610,84,Medical,38034.08,45.0,0.856,8181.08,Rejected,1
APP_03144,Michelle Parker,43,Graduate,Salaried,15,2,Married,723074,21116,1,6056,367010,2421757,751,24,0,8,0,481693,48,Education,60256.17,10.05,0.666,33084.17,Approved,0
APP_03145,Brandon Harris,63,Postgraduate,Self-Employed,23,3,Single,479199,18938,0,0,168562,1401268,594,17,0,8,4,239966,24,Vehicle,39933.25,0.0,0.501,20995.25,Rejected,1
APP_03146,Troy Avila,32,Postgraduate,Self-Employed,5,2,Single,704046,26339,2,25036,123219,1389073,569,14,0,2,1,991141,60,Business,58670.5,42.67,1.408,7295.5,Rejected,1
APP_03147,Tiffany Rodriguez,46,Graduate,Salaried,4,1,Married,402332,15868,4,15087,104820,1737178,685,19,0,3,1,238012,120,Vehicle,33527.67,45.0,0.592,2572.67,Approved,0
APP_03148,Joseph Turner,62,High School,Contract,7,0,Single,407190,13521,1,5805,178769,581024,580,3,1,6,4,76335,60,Personal,33932.5,17.11,0.187,14606.5,Rejected,1
APP_03149,Rebecca Jackson,54,Graduate,Business Owner,26,1,Single,1677270,59221,0,0,236237,7005721,730,25,0,6,0,1249457,24,Personal,139772.5,0.0,0.745,80551.5,Approved,0
APP_03150,Michael Reed,63,Graduate,Business Owner,21,4,Single,635338,24468,0,0,257343,747628,810,6,0,7,0,50000,48,Home,52944.83,0.0,0.079,28476.83,Approved,0
APP_03151,Patricia Andrews,45,Diploma,Contract,25,1,Married,363518,14019,2,13631,40462,1085147,660,1,1,7,0,171169,120,Vehicle,30293.17,45.0,0.471,2643.17,Rejected,1
APP_03152,Maureen Anderson,44,Postgraduate,Salaried,20,1,Single,523507,12397,2,19631,190047,2213867,739,17,0,3,1,446194,84,Medical,43625.58,45.0,0.852,11597.58,Approved,0
APP_03153,Jennifer Weiss,40,Graduate,Salaried,8,1,Single,331685,6916,3,12438,109111,131228,696,16,1,5,0,344679,60,Vehicle,27640.42,45.0,1.039,8286.42,Rejected,1
APP_03154,Jeffrey Norton,26,Postgraduate,Salaried,1,1,Married,522159,15732,4,19580,201139,1243539,652,7,1,3,0,213343,60,Medical,43513.25,45.0,0.409,8201.25,Rejected,1
APP_03155,Donna Small,37,Diploma,Self-Employed,6,4,Single,1004450,19277,4,37666,167098,717612,694,6,0,6,4,1215110,12,Home,83704.17,45.0,1.21,26761.17,Rejected,0
APP_03156,Alicia Williams,57,Graduate,Self-Employed,10,4,Married,733164,22352,0,0,271241,1542134,783,9,0,8,2,683832,120,Personal,61097.0,0.0,0.933,38745.0,Approved,0
APP_03157,Darrell Welch,64,Diploma,Salaried,18,1,Married,456025,12827,4,17100,111230,976098,641,5,0,6,1,389542,36,Home,38002.08,45.0,0.854,8075.08,Rejected,0
APP_03158,William Smith,30,Diploma,Self-Employed,10,1,Single,909817,34789,0,0,87465,1008572,678,5,0,1,1,778754,48,Vehicle,75818.08,0.0,0.856,41029.08,Approved,0
APP_03159,Charlotte Adams,36,Diploma,Salaried,11,4,Married,366988,15913,4,13762,163126,567021,721,14,0,7,4,117802,36,Education,30582.33,45.0,0.321,907.33,Approved,0
APP_03160,Ian Winters,40,Graduate,Self-Employed,13,4,Married,859650,21506,1,12089,131728,2488054,753,20,0,2,0,407014,84,Medical,71637.5,16.88,0.473,38042.5,Approved,0
APP_03161,Tracey Mccullough,58,Graduate,Self-Employed,2,3,Single,820896,18214,1,8574,468000,3100232,706,10,0,1,1,727254,24,Business,68408.0,12.53,0.886,41620.0,Approved,0
APP_03162,Rebecca Richardson,26,Graduate,Self-Employed,5,3,Married,891790,27222,1,6831,340148,2100944,767,8,0,1,0,878672,60,Vehicle,74315.83,9.19,0.985,40262.83,Approved,0
APP_03163,Lori Wyatt,61,Diploma,Business Owner,5,1,Married,1033815,34456,3,33446,295244,1948556,727,14,0,7,1,99961,120,Vehicle,86151.25,38.82,0.097,18249.25,Approved,0
APP_03164,Michelle Schultz,25,Postgraduate,Salaried,2,4,Married,569644,24820,0,0,164115,1747463,768,2,0,2,1,266609,120,Personal,47470.33,0.0,0.468,22650.33,Approved,0
APP_03165,Amanda Patel,31,Graduate,Salaried,5,0,Single,795258,19452,3,29822,170524,2419404,780,1,0,3,0,943669,12,Personal,66271.5,45.0,1.187,16997.5,Rejected,0
APP_03166,Bryan Fuentes,25,Postgraduate,Salaried,2,2,Single,665555,12127,0,0,52989,1452404,645,4,0,7,5,757475,60,Personal,55462.92,0.0,1.138,43335.92,Rejected,0
APP_03167,William Thomas,33,Graduate,Salaried,4,3,Single,919430,36307,3,21915,338521,5130659,666,12,0,6,2,410471,120,Medical,76619.17,28.6,0.446,18397.17,Rejected,0
APP_03168,Lauren Miller,43,Graduate,Salaried,10,2,Single,457156,7749,3,17143,80773,2146009,681,19,0,7,3,294919,84,Home,38096.33,45.0,0.645,13204.33,Approved,0
APP_03169,Jill Miller,40,Postgraduate,Self-Employed,20,1,Married,586481,18557,1,7635,193996,1216090,573,17,0,8,5,883358,12,Business,48873.42,15.62,1.506,22681.42,Rejected,1
APP_03170,Jennifer Burgess,25,Diploma,Salaried,2,0,Single,714451,26578,2,21094,205455,2548389,661,1,0,6,0,648157,12,Personal,59537.58,35.43,0.907,11865.58,Approved,1
APP_03171,Felicia Mcknight,25,Graduate,Salaried,4,4,Married,519809,16098,0,0,201610,1144352,620,2,1,1,3,406821,12,Vehicle,43317.42,0.0,0.783,27219.42,Approved,0
APP_03172,Ashley White,38,Graduate,Self-Employed,16,4,Married,482656,8581,1,16112,169197,1279274,659,7,0,5,3,491418,48,Business,40221.33,40.06,1.018,15528.33,Approved,1
APP_03173,Kelsey King,23,Diploma,Salaried,3,2,Married,659883,18267,4,24745,328616,2285398,802,5,0,1,0,662831,12,Personal,54990.25,45.0,1.004,11978.25,Approved,0
APP_03174,Melissa Fuller,41,Graduate,Contract,13,3,Married,518072,17115,0,0,191444,854718,610,10,0,7,0,432503,84,Personal,43172.67,0.0,0.835,26057.67,Approved,0
APP_03175,Michael Wood,57,Diploma,Self-Employed,17,4,Married,209827,4058,2,7868,92932,763955,667,23,1,4,0,265260,120,Personal,17485.58,45.0,1.264,5559.58,Rejected,1
APP_03176,Robert Rosario,22,Graduate,Salaried,0,1,Married,744243,26448,1,6248,296280,1763862,645,1,0,1,6,402656,24,Business,62020.25,10.07,0.541,29324.25,Rejected,1
APP_03177,Crystal Johnson,29,Graduate,Salaried,4,2,Married,1083454,48867,2,21913,535610,2434306,749,9,0,1,2,1020489,60,Vehicle,90287.83,24.27,0.942,19507.83,Approved,0
APP_03178,Christopher Walls,29,High School,Salaried,4,0,Single,803479,14748,1,13084,303707,2530545,505,8,1,2,1,668099,24,Personal,66956.58,19.54,0.832,39124.58,Rejected,1
APP_03179,Terri Hernandez,60,Graduate,Salaried,30,1,Single,659384,18569,3,24726,164033,1073271,762,2,1,8,0,908612,12,Education,54948.67,45.0,1.378,11653.67,Rejected,0
APP_03180,Robert Joseph,57,Graduate,Salaried,28,0,Married,753650,32150,3,28261,118278,1024227,683,13,0,8,1,429770,84,Home,62804.17,45.0,0.57,2393.17,Rejected,0
APP_03181,Kimberly Cooper,29,Graduate,Salaried,2,4,Single,543769,15956,0,0,143927,1697199,589,4,0,8,5,610883,84,Vehicle,45314.08,0.0,1.123,29358.08,Rejected,1
APP_03182,Alexandria Davis,49,High School,Salaried,10,4,Married,941741,31302,0,0,508703,72597,580,10,1,2,4,1137061,24,Business,78478.42,0.0,1.207,47176.42,Rejected,1
APP_03183,Mrs. Michelle Brown,64,High School,Self-Employed,32,0,Married,651549,19196,2,12642,163437,1247587,774,8,0,8,0,549764,60,Medical,54295.75,23.28,0.844,22457.75,Approved,0
APP_03184,Brandon Harris,51,Postgraduate,Salaried,29,0,Single,903787,36074,4,33813,69316,1532468,644,1,0,3,2,896898,120,Business,75315.58,44.9,0.992,5428.58,Rejected,1
APP_03185,Molly Lee,36,Graduate,Salaried,7,0,Single,820670,34998,2,12220,279312,1914208,703,8,0,1,1,579209,12,Home,68389.17,17.87,0.706,21171.17,Approved,0
APP_03186,Cassidy Dorsey,35,Graduate,Salaried,10,2,Married,807112,36581,3,30266,138837,638370,662,6,0,5,0,901583,12,Medical,67259.33,45.0,1.117,412.33,Rejected,1
APP_03187,Alexander Welch,31,Graduate,Contract,2,1,Single,480716,20394,4,18026,123845,1083751,651,11,0,6,0,122033,48,Home,40059.67,45.0,0.254,1639.67,Approved,0
APP_03188,Patricia Olson,22,Diploma,Self-Employed,1,2,Married,693677,29306,3,23214,278188,1509510,842,2,0,1,0,439272,84,Vehicle,57806.42,40.16,0.633,5286.42,Approved,1
APP_03189,Robin Taylor,24,Graduate,Salaried,2,4,Single,608744,25655,2,22827,136717,1891428,682,2,0,7,0,777487,12,Vehicle,50728.67,45.0,1.277,2246.67,Approved,0
APP_03190,Jessica Austin,51,Postgraduate,Salaried,29,3,Married,440792,18812,4,16529,234586,1740259,712,14,0,3,0,401229,120,Education,36732.67,45.0,0.91,1391.67,Approved,0
APP_03191,Beverly Valenzuela,43,Graduate,Salaried,7,0,Single,431216,13192,4,16170,242423,913722,721,20,1,4,1,428457,84,Medical,35934.67,45.0,0.994,6572.67,Rejected,1
APP_03192,Catherine Mcdaniel,62,High School,Business Owner,22,1,Single,984882,26595,2,25587,88225,2452691,768,13,0,5,0,638906,84,Personal,82073.5,31.18,0.649,29891.5,Approved,0
APP_03193,Cassidy Santos,46,High School,Salaried,17,1,Married,574133,20102,2,10295,83313,1116958,759,13,0,3,0,754102,48,Vehicle,47844.42,21.52,1.313,17447.42,Approved,0
APP_03194,Kristen Raymond,64,High School,Salaried,16,2,Single,886814,21387,2,23347,202130,3274107,685,2,0,1,1,643801,120,Vehicle,73901.17,31.59,0.726,29167.17,Approved,0
APP_03195,Gina Campbell,49,Graduate,Self-Employed,28,2,Single,674197,18216,1,15672,124332,1720177,677,18,0,7,0,287720,48,Medical,56183.08,27.89,0.427,22295.08,Approved,0
APP_03196,Brooke Brown,53,Graduate,Business Owner,8,3,Single,356323,14870,2,13362,117592,370644,684,23,0,1,0,270170,24,Vehicle,29693.58,45.0,0.758,1461.58,Approved,0
APP_03197,Jay Russell,32,Graduate,Contract,6,1,Married,346946,14211,3,13010,117471,529837,634,8,0,1,1,444926,36,Medical,28912.17,45.0,1.282,1691.17,Rejected,1
APP_03198,Mark Galloway,44,Graduate,Contract,23,4,Married,515567,11723,0,0,86974,603737,765,6,0,1,1,844688,12,Personal,42963.92,0.0,1.638,31240.92,Approved,0
APP_03199,Jonathan Shelton,52,Graduate,Salaried,15,1,Married,647310,21705,2,21576,35517,1345104,675,2,0,7,2,788923,24,Vehicle,53942.5,40.0,1.219,10661.5,Rejected,0
APP_03200,Erin Luna,36,Diploma,Salaried,1,4,Married,647296,28471,1,11481,220726,1534126,700,5,0,6,3,772286,24,Home,53941.33,21.28,1.193,13989.33,Rejected,0
APP_03201,Patrick Garcia,51,Diploma,Salaried,26,4,Married,641464,17885,1,4404,201688,1256622,521,18,0,8,0,553089,24,Personal,53455.33,8.24,0.862,31166.33,Rejected,1
APP_03202,Jody Sanchez,42,Graduate,Business Owner,17,1,Single,963096,35567,2,22428,467583,2198132,622,4,1,1,1,1156381,120,Personal,80258.0,27.94,1.201,22263.0,Rejected,1
APP_03203,Danielle Smith,50,Graduate,Business Owner,0,2,Married,473223,8000,3,17745,183519,853863,629,9,0,6,3,640712,120,Home,39435.25,45.0,1.354,13690.25,Rejected,1
APP_03204,Amy Parker,22,Diploma,Contract,2,3,Married,363383,8019,0,0,138611,850886,684,2,0,1,0,458548,120,Home,30281.92,0.0,1.262,22262.92,Approved,0
APP_03205,Cindy Johnson,60,Graduate,Contract,20,0,Single,605393,26651,4,22702,156853,1109896,582,24,0,7,3,398905,36,Business,50449.42,45.0,0.659,1096.42,Rejected,1
APP_03206,Matthew Phillips,39,Diploma,Salaried,11,1,Married,694640,31063,2,22109,158017,1328648,661,7,0,8,2,1016974,84,Home,57886.67,38.19,1.464,4714.67,Rejected,0
APP_03207,Wayne Carpenter,35,Postgraduate,Salaried,5,1,Single,786979,17427,1,13352,50812,2584563,708,4,0,7,2,622306,12,Business,65581.58,20.36,0.791,34802.58,Approved,0
APP_03208,Mario Frazier,59,Graduate,Salaried,0,1,Single,504556,14548,4,18920,134131,796061,654,14,0,1,2,443379,84,Personal,42046.33,45.0,0.879,8578.33,Rejected,1
APP_03209,Shelby Mckinney,31,High School,Salaried,4,1,Single,607056,23759,3,22764,280333,830085,777,3,0,4,0,911916,120,Vehicle,50588.0,45.0,1.502,4065.0,Approved,1
APP_03210,Mary Hahn,57,Graduate,Salaried,26,3,Married,473236,10296,1,6613,171445,936958,726,9,1,5,0,220125,48,Education,39436.33,16.77,0.465,22527.33,Rejected,0
APP_03211,Dawn Bautista,52,High School,Business Owner,7,3,Single,982180,18389,0,0,176008,2364308,568,20,0,8,5,609711,120,Business,81848.33,0.0,0.621,63459.33,Approved,0
APP_03212,Bradley Charles,29,Graduate,Self-Employed,2,3,Single,695612,11920,3,26085,253817,1345023,592,8,0,6,0,596127,24,Personal,57967.67,45.0,0.857,19962.67,Rejected,0
APP_03213,Diane Williams,38,Graduate,Business Owner,14,1,Single,968189,31833,4,36307,388480,1991867,635,6,0,1,4,880613,60,Home,80682.42,45.0,0.91,12542.42,Rejected,0
APP_03214,Roger Evans,65,Graduate,Salaried,31,3,Single,727686,27754,3,27288,10000,2414822,802,1,0,5,1,945219,12,Personal,60640.5,45.0,1.299,5598.5,Approved,0
APP_03215,Craig Blackwell,28,Graduate,Salaried,4,4,Married,701155,17545,3,26293,160356,1953955,743,3,1,1,1,158060,120,Business,58429.58,45.0,0.225,14591.58,Rejected,1
APP_03216,Amber Mahoney,58,Graduate,Contract,20,4,Married,430584,16527,4,16146,207139,174533,615,20,1,3,5,230257,24,Education,35882.0,45.0,0.535,3209.0,Rejected,1
APP_03217,Lisa Thompson,58,Graduate,Salaried,34,4,Married,766415,33356,1,6154,133305,2726636,694,6,0,2,0,754832,48,Business,63867.92,9.64,0.985,24357.92,Approved,0
APP_03218,Natalie Taylor,64,Graduate,Salaried,34,0,Married,502442,10534,3,18841,121879,665133,804,8,0,3,0,476565,36,Medical,41870.17,45.0,0.948,12495.17,Rejected,0
APP_03219,Mr. Robert Wise,47,Graduate,Salaried,16,1,Married,605536,17581,0,0,160979,1910976,567,23,1,8,4,577894,48,Medical,50461.33,0.0,0.954,32880.33,Rejected,1
APP_03220,Perry Harris,51,Graduate,Salaried,27,0,Married,605276,20773,2,22697,246985,1354855,674,12,0,6,0,581178,60,Vehicle,50439.67,45.0,0.96,6969.67,Approved,0
APP_03221,Christopher Jackson,52,Diploma,Salaried,4,4,Married,571083,24790,0,0,68101,1982628,713,5,0,3,1,577618,60,Personal,47590.25,0.0,1.011,22800.25,Approved,1
APP_03222,Kenneth Ware,43,Graduate,Salaried,3,0,Single,584110,16384,4,21904,135089,688200,698,21,0,2,1,827172,84,Business,48675.83,45.0,1.416,10387.83,Approved,0
APP_03223,Michael Patel,46,Graduate,Salaried,4,3,Single,771506,26292,4,28931,451847,3527665,732,22,0,1,2,720816,24,Personal,64292.17,45.0,0.934,9069.17,Approved,1
APP_03224,Erika Hubbard,44,Diploma,Salaried,19,3,Married,1108082,39165,0,0,49104,1734833,777,9,0,2,0,475589,84,Business,92340.17,0.0,0.429,53175.17,Approved,0
APP_03225,Carlos West,34,Graduate,Business Owner,1,0,Married,1486325,36536,3,27959,266993,2287193,645,13,1,1,4,260963,120,Vehicle,123860.42,22.57,0.176,59365.42,Rejected,1
APP_03226,Sean Brown,40,Diploma,Self-Employed,10,4,Single,663997,17217,4,24899,124462,1120036,627,17,1,4,2,556741,60,Personal,55333.08,45.0,0.838,13217.08,Rejected,1
APP_03227,Alan King,41,Graduate,Business Owner,16,0,Single,680073,22822,1,14178,135061,2217010,611,10,0,8,2,730146,120,Education,56672.75,25.02,1.074,19672.75,Approved,1
APP_03228,Dawn Nichols,42,Diploma,Salaried,18,3,Single,871834,20977,3,30464,335262,2249914,787,2,0,5,0,923698,120,Home,72652.83,41.93,1.059,21211.83,Approved,0
APP_03229,William Henderson,24,Graduate,Salaried,1,2,Married,757463,32478,0,0,336022,1375614,739,5,1,2,0,402670,24,Personal,63121.92,0.0,0.532,30643.92,Approved,0
APP_03230,Jennifer Garcia,33,Graduate,Self-Employed,6,3,Married,553723,14189,2,20764,183532,587228,667,10,0,6,1,654486,60,Home,46143.58,45.0,1.182,11190.58,Rejected,0
APP_03231,Ryan Gomez,36,Postgraduate,Salaried,8,1,Married,504728,11697,4,18927,291512,738686,648,3,1,3,4,326045,60,Vehicle,42060.67,45.0,0.646,11436.67,Rejected,1
APP_03232,Erica Chapman,46,Graduate,Salaried,21,4,Married,706035,16454,3,26476,164038,2815122,728,24,0,5,1,221846,84,Personal,58836.25,45.0,0.314,15906.25,Rejected,0
APP_03233,Kendra Martinez,49,High School,Salaried,16,0,Married,484703,19359,1,14805,50124,1607644,643,19,0,4,1,50000,120,Home,40391.92,36.65,0.103,6227.92,Rejected,1
APP_03234,Travis Gonzalez,24,Graduate,Salaried,3,2,Married,583453,13824,3,21879,150187,2437616,739,1,0,4,1,457846,12,Vehicle,48621.08,45.0,0.785,12918.08,Approved,1
APP_03235,Brian Ferguson,51,Postgraduate,Business Owner,11,4,Married,1476029,58204,0,0,502480,3625545,655,9,0,2,3,524507,60,Personal,123002.42,0.0,0.355,64798.42,Approved,0
APP_03236,Barbara Smith,57,Graduate,Salaried,19,1,Married,687383,13475,0,0,325981,1702518,770,20,0,1,0,703301,36,Vehicle,57281.92,0.0,1.023,43806.92,Approved,0
APP_03237,Bryan Tanner,41,Graduate,Contract,12,0,Married,447470,17451,0,0,166547,1507422,646,13,0,8,0,629822,120,Personal,37289.17,0.0,1.408,19838.17,Rejected,1
APP_03238,Monica Brennan,43,Postgraduate,Salaried,22,3,Married,436700,12212,2,16376,221200,1181858,760,22,0,6,2,246938,36,Home,36391.67,45.0,0.565,7803.67,Approved,0
APP_03239,Jillian Taylor,28,Postgraduate,Salaried,3,2,Single,434431,15835,1,4220,199094,1183822,710,4,0,3,0,296390,48,Home,36202.58,11.66,0.682,16147.58,Approved,0
APP_03240,David Powers,34,Graduate,Salaried,11,4,Married,593985,12052,2,22274,179905,1495750,713,1,0,5,1,326497,120,Business,49498.75,45.0,0.55,15172.75,Approved,0
APP_03241,Melissa Turner,47,Graduate,Salaried,7,0,Married,918027,17409,3,28150,50793,2386082,684,8,0,7,0,811584,48,Personal,76502.25,36.8,0.884,30943.25,Rejected,0
APP_03242,Benjamin Nash,42,High School,Business Owner,3,1,Married,1028590,42347,3,34118,50055,1840820,600,2,1,1,4,962679,60,Vehicle,85715.83,39.8,0.936,9250.83,Rejected,1
APP_03243,Patricia Brock,28,Postgraduate,Salaried,2,0,Single,544999,19806,4,20437,183358,1100064,665,1,1,1,0,233969,36,Vehicle,45416.58,45.0,0.429,5173.58,Rejected,1
APP_03244,Jacqueline Fuller,41,Graduate,Salaried,0,2,Married,517076,16052,1,14535,148304,532764,749,21,0,5,1,612473,24,Vehicle,43089.67,33.73,1.184,12502.67,Approved,0
APP_03245,Robert Cherry,32,High School,Contract,2,3,Single,227946,6091,3,8547,139785,741453,655,2,1,5,3,236414,24,Personal,18995.5,44.99,1.037,4357.5,Rejected,1
APP_03246,Tamara Hanson,30,Graduate,Salaried,5,1,Married,534512,15807,1,15911,177379,2164983,554,1,1,6,4,414464,24,Home,44542.67,35.72,0.775,12824.67,Rejected,1
APP_03247,Mary Ortiz,62,Graduate,Self-Employed,13,2,Married,1030003,24183,1,5237,317008,3473296,760,17,0,7,1,613495,12,Business,85833.58,6.1,0.596,56413.58,Approved,0
APP_03248,Beverly Charles,36,Postgraduate,Salaried,16,3,Single,597689,19050,0,0,76101,2833606,633,11,0,1,5,618811,120,Home,49807.42,0.0,1.035,30757.42,Rejected,0
APP_03249,Corey Clark,50,Graduate,Contract,13,3,Married,502474,16184,3,18842,169654,1947033,767,15,0,8,1,527577,120,Medical,41872.83,45.0,1.05,6846.83,Approved,1
APP_03250,Michael Reynolds,55,High School,Salaried,12,3,Married,541722,19503,0,0,207977,1902066,631,14,1,4,1,738647,12,Personal,45143.5,0.0,1.364,25640.5,Rejected,0
APP_03251,Roger Mann,35,Postgraduate,Business Owner,13,4,Married,674447,24979,4,25291,233324,1645836,599,8,0,6,0,95019,48,Personal,56203.92,45.0,0.141,5933.92,Rejected,1
APP_03252,Michael Weiss,60,Postgraduate,Salaried,2,3,Married,879904,36564,1,6732,75725,3023548,712,10,0,6,0,587736,48,Vehicle,73325.33,9.18,0.668,30029.33,Approved,0
APP_03253,Sarah Frazier,38,Graduate,Salaried,10,3,Married,807050,18549,3,30264,312173,1919855,732,10,0,6,1,755555,24,Business,67254.17,45.0,0.936,18441.17,Rejected,0
APP_03254,Ralph Robinson DDS,62,Diploma,Salaried,18,3,Married,953030,40042,1,11484,219284,2241316,813,17,0,4,1,471743,48,Education,79419.17,14.46,0.495,27893.17,Approved,0
APP_03255,Raymond Marquez,22,Graduate,Salaried,1,3,Single,551995,13690,3,20699,94524,1665325,730,4,0,4,0,762974,24,Vehicle,45999.58,45.0,1.382,11610.58,Rejected,0
APP_03256,Carl Alvarez,28,Graduate,Salaried,6,3,Married,563201,18708,4,21120,63243,840235,675,7,0,4,0,556456,36,Business,46933.42,45.0,0.988,7105.42,Rejected,1
APP_03257,Abigail French,64,Graduate,Contract,28,1,Married,459450,19469,1,6637,177972,1203537,703,25,1,4,2,168205,84,Home,38287.5,17.33,0.366,12181.5,Rejected,1
APP_03258,Erika Sanders,47,High School,Salaried,3,3,Married,434325,7810,4,16287,94504,717200,662,9,0,7,3,253871,60,Medical,36193.75,45.0,0.585,12096.75,Approved,0
APP_03259,Kelly Summers,47,Graduate,Salaried,7,2,Single,761465,26144,2,8801,94447,985804,709,5,0,1,1,579963,120,Vehicle,63455.42,13.87,0.762,28510.42,Approved,0
APP_03260,Timothy Doyle,27,Graduate,Salaried,1,0,Married,471447,16247,0,0,105363,1780086,690,8,0,1,0,547216,36,Personal,39287.25,0.0,1.161,23040.25,Approved,0
APP_03261,Audrey Hernandez,45,Postgraduate,Business Owner,5,3,Single,771480,26707,4,28930,286236,877213,820,17,0,3,0,855687,60,Medical,64290.0,45.0,1.109,8653.0,Approved,1
APP_03262,Susan Underwood,46,Graduate,Self-Employed,23,0,Married,286634,6739,4,10748,113212,1101198,756,3,0,1,0,282295,36,Personal,23886.17,45.0,0.985,6399.17,Rejected,0
APP_03263,Keith Melton,53,Diploma,Salaried,29,1,Single,1017174,43231,0,0,148144,1873374,644,2,0,1,4,956539,120,Business,84764.5,0.0,0.94,41533.5,Approved,0
APP_03264,Kevin Thompson,44,Diploma,Salaried,13,1,Married,700715,22878,2,12013,249669,1037512,714,11,0,4,4,279014,60,Home,58392.92,20.57,0.398,23501.92,Rejected,0
APP_03265,Melanie Jones,46,High School,Business Owner,10,3,Single,723205,22728,3,22400,344786,1600809,650,18,1,8,0,1115426,120,Home,60267.08,37.17,1.542,15139.08,Rejected,1
APP_03266,Craig Huffman,30,Graduate,Salaried,4,1,Married,408295,11656,2,15311,24638,1013907,718,6,0,6,0,476549,12,Education,34024.58,45.0,1.167,7057.58,Rejected,0
APP_03267,Susan Robinson,31,Graduate,Salaried,3,1,Married,517757,12159,0,0,108284,522402,660,12,0,8,0,680802,48,Personal,43146.42,0.0,1.315,30987.42,Approved,0
APP_03268,Natalie Soto,38,High School,Salaried,10,1,Single,870749,35628,1,10496,482636,855711,793,19,0,4,2,477275,36,Personal,72562.42,14.46,0.548,26438.42,Approved,0
APP_03269,Richard Johnson,23,Graduate,Business Owner,0,0,Married,960832,25026,2,13669,207065,1491338,801,5,0,5,0,947911,120,Vehicle,80069.33,17.07,0.987,41374.33,Approved,0
APP_03270,Sally Gonzalez,27,High School,Business Owner,7,4,Married,1068466,28518,0,0,415289,2361605,655,1,0,4,3,410131,84,Home,89038.83,0.0,0.384,60520.83,Approved,0
APP_03271,Justin Rose,51,Postgraduate,Business Owner,29,1,Married,1320871,31714,4,40154,845930,4336694,633,12,0,1,1,1472924,120,Vehicle,110072.58,36.48,1.115,38204.58,Approved,1
APP_03272,Diane Li,35,Postgraduate,Salaried,12,1,Married,880025,36761,2,16308,498911,1627701,754,7,0,2,1,908800,24,Personal,73335.42,22.24,1.033,20266.42,Approved,0
APP_03273,Mandy Waters,56,High School,Self-Employed,3,2,Single,996515,21167,2,27116,383352,2753247,676,5,0,6,0,1469881,84,Vehicle,83042.92,32.65,1.475,34759.92,Rejected,0
APP_03274,David Santiago,61,Graduate,Salaried,24,0,Married,530154,17854,0,0,67389,1608658,703,13,1,2,1,688225,60,Vehicle,44179.5,0.0,1.298,26325.5,Approved,1
APP_03275,Stephanie Leonard,55,Graduate,Contract,21,1,Married,535192,17600,1,7509,108669,1202992,651,2,0,8,2,434219,84,Personal,44599.33,16.84,0.811,19490.33,Approved,0
APP_03276,Michael Wood,54,High School,Salaried,33,0,Single,867611,26182,2,12888,118648,2090158,687,17,0,7,1,526551,36,Vehicle,72300.92,17.83,0.607,33230.92,Approved,0
APP_03277,Michael Alexander,53,Postgraduate,Salaried,29,3,Married,490410,15287,1,4655,148914,1151758,664,6,0,2,2,279551,36,Medical,40867.5,11.39,0.57,20925.5,Approved,0
APP_03278,Steven Johnson,62,Postgraduate,Salaried,7,0,Single,560012,20809,4,21000,10000,663495,664,14,0,7,0,356581,120,Personal,46667.67,45.0,0.637,4858.67,Approved,0
APP_03279,Meredith Benjamin,57,Graduate,Salaried,6,1,Single,356056,14882,3,13352,130932,330489,668,24,0,5,0,160089,12,Personal,29671.33,45.0,0.45,1437.33,Approved,0
APP_03280,Shelly Andersen,26,Postgraduate,Self-Employed,2,1,Married,276436,6940,4,10366,130942,900097,763,8,0,4,0,375250,12,Education,23036.33,45.0,1.357,5730.33,Approved,0
APP_03281,Mary Tate,29,Diploma,Salaried,6,3,Married,552348,16311,0,0,222907,1745791,747,4,0,1,3,286675,36,Personal,46029.0,0.0,0.519,29718.0,Approved,0
APP_03282,James Case,50,High School,Salaried,19,3,Single,386204,14321,3,14482,148457,645101,703,21,0,8,1,161366,48,Home,32183.67,45.0,0.418,3380.67,Rejected,1
APP_03283,Collin Stewart,44,Graduate,Business Owner,4,2,Married,514076,21296,3,19277,119724,410012,753,3,0,7,0,722430,120,Business,42839.67,45.0,1.405,2266.67,Rejected,0
APP_03284,Lori Johnston,26,Graduate,Salaried,2,3,Married,544542,16686,4,20420,292897,1942169,503,6,1,5,1,259182,120,Vehicle,45378.5,45.0,0.476,8272.5,Rejected,1
APP_03285,Anita Carter,51,Graduate,Contract,29,3,Married,390430,13982,0,0,207406,706112,747,2,0,7,0,447355,36,Education,32535.83,0.0,1.146,18553.83,Approved,0
APP_03286,John Gonzales,42,Postgraduate,Salaried,13,0,Single,651977,24996,1,3185,272153,1106627,836,12,0,1,0,392573,84,Education,54331.42,5.86,0.602,26150.42,Approved,0
APP_03287,Bryan Long,42,Graduate,Business Owner,12,3,Married,864986,21446,3,32436,85970,3892696,665,4,0,4,2,1135412,60,Home,72082.17,45.0,1.313,18200.17,Rejected,1
APP_03288,Raymond Barker,44,Postgraduate,Self-Employed,7,1,Single,528117,17582,3,19804,178396,1153165,765,9,0,4,0,653223,48,Personal,44009.75,45.0,1.237,6623.75,Rejected,0
APP_03289,Steven Cervantes,60,Postgraduate,Salaried,3,3,Married,634411,15676,0,0,124018,1335669,732,7,0,6,1,681835,12,Home,52867.58,0.0,1.075,37191.58,Approved,0
APP_03290,Virginia Mack,38,Postgraduate,Salaried,6,1,Married,607933,24792,4,22797,59636,968569,656,7,0,8,0,560773,48,Business,50661.08,45.0,0.922,3072.08,Approved,1
APP_03291,Andre Robertson,25,High School,Self-Employed,5,4,Married,723437,26786,3,27128,332155,1680185,685,4,1,7,0,627121,84,Business,60286.42,45.0,0.867,6372.42,Rejected,1
APP_03292,Lisa Guzman,31,Graduate,Contract,5,1,Married,676934,26131,4,25385,161211,1359890,697,2,0,6,2,549730,24,Business,56411.17,45.0,0.812,4895.17,Approved,1
APP_03293,Steven Tucker,42,High School,Salaried,21,4,Married,974425,23002,4,31091,202255,564549,636,1,0,3,0,868183,60,Personal,81202.08,38.29,0.891,27109.08,Rejected,0
APP_03294,Patricia Jones,43,Postgraduate,Salaried,17,0,Single,275787,10080,4,10342,106581,666935,800,7,0,4,0,75799,84,Medical,22982.25,45.0,0.275,2560.25,Approved,0
APP_03295,Micheal Smith,63,Graduate,Salaried,6,3,Single,813654,23081,1,7804,120782,2462843,658,20,0,4,0,738352,84,Home,67804.5,11.51,0.907,36919.5,Rejected,0
APP_03296,Mary Thomas,36,Graduate,Contract,12,3,Single,766051,32862,1,10630,55764,1733925,777,18,0,3,1,794785,24,Home,63837.58,16.65,1.038,20345.58,Approved,0
APP_03297,Gerald Hoffman,37,Graduate,Salaried,14,1,Single,473405,10277,2,17752,148069,1193754,703,10,1,8,0,155124,60,Personal,39450.42,45.0,0.328,11421.42,Rejected,1
APP_03298,Jillian Matthews,26,Graduate,Salaried,4,3,Married,619969,12200,4,23248,54517,974584,691,7,0,5,0,615551,120,Home,51664.08,45.0,0.993,16216.08,Rejected,0
APP_03299,Melanie Estrada,59,High School,Salaried,25,3,Married,1036650,24760,2,27174,287071,3392991,615,13,0,6,2,723469,120,Medical,86387.5,31.46,0.698,34453.5,Rejected,1
APP_03300,Rachel Miller,59,Graduate,Business Owner,11,3,Married,1235170,51676,1,15640,673800,3966565,782,4,0,8,0,1010606,24,Education,102930.83,15.19,0.818,35614.83,Approved,0
APP_03301,Michael Baker,44,Graduate,Salaried,20,4,Married,716248,14459,1,15620,250264,1754565,715,13,0,4,1,356375,36,Personal,59687.33,26.17,0.498,29608.33,Approved,0
APP_03302,Calvin Mitchell,48,Postgraduate,Salaried,22,0,Married,494048,9316,3,18526,173211,1438362,725,1,0,6,4,289707,36,Vehicle,41170.67,45.0,0.586,13328.67,Approved,0
APP_03303,Kelli Hays,54,Graduate,Business Owner,4,1,Married,1230037,52333,1,10900,520599,3633348,625,12,0,7,2,539610,60,Personal,102503.08,10.63,0.439,39270.08,Rejected,0
APP_03304,Jose Cortez,26,Graduate,Business Owner,3,2,Married,1302430,38129,4,36024,260399,5773479,625,3,0,7,1,1663977,48,Vehicle,108535.83,33.19,1.278,34382.83,Rejected,0
APP_03305,Benjamin Tucker,37,Graduate,Salaried,5,4,Single,619061,24424,1,4329,223544,1337977,620,3,0,1,0,489552,120,Home,51588.42,8.39,0.791,22835.42,Rejected,0
APP_03306,Angel Larsen,41,Graduate,Contract,14,3,Single,515020,8929,0,0,129620,1328130,718,22,0,6,1,311738,12,Business,42918.33,0.0,0.605,33989.33,Approved,0
APP_03307,Theodore Stevens,46,Graduate,Self-Employed,24,4,Married,992130,16927,0,0,483811,2415245,836,16,0,1,0,992576,60,Vehicle,82677.5,0.0,1.0,65750.5,Approved,0
APP_03308,Terri Smith,55,Graduate,Salaried,34,3,Married,922193,27426,4,34582,369250,2547120,596,11,1,3,5,532877,120,Home,76849.42,45.0,0.578,14841.42,Rejected,1
APP_03309,Wayne Singh,60,Postgraduate,Business Owner,17,2,Married,365748,8804,0,0,33782,422864,652,17,0,8,2,165027,48,Medical,30479.0,0.0,0.451,21675.0,Approved,0
APP_03310,Larry Green,61,Graduate,Salaried,26,2,Married,587633,25335,1,3830,273633,1152370,557,9,1,3,2,841217,84,Home,48969.42,7.82,1.432,19804.42,Rejected,1
APP_03311,Albert Allen,58,Graduate,Self-Employed,28,1,Married,793895,32358,1,11887,10000,1739545,811,4,0,6,0,589313,12,Home,66157.92,17.97,0.742,21912.92,Approved,0
APP_03312,Michael Brown,58,Postgraduate,Salaried,13,1,Single,620702,11556,2,18894,206076,3144748,597,24,1,2,2,379771,84,Home,51725.17,36.53,0.612,21275.17,Rejected,1
APP_03313,Alyssa Romero,44,Graduate,Self-Employed,4,4,Single,731492,13123,3,24143,442810,2854981,773,9,0,3,1,616211,12,Home,60957.67,39.61,0.842,23691.67,Approved,0
APP_03314,Michael Mcguire,41,Graduate,Salaried,15,0,Married,608465,26165,1,8376,258858,1057502,752,12,0,2,1,742322,84,Vehicle,50705.42,16.52,1.22,16164.42,Approved,0
APP_03315,Kiara Matthews,56,High School,Salaried,6,3,Married,527345,19324,3,19775,126828,1280166,628,6,0,4,2,317841,60,Medical,43945.42,45.0,0.603,4846.42,Rejected,1
APP_03316,Anthony Thomas,60,Graduate,Contract,27,4,Married,316798,5455,0,0,142587,1082049,780,2,0,8,1,447475,84,Education,26399.83,0.0,1.412,20944.83,Approved,0
APP_03317,Jeffrey Price,57,High School,Salaried,27,4,Single,787256,25621,1,13143,122927,1902507,667,18,0,8,0,626082,24,Vehicle,65604.67,20.03,0.795,26840.67,Approved,0
APP_03318,Mitchell Rhodes,36,Diploma,Self-Employed,15,0,Single,328883,12146,3,12333,93959,905902,737,5,0,2,2,50000,120,Medical,27406.92,45.0,0.152,2927.92,Rejected,1
APP_03319,Kathy Bowers,22,Graduate,Salaried,2,2,Married,660047,11998,4,24751,118475,1786832,656,1,0,6,1,235890,60,Education,55003.92,45.0,0.357,18254.92,Rejected,0
APP_03320,Adrian Gibbs,31,High School,Salaried,7,2,Single,512591,9874,1,12718,195564,1393335,709,8,0,1,3,600797,60,Vehicle,42715.92,29.77,1.172,20123.92,Approved,0
APP_03321,Robert Lynch,61,Graduate,Salaried,31,4,Married,301891,9132,1,11320,152192,1019078,670,17,0,6,1,244602,120,Personal,25157.58,45.0,0.81,4705.58,Rejected,0
APP_03322,Amanda Gonzales,45,Diploma,Business Owner,6,2,Married,1286690,37083,0,0,666978,3256209,724,19,0,5,0,817444,36,Medical,107224.17,0.0,0.635,70141.17,Approved,0
APP_03323,Duane Vaughn,58,Graduate,Salaried,35,1,Single,394167,13095,4,14781,118207,1392907,719,7,0,2,0,405250,12,Home,32847.25,45.0,1.028,4971.25,Approved,0
APP_03324,Joseph Combs,54,Graduate,Business Owner,10,0,Single,1171054,21707,2,23460,419688,138156,638,14,0,8,2,1888341,84,Personal,97587.83,24.04,1.613,52420.83,Approved,1
APP_03325,Nicole Sims,35,Graduate,Salaried,6,1,Married,265746,5732,1,9965,107364,722153,690,10,0,5,0,209070,12,Medical,22145.5,45.0,0.787,6448.5,Rejected,0
APP_03326,Susan Barry,59,Diploma,Contract,24,2,Single,787729,17451,1,9007,115081,2454384,595,24,1,1,4,605161,84,Personal,65644.08,13.72,0.768,39186.08,Rejected,1
APP_03327,Bryan Lopez,37,Postgraduate,Self-Employed,11,3,Single,437754,11140,2,6375,33100,508110,620,6,1,7,4,247657,48,Vehicle,36479.5,17.48,0.566,18964.5,Rejected,1
APP_03328,Donald Bullock,26,Graduate,Salaried,6,1,Single,853642,20340,2,22274,135571,3055095,776,8,0,3,0,227050,60,Medical,71136.83,31.31,0.266,28522.83,Approved,0
APP_03329,Timothy Duncan,21,Graduate,Salaried,1,2,Married,473971,21368,0,0,158808,308266,657,2,0,1,0,626828,48,Education,39497.58,0.0,1.323,18129.58,Approved,1
APP_03330,Caitlin Ramirez,25,Graduate,Contract,5,4,Single,361873,7451,4,13570,92326,1166314,683,6,0,7,1,557244,36,Medical,30156.08,45.0,1.54,9135.08,Rejected,1
APP_03331,Raymond Mcbride,41,High School,Business Owner,21,0,Married,1148642,32427,0,0,369261,2424065,709,3,0,7,1,1431507,60,Personal,95720.17,0.0,1.246,63293.17,Approved,0
APP_03332,Mackenzie Rodriguez,35,High School,Business Owner,14,4,Single,855915,26755,1,8411,278410,3729388,712,14,0,3,1,756706,12,Vehicle,71326.25,11.79,0.884,36160.25,Approved,1
APP_03333,Adam Gill,46,Graduate,Self-Employed,10,2,Married,1051434,19263,2,12254,304449,1906091,621,13,0,8,3,1047224,84,Business,87619.5,13.99,0.996,56102.5,Rejected,1
APP_03334,Kimberly Ball,50,Graduate,Salaried,15,3,Married,912902,38266,0,0,390479,2921972,710,17,0,5,1,1180774,12,Vehicle,76075.17,0.0,1.293,37809.17,Approved,0
APP_03335,David Colon,51,Diploma,Self-Employed,13,3,Single,912269,27342,2,18345,98150,1395291,718,19,0,2,0,839478,24,Home,76022.42,24.13,0.92,30335.42,Approved,1
APP_03336,Stephen Mitchell,27,Graduate,Salaried,3,2,Single,719379,19150,0,0,188953,1330643,666,4,0,1,0,1161733,120,Medical,59948.25,0.0,1.615,40798.25,Approved,0
APP_03337,Michele Pugh,50,Diploma,Self-Employed,27,2,Single,339368,12840,3,12726,155861,384385,764,17,0,3,1,558124,120,Personal,28280.67,45.0,1.645,2714.67,Rejected,0
APP_03338,John Graham,33,Diploma,Salaried,5,1,Married,594289,22919,2,22285,217328,1769668,697,11,0,6,2,974924,36,Personal,49524.08,45.0,1.64,4320.08,Rejected,1
APP_03339,Lindsay Mcfarland,23,Graduate,Business Owner,3,1,Single,1001455,38981,0,0,310296,900363,570,4,0,6,0,890923,24,Education,83454.58,0.0,0.89,44473.58,Approved,1
APP_03340,Cheryl Ruiz,30,Graduate,Salaried,3,3,Single,534605,11053,4,20047,182079,1822601,690,8,0,3,0,796790,24,Vehicle,44550.42,45.0,1.49,13450.42,Approved,0
APP_03341,Katherine Perry,61,Diploma,Self-Employed,1,1,Married,842215,19044,3,15677,154662,1557309,640,10,1,4,3,524923,84,Education,70184.58,22.34,0.623,35463.58,Rejected,1
APP_03342,Christina Cross,63,Diploma,Salaried,35,4,Married,564665,23229,4,21174,121449,1138218,773,4,0,1,1,424067,120,Education,47055.42,45.0,0.751,2652.42,Approved,0
APP_03343,Frank Simmons,63,Postgraduate,Salaried,9,0,Married,482887,11122,1,7368,158367,1930435,665,1,0,5,4,291173,60,Business,40240.58,18.31,0.603,21750.58,Approved,0
APP_03344,Ronald Brown,28,Graduate,Salaried,3,4,Married,483456,18037,2,11347,155567,1522755,739,3,0,2,1,492661,48,Business,40288.0,28.16,1.019,10904.0,Approved,0
APP_03345,Christine Davila,40,Graduate,Salaried,13,0,Single,590011,20427,1,6500,305121,2381541,658,19,1,8,3,431162,48,Vehicle,49167.58,13.22,0.731,22240.58,Rejected,1
APP_03346,Rebecca Mcdaniel,22,Postgraduate,Salaried,2,2,Married,507266,21793,0,0,141780,1358568,762,3,0,5,0,544112,48,Vehicle,42272.17,0.0,1.073,20479.17,Approved,0
APP_03347,Kaitlyn Wilson,64,Graduate,Salaried,29,4,Married,696786,20478,1,9129,347194,501188,586,16,0,1,0,512286,36,Vehicle,58065.5,15.72,0.735,28458.5,Rejected,1
APP_03348,Katie Jones,51,Graduate,Self-Employed,15,4,Married,779536,24468,4,29232,259964,2751381,713,10,0,8,1,565902,84,Education,64961.33,45.0,0.726,11261.33,Approved,0
APP_03349,Richard Klein,38,Graduate,Business Owner,7,3,Married,1309432,34942,2,8485,356155,2346874,621,14,1,5,4,1794116,120,Vehicle,109119.33,7.78,1.37,65692.33,Rejected,1
APP_03350,Dawn Garcia,48,Graduate,Contract,5,1,Single,607624,11874,0,0,10000,1222526,796,13,0,7,1,438994,60,Home,50635.33,0.0,0.722,38761.33,Approved,0
APP_03351,Cynthia Rose,24,Graduate,Salaried,1,1,Married,851996,38320,4,31949,326894,2173735,661,4,0,2,0,585717,60,Personal,70999.67,45.0,0.687,730.67,Approved,1
APP_03352,Alexander Miller,25,High School,Salaried,0,3,Married,574577,21400,4,21546,145478,3182575,650,2,0,1,2,697266,120,Vehicle,47881.42,45.0,1.214,4935.42,Approved,1
APP_03353,Mark Castillo,22,Postgraduate,Salaried,2,0,Single,1018508,18122,3,37132,10000,2547219,658,4,1,1,1,837498,60,Vehicle,84875.67,43.75,0.822,29621.67,Rejected,0
APP_03354,Jon Hill,23,Diploma,Salaried,0,0,Married,588826,10924,2,22080,214014,1973037,630,1,0,1,1,701645,24,Vehicle,49068.83,45.0,1.192,16064.83,Approved,1
APP_03355,Billy Ross,38,Graduate,Salaried,13,3,Married,796623,21063,2,15947,144914,2332214,774,1,1,8,0,365183,48,Home,66385.25,24.02,0.458,29375.25,Rejected,0
APP_03356,Kristin Hogan,25,Graduate,Salaried,5,4,Married,552440,20391,2,12633,177762,1858219,729,7,0,4,3,361270,84,Business,46036.67,27.44,0.654,13012.67,Approved,0
APP_03357,Michael Hartman,25,Graduate,Salaried,3,4,Married,868585,24848,3,22938,185562,2721460,850,2,0,2,0,252350,48,Home,72382.08,31.69,0.291,24596.08,Approved,0
APP_03358,Curtis Olson,37,Postgraduate,Salaried,12,1,Married,624566,19975,3,23421,87212,901403,638,14,0,6,5,376821,60,Home,52047.17,45.0,0.603,8651.17,Rejected,1
APP_03359,Wanda Murray,47,Graduate,Salaried,12,0,Single,568763,24209,3,21328,180609,1264184,628,22,0,1,4,633428,48,Home,47396.92,45.0,1.114,1859.92,Rejected,1
APP_03360,Gabriela Gutierrez,21,Graduate,Salaried,0,1,Married,315093,11446,3,11815,132909,788000,747,1,0,7,0,153921,120,Medical,26257.75,45.0,0.488,2996.75,Approved,0
APP_03361,James Kelley,24,Graduate,Salaried,3,3,Single,663647,30200,4,24886,135208,1715408,618,2,1,2,3,536516,60,Business,55303.92,45.0,0.808,217.92,Rejected,1
APP_03362,Jared Anderson,49,Postgraduate,Salaried,26,3,Married,829238,34628,0,0,393767,1843791,680,24,0,3,0,201766,120,Business,69103.17,0.0,0.243,34475.17,Approved,0
APP_03363,Sean Baker,47,Graduate,Salaried,1,4,Married,739303,23805,2,27723,302003,2158352,646,24,0,2,6,549495,120,Home,61608.58,45.0,0.743,10080.58,Rejected,1
APP_03364,Selena Moody,22,Graduate,Salaried,1,2,Single,651111,19467,2,13262,103116,1497903,656,1,0,3,4,1003453,120,Personal,54259.25,24.44,1.541,21530.25,Approved,1
APP_03365,Brenda Carlson,62,Graduate,Salaried,16,4,Married,457665,12603,1,10112,154921,127224,684,10,0,5,2,257214,24,Business,38138.75,26.51,0.562,15423.75,Approved,0
APP_03366,Holly Jones,29,Diploma,Salaried,4,2,Single,768577,34730,3,25705,446099,2399834,702,8,0,7,2,1036561,24,Personal,64048.08,40.13,1.349,3613.08,Approved,0
APP_03367,Angela Garcia,56,Graduate,Self-Employed,25,2,Single,697558,22389,3,26158,302296,1878792,646,15,1,7,3,494084,120,Education,58129.83,45.0,0.708,9582.83,Rejected,1
APP_03368,David Cameron,22,High School,Self-Employed,0,0,Single,736878,25995,4,27632,204045,1710848,685,4,0,3,0,978367,60,Vehicle,61406.5,45.0,1.328,7779.5,Approved,1
APP_03369,Eric Brock,39,Postgraduate,Salaried,17,1,Married,1023659,43123,4,38387,376519,3264908,698,3,0,2,0,1779530,60,Business,85304.92,45.0,1.738,3794.92,Rejected,1
APP_03370,Matthew Thomas,58,High School,Salaried,21,4,Married,602796,13592,4,22604,372797,1082835,619,22,0,8,0,912389,48,Business,50233.0,45.0,1.514,14037.0,Rejected,1
APP_03371,Daniel Peterson,54,High School,Salaried,20,0,Single,611365,10331,0,0,174929,838413,798,23,0,4,1,258369,60,Medical,50947.08,0.0,0.423,40616.08,Approved,0
APP_03372,John Miller,37,Diploma,Contract,11,4,Married,553222,9291,4,20745,202679,1553547,815,7,0,5,1,265987,12,Business,46101.83,45.0,0.481,16065.83,Approved,0
APP_03373,Dalton Randolph,29,Graduate,Contract,2,0,Married,634440,18115,1,17837,177769,1731962,596,4,1,3,5,842531,60,Vehicle,52870.0,33.74,1.328,16918.0,Rejected,1
APP_03374,Nicholas Harrison,25,Postgraduate,Salaried,4,4,Married,349140,14453,3,13092,103426,269496,719,5,0,8,0,126899,120,Medical,29095.0,45.0,0.363,1550.0,Approved,1
APP_03375,Steven Harrison,27,Postgraduate,Salaried,4,2,Single,530351,20497,2,19888,79517,1624961,583,9,0,2,1,654698,36,Personal,44195.92,45.0,1.234,3810.92,Rejected,1
APP_03376,Brian Lin,42,High School,Salaried,5,2,Married,679419,24568,3,25478,10000,2442693,828,9,0,7,0,531316,84,Personal,56618.25,45.0,0.782,6572.25,Approved,0
APP_03377,Daniel Rivera,41,Postgraduate,Salaried,17,2,Married,845903,17958,4,31721,386460,1250790,579,15,0,7,4,1007092,84,Education,70491.92,45.0,1.191,20812.92,Rejected,1
APP_03378,Michael Ward,56,Postgraduate,Salaried,21,2,Married,719115,29831,2,23098,363423,2976871,667,22,0,6,1,561962,84,Education,59926.25,38.54,0.781,6997.25,Rejected,0
APP_03379,Vickie Allen,24,Graduate,Salaried,2,2,Single,661453,26479,2,16019,184381,1794960,610,1,0,3,0,134070,84,Business,55121.08,29.06,0.203,12623.08,Rejected,0
APP_03380,Leslie Stewart,37,Postgraduate,Self-Employed,17,1,Married,727006,25737,2,17521,313400,1651275,687,15,0,5,0,172684,84,Personal,60583.83,28.92,0.238,17325.83,Approved,0
APP_03381,Zachary Erickson,38,Graduate,Salaried,9,4,Married,484452,10683,0,0,211526,8431,502,15,1,3,6,766572,84,Business,40371.0,0.0,1.582,29688.0,Rejected,1
APP_03382,Ruth Fisher,62,Graduate,Salaried,22,1,Married,441616,18685,1,10975,229373,1842574,655,18,0,4,1,317751,60,Home,36801.33,29.82,0.72,7141.33,Approved,0
APP_03383,Jenna Carlson,55,High School,Salaried,22,2,Single,934684,41707,2,20425,420434,2579925,761,25,0,3,0,631908,24,Vehicle,77890.33,26.22,0.676,15758.33,Approved,0
APP_03384,Lisa Hawkins,48,Graduate,Salaried,1,4,Married,800018,23249,0,0,41163,1736034,707,19,0,3,1,821043,12,Personal,66668.17,0.0,1.026,43419.17,Approved,0
APP_03385,Craig Nielsen,22,Postgraduate,Salaried,2,1,Married,683902,19401,2,19302,264002,661046,728,3,0,4,3,402965,48,Personal,56991.83,33.87,0.589,18288.83,Approved,0
APP_03386,Richard Snyder,61,High School,Salaried,35,4,Married,654367,27794,2,21286,222874,1770115,758,12,0,8,0,297738,48,Vehicle,54530.58,39.03,0.455,5450.58,Approved,0
APP_03387,Wendy Knox,33,High School,Self-Employed,2,1,Married,477110,15658,1,14046,176449,1666924,751,8,0,2,0,458432,120,Vehicle,39759.17,35.33,0.961,10055.17,Approved,0
APP_03388,Samantha Haney,42,Graduate,Self-Employed,5,0,Single,950165,32133,0,0,508971,3045749,680,21,0,8,1,1280861,12,Home,79180.42,0.0,1.348,47047.42,Rejected,0
APP_03389,Douglas Baker,49,Graduate,Self-Employed,17,4,Married,625399,26033,4,23452,162664,1628765,684,13,0,3,1,491054,36,Vehicle,52116.58,45.0,0.785,2631.58,Rejected,1
APP_03390,Nathan Aguilar,58,Graduate,Business Owner,26,2,Single,788104,31403,2,20332,141345,2536038,711,24,0,1,2,416112,24,Home,65675.33,30.96,0.528,13940.33,Approved,0
APP_03391,Stephen Jones,39,Graduate,Salaried,0,0,Married,532966,9173,1,16383,109802,1086471,658,19,0,7,2,180128,120,Personal,44413.83,36.89,0.338,18857.83,Approved,1
APP_03392,Joe Lyons,23,Graduate,Self-Employed,2,1,Married,772876,17305,0,0,305558,1595308,575,1,1,6,5,1087001,120,Personal,64406.33,0.0,1.406,47101.33,Rejected,1
APP_03393,Gerald Vasquez,25,High School,Salaried,4,3,Married,568338,24470,0,0,302261,2094162,722,4,0,4,1,433390,12,Business,47361.5,0.0,0.763,22891.5,Approved,0
APP_03394,Jennifer Decker,46,Graduate,Salaried,19,0,Single,609924,12568,3,22872,222530,690680,681,1,0,2,0,530627,24,Vehicle,50827.0,45.0,0.87,15387.0,Approved,0
APP_03395,Randy Escobar,22,Postgraduate,Contract,0,2,Married,324129,5912,3,12154,104432,782847,704,2,0,7,1,246769,24,Medical,27010.75,45.0,0.761,8944.75,Rejected,0
APP_03396,John Middleton,29,Graduate,Salaried,9,3,Married,699295,25814,2,26223,289821,2242437,822,3,0,3,1,569580,48,Vehicle,58274.58,45.0,0.815,6237.58,Approved,0
APP_03397,Kayla Hicks,59,Diploma,Self-Employed,30,4,Single,847398,20099,2,24946,194842,2408922,646,20,1,1,2,741432,12,Business,70616.5,35.33,0.875,25571.5,Rejected,1
APP_03398,Rachel Jordan,32,Graduate,Salaried,11,2,Married,324812,10742,0,0,63687,1067879,817,10,0,8,0,83830,24,Home,27067.67,0.0,0.258,16325.67,Approved,0
APP_03399,Jenna Richards,33,Graduate,Salaried,7,0,Single,640557,28259,0,0,116160,1661506,520,14,1,3,6,852705,24,Medical,53379.75,0.0,1.331,25120.75,Rejected,1
APP_03400,Kelly Smith,30,Graduate,Salaried,3,1,Single,784891,24764,4,29433,206730,544800,810,5,0,7,0,788681,36,Business,65407.58,45.0,1.005,11210.58,Approved,0
APP_03401,Patricia Barnes,25,Graduate,Salaried,0,1,Married,669047,25915,4,25089,238260,2535336,729,7,0,3,0,811316,36,Education,55753.92,45.0,1.213,4749.92,Approved,0
APP_03402,Terry Foster,47,Graduate,Contract,14,0,Married,387733,12592,1,5739,136130,1365294,567,19,0,2,3,417046,48,Personal,32311.08,17.76,1.076,13980.08,Rejected,0
APP_03403,David Myers,60,Graduate,Self-Employed,19,3,Single,715050,25617,0,0,243381,1340098,742,13,1,3,1,836305,84,Personal,59587.5,0.0,1.17,33970.5,Rejected,0
APP_03404,Jordan Barry,61,Postgraduate,Salaried,18,1,Single,706295,25260,4,26486,279679,1403065,618,1,0,8,0,550779,48,Business,58857.92,45.0,0.78,7111.92,Rejected,1
APP_03405,Mary Rogers,37,Graduate,Salaried,9,4,Single,627415,16082,4,23528,10000,2358161,680,6,1,7,0,638244,120,Business,52284.58,45.0,1.017,12674.58,Rejected,0
APP_03406,David Allen,34,Postgraduate,Self-Employed,1,1,Married,720744,28843,1,10200,225025,492188,628,5,1,6,0,691540,120,Medical,60062.0,16.98,0.959,21019.0,Rejected,1
APP_03407,Cynthia Olson,36,Diploma,Contract,16,1,Single,435019,12173,1,16313,244148,1034366,637,6,0,2,1,493427,60,Personal,36251.58,45.0,1.134,7765.58,Rejected,1
APP_03408,Sarah Shaw,47,Graduate,Business Owner,19,3,Married,2058184,75774,1,10790,1561578,3119978,755,21,0,5,0,1037731,24,Education,171515.33,6.29,0.504,84951.33,Approved,0
APP_03409,Tiffany Bryant,58,Postgraduate,Salaried,19,2,Married,391950,12167,3,14698,30819,590316,676,2,1,7,1,543743,84,Business,32662.5,45.0,1.387,5797.5,Rejected,1
APP_03410,Kimberly Wise,58,Graduate,Salaried,35,3,Married,868703,22090,2,32259,175756,3856394,632,20,0,5,1,867011,84,Personal,72391.92,44.56,0.998,18042.92,Rejected,0
APP_03411,Kimberly Lopez,56,High School,Salaried,10,3,Single,592159,23202,4,22205,241074,1987104,625,16,0,3,5,629806,84,Personal,49346.58,45.0,1.064,3939.58,Rejected,1
APP_03412,Bradley Bennett,50,High School,Self-Employed,20,4,Single,742984,29810,3,27861,115426,1955951,722,23,0,7,0,749126,48,Business,61915.33,45.0,1.008,4244.33,Rejected,0
APP_03413,Chelsea Walsh,30,Graduate,Salaried,10,1,Married,826356,37028,3,30988,419853,3208632,608,6,0,1,5,202786,48,Home,68863.0,45.0,0.245,847.0,Rejected,1
APP_03414,Alice Rowe,62,High School,Salaried,34,4,Married,883575,26688,3,33134,44919,2182906,660,5,0,8,0,711461,84,Medical,73631.25,45.0,0.805,13809.25,Approved,0
APP_03415,Timothy Adams,65,Postgraduate,Salaried,4,2,Married,645758,16005,0,0,163022,2134878,672,12,0,1,3,834099,12,Vehicle,53813.17,0.0,1.292,37808.17,Approved,1
APP_03416,Sean Miller,33,Graduate,Salaried,12,4,Single,239346,9943,4,8975,66646,946810,792,7,0,4,0,146905,24,Vehicle,19945.5,45.0,0.614,1027.5,Approved,0
APP_03417,Jacob Zimmerman,32,Graduate,Salaried,1,1,Married,837727,31886,1,6090,560431,1749140,771,1,0,1,0,812327,12,Home,69810.58,8.72,0.97,31834.58,Approved,0
APP_03418,Roger Henderson,49,High School,Self-Employed,12,3,Married,508076,10841,2,19052,156983,1577601,719,3,0,1,1,263661,48,Business,42339.67,45.0,0.519,12446.67,Approved,1
APP_03419,Michael Williams,60,Graduate,Salaried,17,1,Married,702519,17051,2,12741,138988,2028620,583,12,0,7,5,263662,120,Vehicle,58543.25,21.76,0.375,28751.25,Rejected,1
APP_03420,Susan Fuller,30,Diploma,Salaried,10,2,Married,541547,12449,0,0,115067,489138,759,12,0,5,0,96322,12,Personal,45128.92,0.0,0.178,32679.92,Approved,0
APP_03421,Roberta Johnson,56,Graduate,Salaried,10,2,Married,723764,32098,2,17960,270614,2246807,639,2,0,7,1,714866,48,Home,60313.67,29.78,0.988,10255.67,Rejected,0
APP_03422,Karen White,57,Graduate,Self-Employed,30,2,Married,698230,29282,2,24029,169528,1239482,685,4,0,2,1,601983,84,Business,58185.83,41.3,0.862,4874.83,Approved,1
APP_03423,John Williams,49,High School,Salaried,18,3,Single,870304,36588,2,19998,10000,3304058,652,6,0,7,2,629785,36,Personal,72525.33,27.57,0.724,15939.33,Rejected,0
APP_03424,Diana Austin DDS,56,Graduate,Salaried,17,1,Single,717462,21569,1,3454,201277,2696790,651,15,0,2,1,940980,24,Personal,59788.5,5.78,1.312,34765.5,Approved,1
APP_03425,Linda Williams,42,High School,Salaried,4,2,Single,880605,30446,4,33022,397522,2313012,761,17,0,5,0,417200,12,Medical,73383.75,45.0,0.474,9915.75,Approved,1
APP_03426,Edwin Garcia,37,Graduate,Salaried,1,3,Married,649876,14859,0,0,166804,1798765,706,6,0,5,0,543284,48,Medical,54156.33,0.0,0.836,39297.33,Approved,0
APP_03427,Linda Moore,41,Graduate,Salaried,6,4,Single,652326,20532,1,5311,310783,2076012,778,11,0,4,0,932175,60,Medical,54360.5,9.77,1.429,28517.5,Approved,0
APP_03428,Daryl Buchanan MD,62,Postgraduate,Salaried,20,0,Married,870033,35590,4,32626,10000,1639205,595,11,0,4,3,955608,36,Business,72502.75,45.0,1.098,4286.75,Rejected,1
APP_03429,Rebecca Myers,49,Graduate,Salaried,20,2,Married,572495,11602,4,21468,355367,1942199,680,20,0,5,2,674401,60,Vehicle,47707.92,45.0,1.178,14637.92,Rejected,1
APP_03430,Malik Marshall,47,Postgraduate,Self-Employed,6,0,Married,683176,20729,0,0,424559,1299178,734,21,0,3,3,827075,48,Personal,56931.33,0.0,1.211,36202.33,Approved,0
APP_03431,Aaron Cook,36,Graduate,Salaried,2,2,Married,648459,22022,4,24317,190864,1661119,686,14,1,5,1,499294,120,Home,54038.25,45.0,0.77,7699.25,Rejected,1
APP_03432,Cynthia Williams,42,Postgraduate,Contract,5,1,Married,551569,20847,4,20683,343965,547697,645,14,1,3,6,347242,12,Vehicle,45964.08,45.0,0.63,4434.08,Rejected,1
APP_03433,Beth Sims,64,High School,Self-Employed,12,4,Married,737461,23935,3,27654,293095,3701909,756,11,0,1,0,938294,24,Medical,61455.08,45.0,1.272,9866.08,Approved,0
APP_03434,Cassandra Campbell,25,Graduate,Contract,5,0,Single,485817,16373,4,18218,86032,1103449,624,3,0,1,3,410155,36,Education,40484.75,45.0,0.844,5893.75,Rejected,0
APP_03435,Kaitlyn Johnson,35,Graduate,Self-Employed,4,1,Married,694870,12059,2,14620,69832,674027,724,12,0,6,0,769548,24,Medical,57905.83,25.25,1.107,31226.83,Rejected,0
APP_03436,Susan Anderson,48,Graduate,Self-Employed,27,2,Married,864771,38211,1,9556,296861,1371909,625,19,0,1,4,116350,60,Business,72064.25,13.26,0.135,24297.25,Rejected,1
APP_03437,Peter Baker,56,Graduate,Self-Employed,3,1,Single,734480,20700,0,0,323445,508178,624,3,1,7,1,875894,120,Personal,61206.67,0.0,1.193,40506.67,Rejected,1
APP_03438,Todd Fowler,21,Graduate,Salaried,1,3,Married,426440,15414,0,0,107494,976072,607,1,1,6,3,311395,36,Home,35536.67,0.0,0.73,20122.67,Rejected,1
APP_03439,David Perez,35,Diploma,Self-Employed,2,2,Single,550209,24340,3,20632,192244,1316693,575,3,0,8,6,459584,36,Vehicle,45850.75,45.0,0.835,878.75,Rejected,0
APP_03440,Terry Moreno,40,Graduate,Salaried,16,4,Married,346924,6225,4,13009,63798,1063353,572,19,0,5,5,452265,48,Personal,28910.33,45.0,1.304,9676.33,Rejected,1
APP_03441,Patrick Tyler,21,High School,Self-Employed,0,3,Single,991012,26210,3,37162,447665,3065761,535,3,0,6,3,256871,12,Home,82584.33,45.0,0.259,19212.33,Rejected,1
APP_03442,Martha Yang,55,Postgraduate,Business Owner,31,0,Single,1058704,38465,3,39701,10000,2406852,675,19,0,6,0,363792,24,Home,88225.33,45.0,0.344,10059.33,Rejected,0
APP_03443,Kyle Montes,23,High School,Salaried,2,0,Single,638121,23748,2,14989,229181,1443111,823,3,0,2,2,777870,12,Education,53176.75,28.19,1.219,14439.75,Approved,0
APP_03444,Julie Flowers MD,57,Postgraduate,Salaried,11,4,Single,518688,22926,3,19450,25568,1672278,673,16,1,3,0,493227,84,Business,43224.0,45.0,0.951,848.0,Rejected,1
APP_03445,Jodi Cook,55,Diploma,Salaried,1,3,Married,874236,17936,3,32783,195539,3293095,635,15,1,5,0,923010,60,Home,72853.0,45.0,1.056,22134.0,Rejected,1
APP_03446,Jessica Key,50,Postgraduate,Salaried,14,4,Married,621635,13788,1,7913,217789,2032165,673,24,0,2,3,463372,24,Education,51802.92,15.28,0.745,30101.92,Approved,0
APP_03447,Barbara Aguirre,47,Diploma,Salaried,25,3,Married,887974,35771,3,29070,143603,2875801,788,2,0,8,0,532958,12,Vehicle,73997.83,39.28,0.6,9156.83,Approved,0
APP_03448,Kenneth Warren,58,Diploma,Business Owner,4,4,Married,773129,31190,2,18126,342855,2446793,754,10,0,6,0,353477,60,Business,64427.42,28.13,0.457,15111.42,Approved,0
APP_03449,Wendy Higgins,41,Graduate,Business Owner,1,3,Single,952256,39169,0,0,343168,2245631,757,8,0,4,0,1032091,48,Personal,79354.67,0.0,1.084,40185.67,Approved,1
APP_03450,Christopher Scott,37,High School,Salaried,16,0,Married,1070280,22621,0,0,200070,2332504,716,16,0,3,0,925908,24,Personal,89190.0,0.0,0.865,66569.0,Approved,0
APP_03451,Mark Sparks,34,Postgraduate,Salaried,13,2,Married,799633,23199,1,12723,474636,2719555,587,6,0,8,3,125604,60,Home,66636.08,19.09,0.157,30714.08,Rejected,0
APP_03452,Jaclyn Cuevas,51,High School,Salaried,31,1,Married,581031,25325,2,20687,39843,1372327,794,2,0,6,0,386421,48,Vehicle,48419.25,42.72,0.665,2407.25,Approved,1
APP_03453,Mrs. Gina Jacobs,40,Graduate,Salaried,7,2,Married,704752,25628,1,3798,477149,351775,786,17,0,8,0,841427,48,Personal,58729.33,6.47,1.194,29303.33,Approved,0
APP_03454,William Morris,50,Postgraduate,Salaried,14,3,Single,785128,24308,4,29442,191846,344662,710,1,0,2,0,1266659,60,Personal,65427.33,45.0,1.613,11677.33,Approved,0
APP_03455,Karen Cruz,28,Graduate,Salaried,6,4,Married,266752,8119,3,10003,159016,575641,733,8,0,1,0,402912,84,Business,22229.33,45.0,1.51,4107.33,Rejected,0
APP_03456,Kathleen Davis,22,Graduate,Business Owner,2,3,Single,1239684,29399,2,19322,140053,4545608,722,2,0,2,0,769080,84,Home,103307.0,18.7,0.62,54586.0,Approved,0
APP_03457,Tyler Spears,42,High School,Self-Employed,4,1,Married,674316,19041,2,15268,218805,1656391,666,16,0,4,2,185651,36,Education,56193.0,27.17,0.275,21884.0,Rejected,0
APP_03458,Melissa Allen,31,Graduate,Business Owner,4,3,Married,663326,19995,0,0,78623,986958,508,5,0,4,5,435494,120,Home,55277.17,0.0,0.657,35282.17,Rejected,1
APP_03459,Andrew Tucker,22,Graduate,Salaried,1,3,Single,586416,23565,4,21990,180164,1806905,632,2,0,6,2,520286,36,Medical,48868.0,45.0,0.887,3313.0,Approved,1
APP_03460,Dr. Phillip Smith,59,Graduate,Business Owner,15,0,Single,1416623,53160,1,9321,247330,4399902,700,13,0,1,3,1381231,120,Home,118051.92,7.9,0.975,55570.92,Approved,0
APP_03461,Stephanie Davis,34,Graduate,Salaried,13,3,Married,740879,30811,3,24771,271347,1949889,668,1,0,2,1,808051,12,Home,61739.92,40.12,1.091,6157.92,Approved,1
APP_03462,John Howard DDS,24,Postgraduate,Salaried,1,4,Married,694888,30359,3,26058,253805,1737281,731,5,0,1,2,594297,84,Vehicle,57907.33,45.0,0.855,1490.33,Approved,1
APP_03463,Patrick Harris,47,Graduate,Salaried,2,0,Married,544161,20257,4,20406,215918,1900627,713,23,0,3,0,482120,48,Home,45346.75,45.0,0.886,4683.75,Approved,1
APP_03464,Cindy Tapia,52,Graduate,Business Owner,1,3,Married,1127045,34850,3,29462,277020,1647881,832,4,0,6,0,1664749,36,Personal,93920.42,31.37,1.477,29608.42,Approved,0
APP_03465,Pamela Sampson,47,Graduate,Business Owner,22,3,Married,895371,37075,0,0,283651,1277070,787,13,0,3,0,597855,120,Home,74614.25,0.0,0.668,37539.25,Approved,0
APP_03466,John Lee,50,Graduate,Salaried,13,1,Married,809817,17777,3,30368,328271,1939834,844,15,0,5,0,555444,120,Home,67484.75,45.0,0.686,19339.75,Rejected,0
APP_03467,Samantha Vasquez,50,Graduate,Salaried,7,0,Single,517430,13706,0,0,154702,1678018,740,18,0,4,1,685079,24,Personal,43119.17,0.0,1.324,29413.17,Approved,0
APP_03468,Michael Jones,27,Graduate,Business Owner,0,3,Married,1299756,34768,4,48299,386488,3820899,558,8,0,7,1,1543186,60,Personal,108313.0,44.59,1.187,25246.0,Rejected,1
APP_03469,Jonathon King,31,Postgraduate,Salaried,0,4,Married,558162,14577,3,20931,229168,1309959,581,13,0,1,3,171110,48,Home,46513.5,45.0,0.307,11005.5,Rejected,1
APP_03470,Emily Williams,27,Postgraduate,Salaried,4,1,Single,761243,13766,4,28546,55012,2833654,668,2,0,2,0,762004,12,Vehicle,63436.92,45.0,1.001,21124.92,Rejected,1
APP_03471,James Hall,27,Graduate,Salaried,4,4,Single,642602,17707,0,0,133074,2536425,726,3,0,5,0,536128,24,Business,53550.17,0.0,0.834,35843.17,Approved,0
APP_03472,Glenn Crosby,51,Graduate,Salaried,22,2,Single,758246,17314,3,28434,282753,1987934,656,10,0,2,0,607653,24,Business,63187.17,45.0,0.801,17439.17,Rejected,1
APP_03473,Mr. Brian Adams,46,Diploma,Salaried,6,4,Married,982758,22700,0,0,180249,2207274,638,25,0,5,2,387296,84,Vehicle,81896.5,0.0,0.394,59196.5,Rejected,0
APP_03474,William Wolfe,43,High School,Contract,0,4,Single,622491,26099,2,8379,166890,1964284,670,24,1,4,1,979728,48,Vehicle,51874.25,16.15,1.574,17396.25,Rejected,1
APP_03475,Tanner Gay,61,Graduate,Self-Employed,30,0,Single,797717,23515,0,0,318041,1502217,620,20,1,6,1,918320,12,Education,66476.42,0.0,1.151,42961.42,Rejected,1
APP_03476,Tracy Ford,50,Graduate,Self-Employed,20,3,Married,504412,8580,4,18915,156149,1778263,581,4,0,3,5,440303,24,Medical,42034.33,45.0,0.873,14539.33,Rejected,1
APP_03477,Donna Roberts,29,Diploma,Self-Employed,2,3,Married,900786,25118,2,31127,392219,1635395,744,6,0,5,1,644120,60,Vehicle,75065.5,41.47,0.715,18820.5,Approved,0
APP_03478,Ryan Cook,64,Postgraduate,Business Owner,20,3,Married,1221490,25806,2,21860,221749,3116250,602,18,0,2,2,1212264,60,Business,101790.83,21.48,0.992,54124.83,Rejected,0
APP_03479,Tanya Clark,25,Graduate,Business Owner,0,3,Married,180000,3366,2,6750,69926,837934,615,1,1,4,0,151612,60,Education,15000.0,45.0,0.842,4884.0,Rejected,1
APP_03480,Stephanie Deleon,55,Postgraduate,Salaried,0,1,Single,309169,9965,2,11593,20232,1105632,770,25,0,2,2,58743,60,Education,25764.08,45.0,0.19,4206.08,Approved,0
APP_03481,Danielle Wiggins,23,Graduate,Salaried,2,2,Married,486892,13978,1,8824,174957,1404172,713,4,0,3,0,273374,24,Education,40574.33,21.75,0.561,17772.33,Approved,0
APP_03482,Kristopher Brown,53,Diploma,Salaried,29,4,Married,711858,23240,3,26694,299732,2534968,589,3,0,3,5,703935,120,Education,59321.5,45.0,0.989,9387.5,Rejected,1
APP_03483,Stephanie Smith,50,Diploma,Salaried,3,4,Married,566626,19318,1,3590,230032,1450522,709,12,0,1,2,716023,12,Home,47218.83,7.6,1.264,24310.83,Approved,0
APP_03484,Kenneth Mitchell MD,41,High School,Self-Employed,9,1,Married,893749,17678,3,33515,283406,2336337,765,16,0,6,2,375150,12,Business,74479.08,45.0,0.42,23286.08,Approved,0
APP_03485,Daniel Morris,28,Graduate,Self-Employed,2,3,Single,1002170,39317,2,28066,199003,4323604,597,10,1,5,1,1410219,84,Vehicle,83514.17,33.61,1.407,16131.17,Rejected,1
APP_03486,John Padilla,40,Postgraduate,Self-Employed,18,1,Single,549105,21344,1,7753,244633,2424539,850,15,0,6,0,488040,12,Medical,45758.75,16.94,0.889,16661.75,Approved,0
APP_03487,Jerry Thompson,50,Graduate,Salaried,5,1,Single,641182,14321,3,24044,103549,1829643,643,25,1,1,0,581932,120,Home,53431.83,45.0,0.908,15066.83,Rejected,1
APP_03488,Juan Lindsey,56,Postgraduate,Salaried,24,3,Single,757484,18697,3,20131,219622,3550630,751,7,0,2,0,318971,12,Personal,63123.67,31.89,0.421,24295.67,Approved,0
APP_03489,Michael Patton,52,Postgraduate,Self-Employed,30,3,Married,905430,34353,3,33953,387133,1640587,665,23,0,3,3,848883,48,Business,75452.5,45.0,0.938,7146.5,Rejected,0
APP_03490,Deborah Marshall,63,Graduate,Business Owner,35,1,Married,1437364,32632,4,34661,588558,3071182,782,1,0,6,1,1934959,60,Home,119780.33,28.94,1.346,52487.33,Approved,0
APP_03491,Kayla Ellis,54,Graduate,Business Owner,13,3,Married,1165441,32175,1,16929,242523,3049573,692,3,0,2,0,1529108,120,Vehicle,97120.08,17.43,1.312,48016.08,Approved,0
APP_03492,Steven Bullock,26,Postgraduate,Salaried,0,2,Married,849822,35416,4,27055,250733,1645808,609,4,1,5,5,891453,84,Vehicle,70818.5,38.2,1.049,8347.5,Rejected,1
APP_03493,Amanda Tapia,41,Postgraduate,Salaried,12,3,Married,734878,25749,1,17706,354682,2570078,701,20,0,3,1,652836,24,Home,61239.83,28.91,0.888,17784.83,Approved,0
APP_03494,Monica Woods,63,Diploma,Business Owner,12,3,Single,724312,25591,2,24520,125835,1663457,669,24,0,3,0,761025,84,Vehicle,60359.33,40.62,1.051,10248.33,Approved,1
APP_03495,Morgan Cole,40,Graduate,Salaried,5,1,Single,507330,14852,3,19024,239719,864870,745,17,0,5,0,392905,12,Home,42277.5,45.0,0.774,8401.5,Approved,0
APP_03496,Justin Garcia,45,Graduate,Self-Employed,10,1,Single,829621,29667,0,0,240467,3308226,619,16,0,3,4,658185,36,Medical,69135.08,0.0,0.793,39468.08,Approved,0
APP_03497,Amy Morris,56,Postgraduate,Salaried,26,2,Single,539580,9916,2,14146,184378,1655242,733,5,0,2,1,503057,120,Business,44965.0,31.46,0.932,20903.0,Approved,0
APP_03498,Lori James,35,Graduate,Salaried,0,2,Married,646875,29326,2,19521,267182,1427049,600,17,0,8,0,494656,48,Business,53906.25,36.21,0.765,5059.25,Rejected,1
APP_03499,Mark Ayala,28,Graduate,Self-Employed,0,1,Married,582772,24373,2,16681,308853,1876667,591,10,1,1,3,290238,24,Vehicle,48564.33,34.35,0.498,7510.33,Rejected,1
APP_03500,Heather Hatfield,37,Graduate,Contract,15,1,Married,468925,21250,4,17584,145220,1809441,578,1,0,3,1,254760,120,Education,39077.08,45.0,0.543,243.08,Rejected,1
APP_03501,Dana Mcdaniel,25,Postgraduate,Salaried,3,4,Married,724367,15745,2,22406,296911,1349750,656,2,0,4,2,468726,84,Personal,60363.92,37.12,0.647,22212.92,Approved,1
APP_03502,Tracy Kelly,31,Postgraduate,Business Owner,7,2,Single,836597,15495,1,4083,322892,3012333,666,8,0,6,0,680174,24,Personal,69716.42,5.86,0.813,50138.42,Approved,0
APP_03503,Jennifer Wilson,25,High School,Contract,3,4,Married,568206,14083,0,0,91207,1881589,631,5,0,8,1,491577,12,Home,47350.5,0.0,0.865,33267.5,Approved,0
APP_03504,Edward Ferrell,32,Graduate,Self-Employed,10,2,Married,671014,29499,1,14404,133524,631774,607,6,0,8,0,904572,36,Vehicle,55917.83,25.76,1.348,12014.83,Rejected,1
APP_03505,Kenneth Wells,36,Graduate,Salaried,1,0,Married,346428,7903,4,12991,193332,803297,701,12,1,1,2,567429,60,Personal,28869.0,45.0,1.638,7975.0,Rejected,1
APP_03506,Jordan Harrison,59,Graduate,Salaried,10,2,Married,552263,10498,1,16158,128919,1165311,807,5,0,8,2,331905,36,Medical,46021.92,35.11,0.601,19365.92,Approved,0
APP_03507,Brian Elliott,22,High School,Salaried,2,2,Married,601369,23947,2,18248,242569,1862682,760,1,0,6,0,648077,24,Vehicle,50114.08,36.41,1.078,7919.08,Approved,1
APP_03508,Shawna Walker,36,Graduate,Salaried,0,1,Married,505250,16355,2,18946,159334,2366593,674,14,0,4,2,251347,48,Education,42104.17,45.0,0.497,6803.17,Rejected,0
APP_03509,Dawn Johnson,56,Graduate,Salaried,33,4,Married,681272,18465,0,0,235372,330523,728,8,0,2,2,670329,84,Home,56772.67,0.0,0.984,38307.67,Approved,0
APP_03510,Kimberly Lee,24,Diploma,Salaried,0,1,Married,771256,16030,3,23873,282032,2377046,708,4,1,6,0,1043640,48,Business,64271.33,37.14,1.353,24368.33,Approved,1
APP_03511,Craig Brown,33,Graduate,Business Owner,6,2,Married,1006399,41614,3,33718,206980,2776150,576,3,1,4,5,1295130,12,Business,83866.58,40.2,1.287,8534.58,Rejected,1
APP_03512,Leslie Alexander,62,Graduate,Salaried,5,2,Married,641812,16334,0,0,130517,2252428,625,7,0,6,3,50000,36,Vehicle,53484.33,0.0,0.078,37150.33,Approved,1
APP_03513,Mr. Larry Marquez,28,Diploma,Contract,0,4,Married,615430,20726,2,18554,289187,773291,682,2,0,8,0,871846,36,Personal,51285.83,36.18,1.417,12005.83,Approved,0
APP_03514,Taylor Williams,41,Graduate,Business Owner,11,2,Married,616378,27356,1,8215,272428,1075099,634,3,0,8,0,374543,48,Business,51364.83,15.99,0.608,15793.83,Approved,0
APP_03515,Marc Matthews,33,Graduate,Business Owner,13,1,Single,643498,24928,0,0,173752,951309,704,15,0,4,3,815559,84,Business,53624.83,0.0,1.267,28696.83,Approved,0
APP_03516,Christopher Garcia DDS,35,Postgraduate,Salaried,6,3,Single,799303,16074,1,13894,226212,1189149,625,7,0,5,0,1077100,84,Business,66608.58,20.86,1.348,36640.58,Approved,1
APP_03517,John Elliott,38,Postgraduate,Business Owner,5,0,Single,1555640,47682,4,35781,526466,3183354,695,14,1,4,1,2213762,12,Personal,129636.67,27.6,1.423,46173.67,Rejected,1
APP_03518,Christopher Sims,52,High School,Salaried,11,1,Single,272611,7434,2,10222,64543,144422,750,8,0,5,0,324061,120,Business,22717.58,45.0,1.189,5061.58,Approved,0
APP_03519,Tiffany Jones,29,Graduate,Salaried,7,1,Single,585263,23783,1,16752,100066,2523013,614,7,1,6,0,121302,60,Medical,48771.92,34.35,0.207,8236.92,Rejected,0
APP_03520,Caitlin Morgan,33,Graduate,Contract,7,0,Married,590529,19731,4,22144,110552,1539481,717,8,0,1,3,853487,12,Personal,49210.75,45.0,1.445,7335.75,Rejected,1
APP_03521,Amanda Taylor MD,40,Graduate,Salaried,7,2,Married,923245,22565,2,23651,315896,1695306,569,13,0,2,0,1090228,36,Vehicle,76937.08,30.74,1.181,30721.08,Rejected,1
APP_03522,Steven Young,42,Graduate,Self-Employed,5,0,Single,1248532,40430,0,0,299645,0,672,24,0,4,0,1644993,36,Home,104044.33,0.0,1.318,63614.33,Approved,0
APP_03523,Harold Petersen,45,High School,Salaried,25,4,Married,666007,14018,0,0,371515,1857552,633,23,1,2,0,907778,120,Business,55500.58,0.0,1.363,41482.58,Approved,1
APP_03524,Danielle Brown,39,Graduate,Salaried,9,4,Single,797348,14064,0,0,330991,1925502,585,10,1,4,0,562030,60,Education,66445.67,0.0,0.705,52381.67,Rejected,1
APP_03525,Natalie Hensley,45,High School,Salaried,1,2,Single,692462,14210,0,0,241809,1707023,614,25,0,1,5,896811,12,Home,57705.17,0.0,1.295,43495.17,Rejected,1
APP_03526,Walter Munoz,22,Graduate,Salaried,1,4,Single,595443,18183,4,22329,259658,1136490,615,3,1,6,0,851034,12,Personal,49620.25,45.0,1.429,9108.25,Rejected,1
APP_03527,Rebecca Holmes,35,High School,Business Owner,15,0,Married,758124,33150,4,28429,241453,2283153,639,17,0,8,3,718892,60,Education,63177.0,45.0,0.948,1598.0,Rejected,0
APP_03528,Brian Frazier,35,Postgraduate,Self-Employed,11,1,Single,1016007,33082,4,38100,451549,3040656,641,9,1,7,6,1709512,60,Personal,84667.25,45.0,1.683,13485.25,Rejected,1
APP_03529,John Martin,40,High School,Salaried,6,1,Married,904535,22754,0,0,308163,1153646,658,22,1,6,2,670091,48,Personal,75377.92,0.0,0.741,52623.92,Approved,1
APP_03530,Mr. Daniel Hawkins MD,65,Graduate,Salaried,18,4,Single,294196,7183,2,11032,62649,674683,720,10,0,2,0,413036,12,Personal,24516.33,45.0,1.404,6301.33,Rejected,0
APP_03531,Kristy Choi,49,Diploma,Salaried,6,1,Married,405057,7716,1,14347,85372,650894,662,3,0,1,0,373742,12,Home,33754.75,42.5,0.923,11691.75,Rejected,1
APP_03532,David Malone,61,High School,Self-Employed,14,0,Married,949540,16976,3,34059,664770,3646961,716,15,0,3,1,741082,60,Personal,79128.33,43.04,0.78,28093.33,Rejected,0
APP_03533,Nicole Brown,52,High School,Salaried,16,0,Married,519936,18222,0,0,142901,1112547,708,17,0,5,0,473147,36,Business,43328.0,0.0,0.91,25106.0,Approved,0
APP_03534,Darlene Hawkins,23,Graduate,Self-Employed,0,0,Married,748639,29955,1,3356,175605,1884686,735,3,0,5,1,870006,60,Vehicle,62386.58,5.38,1.162,29075.58,Approved,1
APP_03535,Rachel Ellis,30,Postgraduate,Salaried,5,4,Single,838090,22630,4,31428,350362,2026289,716,6,0,7,0,1037764,12,Home,69840.83,45.0,1.238,15782.83,Approved,0
APP_03536,Crystal Paul,35,Graduate,Salaried,1,1,Single,703712,14629,0,0,327353,1894225,652,12,0,6,0,779775,60,Personal,58642.67,0.0,1.108,44013.67,Approved,0
APP_03537,Tommy Stewart,48,High School,Salaried,1,2,Married,759026,32964,4,28463,209414,2176064,808,20,0,1,1,472438,12,Medical,63252.17,45.0,0.622,1825.17,Approved,0
APP_03538,Karen Page,60,Postgraduate,Self-Employed,18,1,Married,1136292,21993,4,38132,340291,2264549,769,2,0,2,0,716039,12,Personal,94691.0,40.27,0.63,34566.0,Approved,0
APP_03539,Jenny Anderson,60,Diploma,Salaried,21,0,Married,620976,14734,4,23286,191018,2167057,672,25,0,5,3,247324,24,Personal,51748.0,45.0,0.398,13728.0,Approved,1
APP_03540,Amy Hernandez PhD,42,Postgraduate,Salaried,11,1,Single,692688,18769,3,25975,186285,1391559,584,15,1,2,4,299036,120,Vehicle,57724.0,45.0,0.432,12980.0,Rejected,1
APP_03541,Brian Allen,29,Postgraduate,Self-Employed,4,1,Married,272647,5341,1,10224,141340,350171,675,5,0,4,2,212900,84,Vehicle,22720.58,45.0,0.781,7155.58,Approved,1
APP_03542,Lindsey Zamora,46,Diploma,Self-Employed,14,0,Married,700521,22627,1,10870,207556,2521676,719,24,0,1,3,275796,36,Personal,58376.75,18.62,0.394,24879.75,Approved,0
APP_03543,Robert Fox,32,Diploma,Business Owner,3,1,Married,1135329,47348,1,15842,166631,4355475,615,13,0,4,2,1283640,60,Business,94610.75,16.74,1.131,31420.75,Rejected,1
APP_03544,Dylan Bishop,54,Graduate,Salaried,25,1,Married,765085,13438,4,28690,296998,2067683,617,24,0,6,5,763405,60,Personal,63757.08,45.0,0.998,21629.08,Rejected,1
APP_03545,Jennifer Contreras,32,Postgraduate,Self-Employed,7,2,Single,1250799,38770,1,11340,480467,4231807,667,7,0,3,0,1182480,60,Business,104233.25,10.88,0.945,54123.25,Approved,0
APP_03546,Kendra Turner,61,Postgraduate,Salaried,9,2,Married,849853,22700,3,20833,248903,1751699,845,6,0,4,1,595633,84,Personal,70821.08,29.42,0.701,27288.08,Approved,0
APP_03547,Heather White,57,Graduate,Self-Employed,23,3,Married,545099,17158,1,16364,241068,1783782,602,25,1,4,6,308836,12,Vehicle,45424.92,36.02,0.567,11902.92,Rejected,1
APP_03548,David Gray,35,Diploma,Self-Employed,10,3,Single,511904,9782,0,0,157121,2077089,785,1,0,2,0,669874,84,Medical,42658.67,0.0,1.309,32876.67,Approved,0
APP_03549,Nathan Patel,45,Graduate,Salaried,20,1,Single,353201,9883,4,13245,119477,263981,709,20,0,1,0,243128,120,Business,29433.42,45.0,0.688,6305.42,Approved,0
APP_03550,Megan Palmer,40,Graduate,Salaried,13,4,Married,700798,31699,2,18780,249504,1560365,718,10,0,8,1,98584,84,Personal,58399.83,32.16,0.141,7920.83,Approved,0
APP_03551,April Black,60,Graduate,Contract,34,4,Married,538224,17439,1,10447,285397,555273,679,5,0,4,1,224105,120,Medical,44852.0,23.29,0.416,16966.0,Rejected,0
APP_03552,William Bush,61,Graduate,Salaried,30,3,Married,415494,12243,0,0,64204,1204395,688,14,0,4,1,160822,48,Home,34624.5,0.0,0.387,22381.5,Approved,0
APP_03553,Rachel Padilla,65,High School,Contract,21,2,Married,548201,22020,1,17541,284920,1907816,610,2,0,5,4,725811,48,Home,45683.42,38.4,1.324,6122.42,Rejected,1
APP_03554,Christine Hall,38,Graduate,Salaried,3,1,Married,1047709,43089,0,0,359931,3046536,701,10,0,2,0,1041295,84,Home,87309.08,0.0,0.994,44220.08,Approved,0
APP_03555,Erin Wagner,63,Diploma,Self-Employed,35,2,Single,1028138,18512,4,38555,49089,2469722,659,6,1,3,0,997469,24,Personal,85678.17,45.0,0.97,28611.17,Rejected,1
APP_03556,Brandon Bryant,26,High School,Self-Employed,4,3,Single,1270290,36898,4,47635,437549,2736778,769,5,0,3,0,996350,36,Personal,105857.5,45.0,0.784,21324.5,Approved,0
APP_03557,Taylor Evans,38,Graduate,Business Owner,18,4,Single,1168978,27726,2,12851,339936,5960582,817,10,0,3,0,1201475,84,Vehicle,97414.83,13.19,1.028,56837.83,Approved,0
APP_03558,Lauren Moore,61,Graduate,Salaried,6,0,Single,989778,39301,1,15729,276158,3273352,635,15,0,8,6,496806,84,Vehicle,82481.5,19.07,0.502,27451.5,Approved,1
APP_03559,Alison Williams,28,Graduate,Salaried,4,3,Single,756283,20125,3,17302,223798,1561928,678,10,0,6,0,583741,24,Personal,63023.58,27.45,0.772,25596.58,Approved,0
APP_03560,Dana Thomas,45,Graduate,Self-Employed,4,3,Married,705404,13355,2,13090,278182,2925604,742,18,0,2,1,714074,36,Personal,58783.67,22.27,1.012,32338.67,Approved,0
APP_03561,David Adams,61,High School,Salaried,10,1,Married,636225,22128,3,23858,313159,1898520,649,14,0,7,0,380145,36,Vehicle,53018.75,45.0,0.598,7032.75,Approved,1
APP_03562,Danielle Orr,24,Graduate,Salaried,3,1,Single,706068,14733,4,26477,313546,1804664,671,3,0,8,0,364601,48,Home,58839.0,45.0,0.516,17629.0,Approved,1
APP_03563,Susan Vaughn,48,Graduate,Salaried,4,0,Single,843489,25892,1,14796,245394,2737278,695,3,0,3,0,1171899,84,Personal,70290.75,21.05,1.389,29602.75,Approved,0
APP_03564,Alexander Rasmussen,36,Graduate,Salaried,6,4,Married,532738,13980,0,0,168916,1676345,647,15,0,8,2,453265,60,Education,44394.83,0.0,0.851,30414.83,Approved,1
APP_03565,Alan Harper,46,High School,Salaried,10,1,Single,748729,18186,3,23702,48894,2154487,709,20,1,4,1,752026,84,Home,62394.08,37.99,1.004,20506.08,Rejected,1
APP_03566,Christina Vasquez,21,Graduate,Salaried,1,0,Single,779490,19501,0,0,364827,1635365,655,3,0,3,0,406921,36,Home,64957.5,0.0,0.522,45456.5,Approved,0
APP_03567,Christopher Humphrey,24,Graduate,Salaried,1,1,Single,899753,21116,3,33262,236936,1361514,749,2,0,1,0,448983,120,Education,74979.42,44.36,0.499,20601.42,Rejected,1
APP_03568,Kenneth Porter,49,High School,Salaried,21,0,Married,858807,18013,4,32205,76269,1388375,556,13,0,6,1,822410,84,Personal,71567.25,45.0,0.958,21349.25,Approved,0
APP_03569,Elizabeth Myers,38,Postgraduate,Salaried,2,4,Married,538652,18220,4,20199,73932,1264455,673,2,1,3,0,73253,12,Business,44887.67,45.0,0.136,6468.67,Approved,1
APP_03570,Patricia Nichols,60,Graduate,Self-Employed,29,2,Married,787387,29231,4,29527,241737,1351832,685,6,0,3,2,565926,12,Home,65615.58,45.0,0.719,6857.58,Approved,0
APP_03571,Jessica Rogers,37,Postgraduate,Salaried,10,3,Married,445759,10964,1,4107,130133,872402,679,15,0,6,2,392814,48,Vehicle,37146.58,11.06,0.881,22075.58,Approved,0
APP_03572,Jason Little,54,Graduate,Contract,24,4,Married,714369,25423,0,0,232632,837668,507,21,0,3,1,968140,120,Education,59530.75,0.0,1.355,34107.75,Rejected,1
APP_03573,Martha Hoffman,43,Diploma,Salaried,19,4,Married,1354893,30923,3,30908,59170,3700629,598,7,1,5,6,1220972,36,Home,112907.75,27.37,0.901,51076.75,Rejected,1
APP_03574,Jennifer Rivers,47,Graduate,Salaried,12,4,Single,693575,20328,0,0,159453,2043806,672,21,0,3,2,829611,36,Vehicle,57797.92,0.0,1.196,37469.92,Approved,0
APP_03575,Michele Keller,21,Diploma,Salaried,0,0,Married,258420,7674,1,9690,82302,944217,574,3,1,7,4,218672,24,Medical,21535.0,45.0,0.846,4171.0,Rejected,1
APP_03576,Jared Brooks,34,Postgraduate,Salaried,2,4,Married,624824,17324,0,0,99983,1866507,810,13,0,2,0,294233,60,Personal,52068.67,0.0,0.471,34744.67,Approved,0
APP_03577,Hannah Padilla,56,Diploma,Salaried,6,3,Single,949566,19717,1,13669,233689,403703,611,3,0,6,3,662798,48,Vehicle,79130.5,17.27,0.698,45744.5,Rejected,0
APP_03578,Wendy Madden,26,Diploma,Salaried,1,1,Married,776758,31131,4,29128,387882,1936264,667,1,0,5,3,995265,48,Home,64729.83,45.0,1.281,4470.83,Rejected,1
APP_03579,Ryan Bowen,32,Diploma,Salaried,2,4,Single,180190,5563,0,0,81892,486189,625,12,0,8,3,261000,12,Business,15015.83,0.0,1.448,9452.83,Approved,0
APP_03580,Veronica Logan,54,Postgraduate,Self-Employed,22,4,Married,1167866,44819,1,11533,192763,2851874,608,12,0,1,2,1690158,12,Vehicle,97322.17,11.85,1.447,40970.17,Rejected,1
APP_03581,Patrick Hayden,52,Graduate,Salaried,21,1,Single,823057,25317,2,13380,93271,1872907,725,18,0,8,0,477404,48,Medical,68588.08,19.51,0.58,29891.08,Approved,0
APP_03582,Douglas Lewis,49,High School,Salaried,22,4,Married,490813,16371,4,18405,111292,1422350,588,25,0,2,1,194231,84,Vehicle,40901.08,45.0,0.396,6125.08,Rejected,1
APP_03583,Chelsea Collins,46,Graduate,Self-Employed,22,0,Married,587390,25637,1,9684,153505,1472405,664,8,0,5,0,776598,60,Personal,48949.17,19.78,1.322,13628.17,Approved,0
APP_03584,Misty Frost,59,Graduate,Salaried,18,0,Single,586882,10686,3,22008,208981,2080895,661,8,0,2,2,722257,60,Medical,48906.83,45.0,1.231,16212.83,Rejected,1
APP_03585,Karen Wilson,49,Graduate,Self-Employed,18,3,Single,673647,14298,3,22445,210400,1384393,672,3,0,8,3,684961,24,Vehicle,56137.25,39.98,1.017,19394.25,Rejected,0
APP_03586,Ashley Duke,57,Postgraduate,Salaried,31,3,Single,485556,8163,3,18208,61251,920088,739,5,0,8,1,365604,84,Personal,40463.0,45.0,0.753,14092.0,Rejected,0
APP_03587,Matthew Young,43,Graduate,Business Owner,12,0,Married,505057,21833,4,18939,12741,890333,844,5,0,8,2,90033,36,Education,42088.08,45.0,0.178,1316.08,Approved,0
APP_03588,Olivia Johnson,25,Postgraduate,Self-Employed,4,0,Single,1227266,39789,1,11477,263282,2213681,781,4,0,5,0,1819291,60,Home,102272.17,11.22,1.482,51006.17,Approved,1
APP_03589,Ashley Macdonald,38,Diploma,Self-Employed,5,0,Single,895860,17809,3,33594,250092,1651558,644,10,1,6,3,88284,60,Personal,74655.0,45.0,0.099,23252.0,Rejected,1
APP_03590,Matthew Smith,42,Graduate,Business Owner,18,2,Married,1340340,52825,1,12885,620108,3557690,737,7,0,5,1,2041911,48,Business,111695.0,11.54,1.523,45985.0,Approved,0
APP_03591,Jennifer Barnett,52,Graduate,Contract,17,2,Single,189576,5199,4,7109,26983,375633,813,2,0,4,1,140556,36,Personal,15798.0,45.0,0.741,3490.0,Approved,0
APP_03592,Ian Soto,53,Diploma,Self-Employed,32,2,Married,528656,12656,0,0,151658,456441,680,14,0,8,0,477248,12,Home,44054.67,0.0,0.903,31398.67,Approved,0
APP_03593,Ashley Walters,46,Graduate,Business Owner,14,0,Married,1384650,45851,0,0,185763,4001161,615,24,0,1,0,951317,60,Business,115387.5,0.0,0.687,69536.5,Rejected,0
APP_03594,Fernando Cabrera,58,High School,Self-Employed,29,4,Single,1000671,39670,2,15843,103960,1200325,637,20,1,5,3,649414,84,Business,83389.25,19.0,0.649,27876.25,Rejected,0
APP_03595,Courtney Torres,59,Graduate,Salaried,9,1,Married,580721,22459,2,15203,192764,1307798,609,23,0,8,0,833377,84,Home,48393.42,31.42,1.435,10731.42,Approved,0
APP_03596,Juan Jenkins,41,Graduate,Self-Employed,0,0,Married,709749,15761,1,15636,280462,1837869,754,21,0,2,1,284040,36,Personal,59145.75,26.44,0.4,27748.75,Approved,0
APP_03597,Zachary Williams,50,Graduate,Salaried,19,2,Single,570831,13572,1,10364,264118,1604803,737,10,0,8,2,427361,12,Personal,47569.25,21.79,0.749,23633.25,Approved,0
APP_03598,Peter Mendez,65,High School,Self-Employed,6,2,Married,655225,22178,2,14805,174573,2191685,714,24,0,3,0,353474,84,Business,54602.08,27.11,0.539,17619.08,Approved,0
APP_03599,Eric Webb,27,Diploma,Salaried,4,0,Married,835313,19325,0,0,226991,2442557,789,2,0,1,0,773958,24,Business,69609.42,0.0,0.927,50284.42,Approved,0
APP_03600,David Zamora,43,Graduate,Self-Employed,12,1,Single,407598,17576,0,0,212327,777768,758,8,0,4,1,219382,24,Home,33966.5,0.0,0.538,16390.5,Approved,0
APP_03601,Jennifer Wilson,29,Graduate,Self-Employed,3,3,Married,798378,22298,3,26374,367057,2623176,803,2,0,3,0,1153320,48,Personal,66531.5,39.64,1.445,17859.5,Approved,0
APP_03602,Stacy Miller,52,Graduate,Business Owner,28,2,Single,1478479,27613,1,17606,288607,6103712,847,4,0,5,0,781455,24,Education,123206.58,14.29,0.529,77987.58,Approved,0
APP_03603,Bradley Mcpherson,36,Graduate,Salaried,9,0,Married,920605,41880,3,29484,104779,1022272,686,3,0,5,1,566198,120,Medical,76717.08,38.43,0.615,5353.08,Approved,0
APP_03604,Brandon Sanchez,31,Diploma,Business Owner,3,4,Married,1067348,25736,3,27447,282962,2631609,794,13,0,3,1,573803,84,Education,88945.67,30.86,0.538,35762.67,Approved,0
APP_03605,Kimberly Velez,40,Diploma,Salaried,20,4,Single,628432,20251,4,23566,214452,2136265,581,6,0,3,5,355303,60,Home,52369.33,45.0,0.565,8552.33,Rejected,1
APP_03606,Stephen Sanchez,35,Diploma,Salaried,14,4,Married,546885,23401,0,0,212087,817000,643,15,0,6,3,258490,12,Home,45573.75,0.0,0.473,22172.75,Rejected,1
APP_03607,Jamie Baker,34,Graduate,Salaried,2,4,Married,542723,16303,0,0,107429,523069,684,4,0,5,2,509288,36,Personal,45226.92,0.0,0.938,28923.92,Approved,0
APP_03608,Nicole Ramos,37,Graduate,Self-Employed,7,0,Married,1038127,22573,2,18384,289781,1045147,747,4,0,7,0,992405,24,Vehicle,86510.58,21.25,0.956,45553.58,Approved,0
APP_03609,Jennifer Higgins,47,Graduate,Salaried,24,1,Single,853824,28623,2,25110,351294,1460761,724,15,1,2,0,642544,84,Vehicle,71152.0,35.29,0.753,17419.0,Approved,1
APP_03610,Cynthia Rose,44,Diploma,Salaried,4,2,Married,1073396,20530,0,0,161117,2381190,747,12,0,3,1,853157,120,Business,89449.67,0.0,0.795,68919.67,Approved,0
APP_03611,Keith Harding,30,Graduate,Salaried,6,4,Married,483937,21034,3,18147,62721,1053974,771,4,0,1,0,367762,60,Home,40328.08,45.0,0.76,1147.08,Approved,1
APP_03612,Phillip Cooper,58,Diploma,Salaried,9,3,Single,689343,20125,1,13620,197337,832333,717,12,0,8,0,908189,36,Home,57445.25,23.71,1.317,23700.25,Approved,0
APP_03613,Susan Frost,47,Postgraduate,Salaried,4,1,Married,528945,21509,0,0,176474,1429312,715,3,0,6,1,249402,24,Vehicle,44078.75,0.0,0.472,22569.75,Approved,0
APP_03614,Deborah Knox,32,Postgraduate,Contract,8,1,Married,761239,31679,4,28546,111366,1632121,626,4,0,7,5,567826,60,Home,63436.58,45.0,0.746,3211.58,Rejected,1
APP_03615,Kristina Peters MD,63,Graduate,Contract,14,4,Married,397481,9212,2,14905,124862,1289501,821,14,0,8,0,336537,120,Education,33123.42,45.0,0.847,9006.42,Rejected,0
APP_03616,Patricia Harrison,59,Graduate,Business Owner,20,1,Married,966191,36166,0,0,353218,1943008,724,6,0,7,3,822870,84,Education,80515.92,0.0,0.852,44349.92,Rejected,0
APP_03617,Debra Curtis,24,Graduate,Salaried,0,2,Married,762901,23281,1,3482,105633,3010798,728,6,1,5,3,1019036,60,Business,63575.08,5.48,1.336,36812.08,Rejected,1
APP_03618,Michael Booker,40,Postgraduate,Business Owner,5,1,Married,1226638,37154,4,23725,238157,3328705,597,15,1,8,4,365630,12,Medical,102219.83,23.21,0.298,41340.83,Rejected,1
APP_03619,Jonathan Nicholson,29,Graduate,Salaried,2,3,Single,605510,20299,0,0,176210,755307,751,9,0,5,0,261432,84,Education,50459.17,0.0,0.432,30160.17,Approved,0
APP_03620,Aaron Dickerson,26,Graduate,Business Owner,1,2,Married,592515,26067,4,22219,114173,1411447,738,3,0,5,2,896588,24,Medical,49376.25,45.0,1.513,1090.25,Approved,1
APP_03621,Mark Rios,23,Graduate,Salaried,1,4,Married,392703,8869,4,14726,141115,679627,709,5,0,2,0,542956,24,Business,32725.25,45.0,1.383,9130.25,Rejected,0
APP_03622,Matthew Smith,35,Postgraduate,Salaried,12,0,Single,663393,17710,1,15901,188623,1651848,589,6,0,1,4,678360,48,Personal,55282.75,28.76,1.023,21671.75,Rejected,1
APP_03623,Dylan Logan,27,Graduate,Salaried,5,4,Single,585381,15448,1,8764,208840,1633748,685,3,0,2,0,809138,84,Medical,48781.75,17.97,1.382,24569.75,Rejected,0
APP_03624,Sarah Gibbs,32,Graduate,Self-Employed,2,3,Single,1374751,26410,0,0,280137,3319132,556,13,0,1,0,729470,24,Business,114562.58,0.0,0.531,88152.58,Approved,0
APP_03625,Randy Love,32,Graduate,Self-Employed,9,0,Married,498458,20114,1,11362,235737,1333419,653,9,0,7,0,811981,60,Vehicle,41538.17,27.35,1.629,10062.17,Approved,0
APP_03626,Patrick Snyder,58,Diploma,Business Owner,25,1,Single,1111858,34711,3,32321,184073,2384189,730,23,0,8,1,336565,120,Home,92654.83,34.88,0.303,25622.83,Rejected,0
APP_03627,Alexis Carter,57,Graduate,Salaried,30,0,Married,573168,12935,1,12099,121123,1083921,715,16,0,8,0,654427,12,Business,47764.0,25.33,1.142,22730.0,Approved,0
APP_03628,Kelly Parsons,34,Graduate,Contract,10,1,Single,287575,9732,1,10784,38266,498548,722,6,0,4,1,262973,36,Education,23964.58,45.0,0.914,3448.58,Approved,0
APP_03629,Mark Ramirez,36,Postgraduate,Salaried,15,2,Single,670247,14063,2,24507,382952,1909847,682,5,1,4,4,1078574,84,Vehicle,55853.92,43.88,1.609,17283.92,Rejected,1
APP_03630,Mrs. Eileen Franklin,35,Postgraduate,Salaried,4,2,Married,507337,10568,3,19025,91702,1533718,681,10,0,4,2,333339,60,Education,42278.08,45.0,0.657,12685.08,Approved,1
APP_03631,Michelle Novak,33,Graduate,Salaried,2,2,Single,481689,19352,0,0,182136,677155,674,7,0,6,0,415914,60,Medical,40140.75,0.0,0.863,20788.75,Approved,0
APP_03632,David Medina MD,32,Diploma,Salaried,5,3,Single,641534,16985,2,23082,97988,1573263,674,13,0,3,1,588233,60,Business,53461.17,43.18,0.917,13394.17,Approved,0
APP_03633,Morgan Foley,64,Graduate,Salaried,19,2,Married,538808,15531,1,4617,166332,1185626,733,4,0,5,2,366799,24,Medical,44900.67,10.28,0.681,24752.67,Approved,0
APP_03634,Brandon Golden,59,Graduate,Self-Employed,27,4,Single,797712,20298,4,29211,390456,2029444,789,14,0,6,0,1196273,36,Vehicle,66476.0,43.94,1.5,16967.0,Approved,0
APP_03635,Ian Cherry,57,Graduate,Salaried,4,2,Single,633394,27923,4,23752,94374,2131085,746,8,0,8,0,604966,12,Personal,52782.83,45.0,0.955,1107.83,Approved,0
APP_03636,Rachel Hess,49,Graduate,Self-Employed,19,1,Single,725656,20701,3,27212,294700,1906687,651,4,0,5,4,565050,48,Business,60471.33,45.0,0.779,12558.33,Rejected,0
APP_03637,Marisa Smith,24,High School,Self-Employed,3,3,Married,749329,28417,3,28099,300526,1434791,595,5,0,3,4,408910,24,Business,62444.08,45.0,0.546,5928.08,Rejected,1
APP_03638,Justin Walker,38,Graduate,Self-Employed,17,4,Married,465499,11462,0,0,137896,2015342,746,6,0,2,2,107135,120,Education,38791.58,0.0,0.23,27329.58,Approved,0
APP_03639,Julie Mueller,26,Graduate,Contract,5,0,Single,627609,19625,3,21279,184964,2563951,606,1,0,5,2,912746,36,Personal,52300.75,40.69,1.454,11396.75,Rejected,1
APP_03640,Jimmy Wright,30,Postgraduate,Salaried,1,1,Single,180000,3191,4,6750,79415,210012,643,6,0,1,3,254871,24,Personal,15000.0,45.0,1.416,5059.0,Rejected,0
APP_03641,Jeffrey Young,45,Graduate,Self-Employed,11,2,Single,1086062,35327,1,13102,254239,2930787,737,24,0,2,0,345036,36,Home,90505.17,14.48,0.318,42076.17,Approved,0
APP_03642,Julie Chen,32,Graduate,Salaried,11,2,Single,424729,8550,3,15927,130168,1532836,656,2,0,1,2,372535,24,Business,35394.08,45.0,0.877,10917.08,Approved,0
APP_03643,Travis Davis,21,Graduate,Salaried,0,4,Single,657456,29708,4,24654,373904,1710368,739,3,0,6,0,538283,120,Personal,54788.0,45.0,0.819,426.0,Approved,1
APP_03644,Renee Lawson,34,High School,Business Owner,4,0,Married,1062841,20413,3,22656,301895,2183872,743,1,0,5,0,950111,12,Education,88570.08,25.58,0.894,45501.08,Approved,0
APP_03645,Thomas Carter,60,Graduate,Contract,0,3,Single,635508,26190,3,23831,367743,873680,679,12,0,6,3,751920,48,Personal,52959.0,45.0,1.183,2938.0,Rejected,1
APP_03646,April Martin,61,Postgraduate,Contract,14,4,Married,326899,7096,0,0,124093,689721,617,21,0,8,6,282587,48,Medical,27241.58,0.0,0.864,20145.58,Approved,1
APP_03647,Joshua Pitts,64,Postgraduate,Salaried,9,4,Single,486078,12223,1,9045,209310,1707382,602,5,1,7,0,599834,120,Vehicle,40506.5,22.33,1.234,19238.5,Rejected,1
APP_03648,John Booker,65,Graduate,Salaried,24,1,Married,461189,16129,1,7934,400180,1062213,756,2,1,6,0,679970,60,Personal,38432.42,20.64,1.474,14369.42,Approved,1
APP_03649,Mrs. Sydney Avila MD,54,Postgraduate,Self-Employed,9,0,Married,404239,15735,2,15158,122545,338414,738,22,1,7,0,449506,48,Education,33686.58,45.0,1.112,2793.58,Rejected,1
APP_03650,Edward Wilson,23,Graduate,Salaried,1,3,Married,737614,14936,2,13171,237519,1178917,586,5,0,1,5,147181,60,Home,61467.83,21.43,0.2,33360.83,Rejected,1
APP_03651,Brandon Porter,45,Graduate,Salaried,23,4,Single,708823,16055,3,26580,10000,1203298,729,6,1,4,1,497188,24,Medical,59068.58,45.0,0.701,16433.58,Rejected,1
APP_03652,Darren Diaz,51,Graduate,Business Owner,5,3,Single,991519,34405,3,30633,484355,3274401,730,19,0,6,2,425417,12,Business,82626.58,37.07,0.429,17588.58,Rejected,0
APP_03653,Sara Peterson,58,Graduate,Salaried,17,1,Married,592291,26471,3,22210,241053,2019849,740,12,0,3,1,635654,120,Home,49357.58,45.0,1.073,676.58,Approved,1
APP_03654,Margaret Reid,24,Graduate,Self-Employed,2,0,Single,775063,14877,2,21268,97873,2546243,595,6,0,2,3,1048759,12,Personal,64588.58,32.93,1.353,28443.58,Rejected,1
APP_03655,Jacob Hanson,24,Postgraduate,Business Owner,0,3,Married,466912,9427,2,17509,58838,950929,715,2,0,2,1,254703,120,Personal,38909.33,45.0,0.546,11973.33,Approved,0
APP_03656,Jason Huffman,52,Graduate,Business Owner,9,2,Married,180000,6839,0,0,84390,537597,741,20,0,6,3,50000,84,Business,15000.0,0.0,0.278,8161.0,Approved,0
APP_03657,George Williams,52,Graduate,Salaried,26,1,Married,480637,20121,3,16706,216990,1250666,532,24,0,7,5,356964,12,Vehicle,40053.08,41.71,0.743,3226.08,Rejected,1
APP_03658,Andrew Sanders,31,Diploma,Salaried,2,0,Single,1111495,47169,4,27506,166336,2439099,559,12,0,1,5,784278,60,Medical,92624.58,29.7,0.706,17949.58,Rejected,1
APP_03659,Jeffrey Huynh,47,Postgraduate,Self-Employed,26,0,Single,831649,26263,0,0,206267,1482538,651,8,0,6,1,379817,12,Home,69304.08,0.0,0.457,43041.08,Approved,0
APP_03660,Noah Hughes,31,Diploma,Salaried,8,1,Single,475343,15615,3,17825,60647,1525843,708,4,0,5,3,630579,24,Education,39611.92,45.0,1.327,6171.92,Approved,1
APP_03661,Victoria Golden,40,Diploma,Business Owner,11,2,Single,764623,14480,1,5850,293069,2649503,615,7,0,4,0,518405,60,Vehicle,63718.58,9.18,0.678,43388.58,Approved,1
APP_03662,Brian Hooper,63,Graduate,Salaried,22,0,Single,453551,16163,3,17008,137534,1238406,659,11,0,4,1,416951,12,Home,37795.92,45.0,0.919,4624.92,Approved,0
APP_03663,Nancy Wilson,50,Postgraduate,Salaried,3,4,Married,564229,18914,0,0,241888,1127363,669,7,0,5,2,427924,36,Home,47019.08,0.0,0.758,28105.08,Approved,0
APP_03664,Melissa King,63,Graduate,Business Owner,15,2,Married,1412311,25241,3,22169,591430,5900922,604,3,0,7,4,1621792,36,Business,117692.58,18.84,1.148,70282.58,Rejected,1
APP_03665,Pamela Oneal,65,High School,Salaried,17,2,Married,810729,27391,2,22726,194778,2166954,615,22,0,6,0,688466,84,Vehicle,67560.75,33.64,0.849,17443.75,Approved,0
APP_03666,Gerald Cruz,56,Graduate,Salaried,35,3,Single,551360,22143,4,20676,250398,1219888,708,16,0,6,1,437230,36,Home,45946.67,45.0,0.793,3127.67,Approved,0
APP_03667,Gary Park,60,Diploma,Salaried,16,1,Single,765365,18200,1,12367,560204,3464765,607,11,0,7,3,319382,36,Business,63780.42,19.39,0.417,33213.42,Rejected,1
APP_03668,Kenneth Bush,22,Postgraduate,Salaried,0,4,Married,903074,28519,0,0,221276,1843915,756,1,0,1,1,695871,24,Business,75256.17,0.0,0.771,46737.17,Approved,0
APP_03669,Brett Jones,56,High School,Salaried,19,0,Married,640731,13653,2,23915,283346,1829690,539,20,0,2,1,620645,36,Vehicle,53394.25,44.79,0.969,15826.25,Rejected,1
APP_03670,Richard Daniel,22,Graduate,Salaried,2,3,Married,676011,12784,1,14134,288594,1628928,777,4,0,2,0,134173,120,Vehicle,56334.25,25.09,0.198,29416.25,Approved,0
APP_03671,Pamela Bullock,42,Graduate,Salaried,0,4,Married,651968,17580,3,24448,215545,1535453,697,1,0,1,0,835593,24,Personal,54330.67,45.0,1.282,12302.67,Rejected,1
APP_03672,Michelle Alvarado,44,High School,Salaried,21,2,Single,523132,13005,2,19617,330114,1210393,653,9,0,8,0,374552,60,Medical,43594.33,45.0,0.716,10972.33,Rejected,0
APP_03673,Ryan West,30,Diploma,Salaried,8,3,Married,626039,17775,4,23476,90563,1783582,799,3,0,1,0,529763,48,Education,52169.92,45.0,0.846,10918.92,Approved,0
APP_03674,Tracy James,33,Graduate,Business Owner,12,3,Single,1151630,19285,4,43186,10000,3209065,752,7,0,4,0,1565374,120,Education,95969.17,45.0,1.359,33498.17,Approved,0
APP_03675,Faith Trevino,26,Graduate,Salaried,3,1,Single,638651,12343,4,23949,160827,1619248,587,7,1,2,5,857774,60,Education,53220.92,45.0,1.343,16928.92,Rejected,1
APP_03676,Megan Hernandez,39,Graduate,Salaried,4,3,Single,775799,21913,1,10010,349729,1058178,690,13,0,3,0,1155185,36,Personal,64649.92,15.48,1.489,32726.92,Rejected,0
APP_03677,Jacqueline Beck,62,Postgraduate,Self-Employed,12,1,Married,720278,30175,3,27010,263589,1695637,665,7,0,3,1,461813,60,Personal,60023.17,45.0,0.641,2838.17,Rejected,1
APP_03678,Julia Blackwell,41,Postgraduate,Salaried,12,3,Single,1176410,28053,2,23868,154558,3208957,744,16,1,7,0,1247477,120,Home,98034.17,24.35,1.06,46113.17,Rejected,1
APP_03679,Andre Moreno,44,Postgraduate,Salaried,0,0,Single,598171,14303,4,22431,44475,0,680,10,0,7,0,677193,48,Vehicle,49847.58,45.0,1.132,13113.58,Rejected,0
APP_03680,Alison Johnson,23,Postgraduate,Self-Employed,1,3,Married,538984,20563,2,20211,23368,1238135,767,2,0,1,0,706276,48,Vehicle,44915.33,45.0,1.31,4141.33,Approved,1
APP_03681,Jennifer Blake,25,High School,Contract,0,3,Single,670666,30470,1,13857,83350,3037427,732,6,0,4,1,1032516,48,Business,55888.83,24.79,1.54,11561.83,Approved,0
APP_03682,Alexis Joseph,22,Graduate,Salaried,0,2,Single,631227,11691,0,0,286493,1177733,684,1,0,5,0,50000,48,Vehicle,52602.25,0.0,0.079,40911.25,Approved,0
APP_03683,Aaron Tucker,39,Graduate,Salaried,19,4,Married,516696,13995,4,19376,127377,1264761,737,18,0,2,0,255917,84,Vehicle,43058.0,45.0,0.495,9687.0,Approved,0
APP_03684,Andrew Campbell,51,Postgraduate,Salaried,31,4,Married,533530,17135,1,4565,39489,1053269,722,21,1,7,1,285684,120,Vehicle,44460.83,10.27,0.535,22760.83,Approved,0
APP_03685,Heather Ramos,53,Postgraduate,Salaried,6,0,Single,558397,14251,4,20939,94024,1329126,650,25,0,1,0,548455,120,Personal,46533.08,45.0,0.982,11343.08,Approved,0
APP_03686,Jose Kline,63,Graduate,Salaried,2,3,Single,825878,21581,3,25084,167771,2777457,624,5,0,7,6,946946,36,Vehicle,68823.17,36.45,1.147,22158.17,Rejected,1
APP_03687,Charles Mccann,43,Graduate,Salaried,5,3,Single,505402,13773,4,18952,77962,1003141,765,20,0,3,0,911099,120,Vehicle,42116.83,45.0,1.803,9391.83,Rejected,0
APP_03688,Danielle Davis,23,High School,Contract,0,4,Married,458433,13784,1,12921,135514,1044593,691,1,0,1,1,656987,24,Education,38202.75,33.82,1.433,11497.75,Rejected,1
APP_03689,Lisa Bradford,35,Diploma,Salaried,11,4,Single,833389,14167,4,31252,504039,2070618,554,4,1,4,4,989851,12,Personal,69449.08,45.0,1.188,24030.08,Rejected,1
APP_03690,Michelle Fox,46,Graduate,Self-Employed,15,4,Married,1025506,34855,2,13125,483540,1663537,605,18,0,7,0,680819,36,Home,85458.83,15.36,0.664,37478.83,Rejected,0
APP_03691,Howard Mcclure,64,Graduate,Self-Employed,11,3,Married,459550,16030,3,17233,81953,1239860,755,8,0,4,0,463867,84,Personal,38295.83,45.0,1.009,5032.83,Rejected,0
APP_03692,Troy Graves,43,Graduate,Salaried,6,2,Single,846374,29854,4,31739,292409,3083114,643,11,0,4,4,570435,120,Vehicle,70531.17,45.0,0.674,8938.17,Rejected,1
APP_03693,Destiny Davenport,60,Graduate,Salaried,28,4,Single,501369,16891,4,18801,168632,1905754,779,2,0,1,1,451210,60,Business,41780.75,45.0,0.9,6088.75,Approved,1
APP_03694,Nathan Kennedy,30,Postgraduate,Salaried,9,2,Single,929373,20103,3,24117,305025,1698127,639,2,0,4,4,1079086,48,Vehicle,77447.75,31.14,1.161,33227.75,Approved,1
APP_03695,Jamie Miller,45,Graduate,Business Owner,25,3,Married,1114461,32398,2,19128,168347,2568661,637,24,0,4,0,387432,48,Home,92871.75,20.6,0.348,41345.75,Approved,0
APP_03696,Melanie Mcintosh,25,High School,Business Owner,4,0,Married,753353,28544,0,0,264641,2255377,674,6,0,5,1,734292,84,Personal,62779.42,0.0,0.975,34235.42,Approved,0
APP_03697,Miss Alyssa Bush DDS,43,Postgraduate,Business Owner,5,4,Single,969965,43583,2,26096,10000,831052,718,1,1,7,1,574769,24,Education,80830.42,32.28,0.593,11151.42,Rejected,0
APP_03698,Gary Johnson,48,Postgraduate,Salaried,16,0,Married,894699,35686,1,4814,114160,1787472,609,16,0,7,4,279599,12,Education,74558.25,6.46,0.313,34058.25,Approved,1
APP_03699,Emily Juarez,56,Graduate,Contract,1,3,Single,412560,7957,3,15471,85750,1286813,633,8,0,8,4,306414,48,Business,34380.0,45.0,0.743,10952.0,Approved,1
APP_03700,Michael Perez,45,Graduate,Salaried,3,2,Married,708854,21022,2,21482,10000,2647594,666,24,0,4,1,317658,84,Personal,59071.17,36.37,0.448,16567.17,Approved,0
APP_03701,Connie Brown,52,Graduate,Salaried,7,1,Single,805002,20100,4,30187,405018,1594841,659,7,0,8,0,397907,84,Personal,67083.5,45.0,0.494,16796.5,Approved,0
APP_03702,Jonathan West,58,Diploma,Self-Employed,21,1,Married,1127288,35150,3,28508,139822,2185257,704,20,0,5,0,1639688,84,Vehicle,93940.67,30.35,1.455,30282.67,Rejected,0
APP_03703,Dawn Jordan,50,High School,Salaried,1,3,Single,660239,19362,1,6249,136505,1328917,707,2,0,4,0,760003,60,Personal,55019.92,11.36,1.151,29408.92,Approved,0
APP_03704,Michael Hayes,24,Diploma,Self-Employed,3,4,Single,1004627,45832,4,37673,452514,3869254,742,3,0,4,2,447309,36,Personal,83718.92,45.0,0.445,213.92,Approved,0
APP_03705,Jordan Castillo,62,Graduate,Business Owner,16,4,Married,939172,16199,2,14631,300896,1354019,715,12,1,1,1,825995,48,Personal,78264.33,18.69,0.879,47434.33,Approved,0
APP_03706,Christopher Lewis,31,Postgraduate,Salaried,7,3,Married,534949,10166,1,12467,226942,1059966,654,4,0,6,0,624107,48,Business,44579.08,27.97,1.167,21946.08,Approved,0
APP_03707,Courtney Riggs,21,Graduate,Salaried,0,0,Married,515706,8938,3,19338,101221,431435,706,3,0,3,0,527400,120,Business,42975.5,45.0,1.023,14699.5,Rejected,0
APP_03708,Mr. Joshua Bowman,35,Postgraduate,Self-Employed,6,0,Single,581355,17989,3,21800,302189,1831419,737,1,1,5,1,537889,12,Education,48446.25,45.0,0.925,8657.25,Approved,1
APP_03709,Stephanie Wall,46,Graduate,Salaried,16,4,Married,528482,13788,2,18306,292419,1059415,613,10,0,7,1,678105,84,Personal,44040.17,41.57,1.283,11946.17,Rejected,0
APP_03710,Marissa Smith,49,High School,Salaried,7,2,Married,597542,15910,4,22407,179506,260838,658,4,0,5,1,678573,48,Business,49795.17,45.0,1.136,11478.17,Rejected,0
APP_03711,Katie Adams,46,Diploma,Salaried,25,0,Married,618412,12254,0,0,306233,1140759,590,23,0,5,3,545344,84,Vehicle,51534.33,0.0,0.882,39280.33,Approved,1
APP_03712,Michael Gregory,43,Postgraduate,Salaried,20,1,Married,1016379,25430,0,0,275872,3537581,673,10,0,8,1,1060613,48,Education,84698.25,0.0,1.044,59268.25,Approved,0
APP_03713,Donna Franklin,51,Postgraduate,Salaried,14,3,Married,459077,8435,0,0,80800,433597,696,22,1,3,0,312892,24,Personal,38256.42,0.0,0.682,29821.42,Approved,0
APP_03714,Ryan Kelley,35,Graduate,Business Owner,12,1,Married,928315,37898,3,34811,301880,1933030,715,15,0,6,1,370302,36,Education,77359.58,45.0,0.399,4650.58,Rejected,0
APP_03715,Kevin Carson,64,Postgraduate,Salaried,22,3,Single,615645,19948,3,19434,242824,1555439,549,5,1,2,0,859376,24,Business,51303.75,37.88,1.396,11921.75,Rejected,1
APP_03716,Nicholas Mitchell,55,High School,Business Owner,4,2,Married,1101348,42313,1,7433,364953,454360,727,8,0,5,0,791151,36,Home,91779.0,8.1,0.718,42033.0,Approved,0
APP_03717,Robert Wong,31,High School,Self-Employed,2,2,Married,1036418,18480,1,16803,198337,1951967,720,13,0,3,1,1124316,36,Personal,86368.17,19.46,1.085,51085.17,Approved,0
APP_03718,Jamie Watson,23,Postgraduate,Self-Employed,0,0,Single,497227,15312,2,18646,69468,971640,659,4,0,4,1,81641,120,Personal,41435.58,45.0,0.164,7477.58,Approved,1
APP_03719,Barbara Boyd,21,Graduate,Salaried,0,3,Single,708348,13680,0,0,329670,358472,665,3,0,1,0,227992,120,Vehicle,59029.0,0.0,0.322,45349.0,Approved,0
APP_03720,Susan Vang,27,Graduate,Salaried,2,4,Married,486391,8283,1,6184,236109,2002270,595,3,1,4,6,528530,12,Personal,40532.58,15.26,1.087,26065.58,Rejected,1
APP_03721,Crystal Carey PhD,52,Graduate,Salaried,32,0,Single,955125,42790,4,33021,287622,2612385,763,16,0,8,2,1409598,24,Business,79593.75,41.49,1.476,3782.75,Approved,0
APP_03722,Christina Miller,34,Graduate,Self-Employed,2,4,Single,634031,13960,1,10432,209991,1961735,805,16,0,2,0,97499,36,Personal,52835.92,19.74,0.154,28443.92,Approved,0
APP_03723,Jessica Reyes MD,41,High School,Business Owner,1,2,Married,786736,28379,4,29502,82276,528948,679,22,0,1,2,604063,48,Vehicle,65561.33,45.0,0.768,7680.33,Rejected,0
APP_03724,Alyssa Stanton,59,High School,Contract,19,4,Married,379192,8156,4,14219,36290,967378,744,14,0,4,0,117845,60,Vehicle,31599.33,45.0,0.311,9224.33,Approved,0
APP_03725,Jennifer Lozano,30,High School,Contract,9,1,Married,526591,11121,1,3760,39046,1592338,630,11,0,4,5,578795,84,Personal,43882.58,8.57,1.099,29001.58,Approved,0
APP_03726,Pamela Ward,36,Graduate,Contract,12,1,Single,452700,20430,1,9421,147791,423238,718,17,0,4,0,610627,120,Personal,37725.0,24.97,1.349,7874.0,Approved,0
APP_03727,Charles Chavez,29,Diploma,Business Owner,8,2,Single,954132,21769,2,19912,465849,2957208,630,9,1,7,0,1361938,120,Business,79511.0,25.04,1.427,37830.0,Rejected,1
APP_03728,Reginald Valdez,38,High School,Salaried,17,3,Single,564891,14950,0,0,282871,1081480,808,19,0,1,0,208866,12,Personal,47074.25,0.0,0.37,32124.25,Approved,0
APP_03729,Amy Middleton,35,Graduate,Salaried,11,0,Married,783765,35723,4,26142,305466,2799220,623,11,0,8,1,775021,24,Home,65313.75,40.03,0.989,3448.75,Rejected,1
APP_03730,Jane Brown,52,Graduate,Salaried,13,4,Married,566183,22156,3,21231,73583,783471,781,17,0,2,0,750922,84,Home,47181.92,45.0,1.326,3794.92,Approved,0
APP_03731,John Fox,28,Graduate,Salaried,5,3,Single,749100,29907,4,28091,271740,2172678,765,9,0,2,0,97316,24,Vehicle,62425.0,45.0,0.13,4427.0,Approved,0
APP_03732,Brandy Singleton,56,High School,Salaried,33,2,Married,510177,15295,0,0,239579,2600834,781,5,0,3,0,300639,12,Personal,42514.75,0.0,0.589,27219.75,Approved,0
APP_03733,James Brown,38,High School,Salaried,4,0,Married,570317,13161,0,0,135109,1786842,760,8,0,3,0,229190,60,Medical,47526.42,0.0,0.402,34365.42,Approved,0
APP_03734,Christopher Arellano,25,Graduate,Salaried,2,3,Single,565128,13227,4,21192,26170,2380117,731,1,1,6,0,619099,120,Medical,47094.0,45.0,1.096,12675.0,Rejected,1
APP_03735,Dennis Johnson,30,Graduate,Salaried,4,4,Single,1052620,32028,3,28826,599998,3492463,708,11,1,2,0,1292679,36,Business,87718.33,32.86,1.228,26864.33,Rejected,1
APP_03736,Jennifer Ingram,24,High School,Business Owner,2,1,Married,885053,19167,1,13526,222914,2402722,576,5,1,6,5,1309569,12,Personal,73754.42,18.34,1.48,41061.42,Rejected,1
APP_03737,William Warner,56,Postgraduate,Salaried,19,4,Married,700674,28781,1,8844,416612,1272953,812,22,0,3,0,858359,84,Business,58389.5,15.15,1.225,20764.5,Approved,0
APP_03738,David Chen,36,Graduate,Salaried,10,3,Married,733495,25213,2,22403,140925,1974689,760,1,0,7,0,847412,24,Education,61124.58,36.65,1.155,13508.58,Approved,0
APP_03739,Julia Cox,45,Graduate,Salaried,2,4,Married,932103,32117,1,6387,190426,2558680,646,18,0,8,4,1096674,60,Personal,77675.25,8.22,1.177,39171.25,Rejected,0
APP_03740,Mr. Robert Gomez,32,Postgraduate,Salaried,4,3,Single,263296,5485,3,9873,62305,767736,538,6,1,6,4,230203,60,Home,21941.33,45.0,0.874,6583.33,Rejected,1
APP_03741,Regina Perry,25,Postgraduate,Self-Employed,2,0,Single,675521,25323,4,25332,159459,1520416,655,2,0,4,0,384756,120,Business,56293.42,45.0,0.57,5638.42,Approved,0
APP_03742,Jillian Cunningham,22,Diploma,Salaried,1,0,Married,368356,12285,1,6652,72486,1312557,684,4,0,7,1,376915,36,Business,30696.33,21.67,1.023,11759.33,Approved,0
APP_03743,Barbara Jenkins,63,Diploma,Salaried,3,2,Married,791315,36238,4,29674,323200,2376638,604,15,1,2,6,1067956,84,Education,65942.92,45.0,1.35,30.92,Rejected,1
APP_03744,Walter Davis,26,High School,Self-Employed,5,3,Married,1118152,38982,0,0,248078,3272352,793,7,0,5,2,520669,36,Vehicle,93179.33,0.0,0.466,54197.33,Approved,0
APP_03745,James Curry,21,Graduate,Self-Employed,0,2,Married,532035,16284,4,19951,240409,2020336,537,1,0,2,4,457602,84,Vehicle,44336.25,45.0,0.86,8101.25,Rejected,1
APP_03746,Gerald Russell,26,Postgraduate,Self-Employed,4,2,Married,466408,11806,3,17490,99217,1423779,745,2,0,8,4,70742,12,Business,38867.33,45.0,0.152,9571.33,Approved,0
APP_03747,Candace Weaver,27,Graduate,Salaried,6,0,Single,1002604,34157,4,37597,221547,1905462,772,4,0,4,0,969140,36,Home,83550.33,45.0,0.967,11796.33,Approved,0
APP_03748,Patrick Lowe,22,Diploma,Self-Employed,0,2,Single,503948,14747,0,0,255902,1480403,769,4,0,7,0,458741,48,Personal,41995.67,0.0,0.91,27248.67,Approved,0
APP_03749,Melissa Sloan,49,Graduate,Business Owner,28,3,Married,929105,31881,2,16947,200520,4692518,840,19,0,4,2,619475,36,Home,77425.42,21.89,0.667,28597.42,Approved,0
APP_03750,Justin Dougherty,35,Diploma,Salaried,12,0,Married,507538,11557,2,17732,76546,2244979,780,10,0,3,0,770942,12,Medical,42294.83,41.92,1.519,13005.83,Approved,0
APP_03751,Jennifer Henry,47,Postgraduate,Salaried,21,4,Single,479160,14869,3,17968,102389,746244,646,3,0,6,0,272006,60,Personal,39930.0,45.0,0.568,7093.0,Approved,1
APP_03752,John Vance,51,Postgraduate,Salaried,25,1,Single,693379,15203,2,22921,130819,2709070,739,17,0,2,1,514683,48,Education,57781.58,39.67,0.742,19657.58,Approved,0
APP_03753,Rachael May,62,Graduate,Business Owner,29,2,Married,892112,35731,2,25684,241303,1359242,693,1,0,4,2,977453,12,Personal,74342.67,34.55,1.096,12927.67,Rejected,0
APP_03754,Amanda Moore,26,High School,Salaried,0,3,Single,517521,12688,0,0,106044,1527411,662,2,0,6,2,496283,12,Home,43126.75,0.0,0.959,30438.75,Approved,0
APP_03755,Juan Hamilton,21,Diploma,Salaried,0,2,Married,488436,16245,1,11085,93736,476621,697,2,1,7,1,512272,36,Home,40703.0,27.23,1.049,13373.0,Rejected,1
APP_03756,Karen Diaz,21,Graduate,Contract,0,2,Married,609545,18236,1,9409,195339,2366303,791,1,0,5,0,501094,48,Personal,50795.42,18.52,0.822,23150.42,Approved,0
APP_03757,Steven Kirby,23,Graduate,Contract,2,0,Single,446651,11191,0,0,148664,805753,712,1,1,1,0,146823,120,Home,37220.92,0.0,0.329,26029.92,Approved,0
APP_03758,Nathaniel Avery,43,Graduate,Contract,23,1,Married,483136,16786,4,18117,49770,1611425,710,16,0,2,1,467520,84,Personal,40261.33,45.0,0.968,5358.33,Approved,0
APP_03759,Erica Gibson,46,Graduate,Salaried,13,2,Married,733294,23747,0,0,252332,1967152,705,12,0,6,0,908918,60,Vehicle,61107.83,0.0,1.24,37360.83,Approved,0
APP_03760,Rachel Brown,52,Postgraduate,Salaried,20,1,Single,525263,11360,3,19697,145817,1095650,718,17,0,5,1,664559,84,Medical,43771.92,45.0,1.265,12714.92,Approved,0
APP_03761,Daniel Peterson,46,High School,Self-Employed,14,1,Married,888170,27695,3,21921,373483,2331244,832,19,0,4,0,792430,36,Personal,74014.17,29.62,0.892,24398.17,Approved,0
APP_03762,Austin Lane,54,Diploma,Salaried,33,3,Married,706022,27054,1,11080,218013,933307,607,2,0,1,5,795485,60,Business,58835.17,18.83,1.127,20701.17,Rejected,1
APP_03763,Michael Hicks,40,Diploma,Salaried,2,2,Married,658721,15214,4,24702,248856,2369479,660,16,0,6,4,521703,48,Education,54893.42,45.0,0.792,14977.42,Rejected,1
APP_03764,Laura Williams,23,Postgraduate,Self-Employed,0,4,Married,621980,12777,2,23324,168101,2044692,762,5,0,1,2,179833,84,Education,51831.67,45.0,0.289,15730.67,Approved,0
APP_03765,Angelica Jones,43,High School,Contract,7,3,Married,758486,26942,2,21445,229217,2765050,631,4,0,2,4,693802,60,Business,63207.17,33.93,0.915,14820.17,Rejected,0
APP_03766,John Harris,46,Graduate,Contract,23,3,Married,429404,10508,2,16102,33896,2254133,719,20,0,8,3,344071,120,Vehicle,35783.67,45.0,0.801,9173.67,Approved,1
APP_03767,Amanda Joyce,54,Diploma,Salaried,11,0,Married,635770,17523,3,23841,334487,2739105,619,12,0,1,2,868444,120,Vehicle,52980.83,45.0,1.366,11616.83,Rejected,1
APP_03768,Daniel Peterson,30,Graduate,Salaried,3,1,Single,769617,15356,0,0,305245,2045414,666,12,0,1,0,1155054,36,Business,64134.75,0.0,1.501,48778.75,Approved,0
APP_03769,Amanda Reyes,32,Graduate,Salaried,9,0,Single,793476,21800,4,29755,313252,3026388,760,14,0,1,0,50000,36,Personal,66123.0,45.0,0.063,14568.0,Approved,0
APP_03770,Katrina Mckinney,59,Graduate,Salaried,23,3,Married,781314,16128,3,26862,242845,1015227,820,25,0,6,0,261468,24,Business,65109.5,41.26,0.335,22119.5,Approved,0
APP_03771,Charles Mayo,56,Postgraduate,Self-Employed,6,3,Single,1195566,51863,3,35119,420474,2896198,740,6,0,6,0,1632261,48,Home,99630.5,35.25,1.365,12648.5,Rejected,0
APP_03772,Allison Nelson,36,Graduate,Contract,15,3,Married,448502,16421,2,16818,134322,1749108,655,2,0,1,2,388421,60,Personal,37375.17,45.0,0.866,4136.17,Rejected,0
APP_03773,Kelly Bolton,32,Diploma,Self-Employed,0,1,Married,877646,23578,3,17365,233879,2042506,699,8,0,1,2,364226,36,Personal,73137.17,23.74,0.415,32194.17,Approved,0
APP_03774,Mathew Johnson,40,Graduate,Salaried,19,0,Single,704613,14889,3,26422,304523,824928,697,7,0,6,0,199322,48,Medical,58717.75,45.0,0.283,17406.75,Approved,0
APP_03775,Sophia Rodriguez,48,Graduate,Salaried,1,1,Single,695032,15651,3,26063,100271,1004631,704,17,1,4,0,592504,120,Education,57919.33,45.0,0.852,16205.33,Rejected,0
APP_03776,Shawn Koch,24,Diploma,Salaried,1,2,Married,515479,11038,4,19330,354159,828698,543,5,0,7,0,411396,120,Personal,42956.58,45.0,0.798,12588.58,Rejected,1
APP_03777,Courtney Vargas,58,High School,Salaried,2,2,Single,877401,38227,0,0,328996,3313993,678,12,0,3,1,772699,36,Personal,73116.75,0.0,0.881,34889.75,Approved,0
APP_03778,Rebekah Mccormick,60,Diploma,Self-Employed,16,3,Married,594163,24954,1,7729,90823,432446,719,1,0,6,3,471735,12,Home,49513.58,15.61,0.794,16830.58,Approved,0
APP_03779,Austin Ross,25,Postgraduate,Salaried,2,3,Married,497336,11605,1,13461,111127,1031466,698,3,0,2,0,369510,60,Education,41444.67,32.48,0.743,16378.67,Rejected,0
APP_03780,Alexa Cook,41,Diploma,Salaried,14,4,Married,513479,16596,1,7284,58642,2252793,650,22,1,7,1,729276,60,Personal,42789.92,17.02,1.42,18909.92,Rejected,1
APP_03781,Michael Johnson,64,Graduate,Salaried,12,1,Single,940465,35273,3,35267,403063,2519896,639,20,0,8,4,912572,84,Personal,78372.08,45.0,0.97,7832.08,Rejected,1
APP_03782,Todd Brown,40,Diploma,Self-Employed,1,4,Single,688888,20073,0,0,253312,2515693,684,16,0,4,2,645595,120,Education,57407.33,0.0,0.937,37334.33,Approved,0
APP_03783,Heidi Keith,46,High School,Business Owner,7,4,Single,1296980,46001,0,0,378047,3859564,662,22,0,6,1,910205,60,Vehicle,108081.67,0.0,0.702,62080.67,Approved,1
APP_03784,Aaron Garcia,49,Graduate,Self-Employed,4,4,Married,920634,19668,0,0,370178,1728674,727,15,0,8,1,1314344,60,Education,76719.5,0.0,1.428,57051.5,Rejected,0
APP_03785,Douglas Carter,25,Diploma,Salaried,2,3,Single,673393,26234,0,0,233170,1063399,719,5,0,6,2,890342,120,Vehicle,56116.08,0.0,1.322,29882.08,Approved,0
APP_03786,Kimberly Moore,53,High School,Salaried,6,0,Single,739631,26235,1,7836,352679,2111873,678,11,1,5,2,752471,120,Medical,61635.92,12.71,1.017,27564.92,Approved,1
APP_03787,Crystal Bautista,65,Graduate,Self-Employed,34,0,Single,890666,31805,2,18038,251901,1453035,614,5,0,3,4,993133,120,Medical,74222.17,24.3,1.115,24379.17,Rejected,1
APP_03788,Angela Sanchez,53,Graduate,Self-Employed,24,1,Married,637984,21978,2,11573,215960,1810854,646,23,0,7,5,715794,120,Personal,53165.33,21.77,1.122,19614.33,Rejected,1
APP_03789,Sandy Hanson,36,High School,Salaried,7,2,Married,648245,25565,4,24309,111496,1193292,589,12,0,7,0,256036,12,Medical,54020.42,45.0,0.395,4146.42,Rejected,1
APP_03790,Mrs. Tina Ray DDS,22,Graduate,Self-Employed,0,3,Single,937940,36948,4,35172,81570,700522,642,1,0,5,2,987107,48,Personal,78161.67,45.0,1.052,6041.67,Rejected,1
APP_03791,Amy Dyer,44,Graduate,Business Owner,11,1,Married,1041593,37230,0,0,285742,3291980,765,12,0,2,1,248679,24,Vehicle,86799.42,0.0,0.239,49569.42,Approved,0
APP_03792,Andres Hamilton,46,Postgraduate,Self-Employed,15,1,Married,957110,30373,4,31169,10000,899421,823,17,0,8,0,573836,48,Personal,79759.17,39.08,0.6,18217.17,Approved,0
APP_03793,James Houston,47,High School,Self-Employed,23,1,Single,925051,37980,0,0,10000,1730798,793,1,0,8,0,940952,24,Personal,77087.58,0.0,1.017,39107.58,Approved,0
APP_03794,Joseph Harris,57,High School,Salaried,9,3,Single,608095,12239,0,0,104861,1455365,583,8,0,1,5,431007,36,Education,50674.58,0.0,0.709,38435.58,Rejected,0
APP_03795,Elizabeth Johnson,26,Diploma,Business Owner,2,0,Single,765159,30014,3,28693,111389,2147753,768,3,0,6,0,604178,36,Personal,63763.25,45.0,0.79,5056.25,Approved,0
APP_03796,William Hahn,37,Postgraduate,Salaried,9,2,Married,896379,35510,2,19700,420328,1117516,789,7,0,3,0,842753,60,Business,74698.25,26.37,0.94,19488.25,Approved,0
APP_03797,Christopher Decker,47,Graduate,Salaried,24,1,Single,652954,14198,3,20661,208304,1334344,704,2,0,3,1,364339,36,Vehicle,54412.83,37.97,0.558,19553.83,Rejected,1
APP_03798,Katelyn Gallegos,41,Graduate,Salaried,20,4,Single,510318,21289,0,0,269292,1277463,848,6,0,8,0,538411,36,Education,42526.5,0.0,1.055,21237.5,Approved,0
APP_03799,Deborah Douglas,35,Diploma,Business Owner,3,2,Married,369048,6238,1,12161,72385,863469,796,8,0,6,0,416314,36,Personal,30754.0,39.54,1.128,12355.0,Approved,0
APP_03800,Denise Duncan,35,Graduate,Salaried,4,3,Married,760440,15887,4,28516,153525,848274,725,9,0,5,4,595587,120,Vehicle,63370.0,45.0,0.783,18967.0,Approved,0
APP_03801,Teresa Wright,46,Postgraduate,Self-Employed,26,1,Married,591841,10287,4,22194,229937,1302886,667,24,0,5,3,391428,12,Medical,49320.08,45.0,0.661,16839.08,Approved,0
APP_03802,Kimberly Calhoun,47,Graduate,Salaried,24,1,Single,782087,33270,3,21894,318806,3124971,752,1,0,3,0,1030907,24,Business,65173.92,33.59,1.318,10009.92,Rejected,0
APP_03803,Michelle Parker,47,Postgraduate,Business Owner,6,3,Single,1430972,59158,3,39787,252355,3506789,725,1,0,1,0,579975,60,Vehicle,119247.67,33.37,0.405,20302.67,Approved,0
APP_03804,Michael Estrada,22,Postgraduate,Business Owner,1,2,Married,702125,17827,0,0,398304,2053805,634,2,1,8,0,644673,60,Personal,58510.42,0.0,0.918,40683.42,Rejected,1
APP_03805,Matthew Lawson,49,Postgraduate,Business Owner,28,2,Married,1047284,41370,0,0,215439,2213534,813,3,0,1,0,1321327,24,Vehicle,87273.67,0.0,1.262,45903.67,Approved,0
APP_03806,Dr. Kimberly Shields MD,36,Diploma,Salaried,0,2,Single,582248,20703,2,12300,216908,1305184,658,6,0,7,0,858336,60,Personal,48520.67,25.35,1.474,15517.67,Rejected,0
APP_03807,Lance Macdonald,59,Graduate,Business Owner,2,4,Single,1037474,34128,0,0,10000,1737436,796,24,0,3,1,556604,48,Personal,86456.17,0.0,0.536,52328.17,Approved,0
APP_03808,Gina Ward,37,Graduate,Salaried,12,1,Single,700364,28716,1,15390,10000,2531410,759,17,1,3,2,191068,60,Vehicle,58363.67,26.37,0.273,14257.67,Approved,0
APP_03809,James Lawson,24,Graduate,Business Owner,0,4,Married,1051536,25844,1,12597,215687,3440573,695,1,0,5,4,1417987,60,Home,87628.0,14.38,1.348,49187.0,Rejected,0
APP_03810,Carmen Potts,63,Graduate,Self-Employed,12,2,Married,243901,10537,2,9146,56868,785042,642,11,0,7,0,224928,84,Home,20325.08,45.0,0.922,642.08,Rejected,0
APP_03811,Michael Burnett,32,Postgraduate,Business Owner,4,1,Single,1103758,33631,3,31051,242180,2500788,641,10,1,5,2,474138,120,Business,91979.83,33.76,0.43,27297.83,Rejected,1
APP_03812,John Hughes,24,High School,Salaried,1,4,Single,578924,23925,3,21709,259906,734043,705,6,1,1,1,490806,48,Education,48243.67,45.0,0.848,2609.67,Rejected,1
APP_03813,Thomas White,53,Graduate,Salaried,13,3,Married,778595,27367,3,29197,130992,860803,617,1,0,3,6,721047,12,Business,64882.92,45.0,0.926,8318.92,Rejected,1
APP_03814,Frederick Huffman,62,Postgraduate,Salaried,7,4,Married,636250,22292,1,4690,229633,1255268,615,12,0,7,1,489056,36,Vehicle,53020.83,8.85,0.769,26038.83,Approved,0
APP_03815,Jennifer Santana,28,Postgraduate,Salaried,3,4,Married,630008,28118,0,0,13186,2652808,685,9,1,7,2,210607,48,Personal,52500.67,0.0,0.334,24382.67,Rejected,0
APP_03816,Sheila Franco,50,Diploma,Business Owner,26,0,Single,1082807,22512,4,40605,70063,3438019,704,20,1,7,0,1158990,60,Personal,90233.92,45.0,1.07,27116.92,Rejected,1
APP_03817,Andres Johnson,46,Graduate,Salaried,26,3,Single,792101,20026,0,0,249836,2835106,655,13,0,3,1,587190,120,Personal,66008.42,0.0,0.741,45982.42,Approved,0
APP_03818,Leah Garcia,64,Graduate,Salaried,23,4,Single,604934,26318,3,22685,339110,1978163,660,19,0,3,0,790957,12,Medical,50411.17,45.0,1.308,1408.17,Rejected,0
APP_03819,Megan Stewart,32,Diploma,Salaried,2,2,Single,785753,34711,2,25986,153821,1873519,737,14,0,7,1,860013,12,Personal,65479.42,39.69,1.095,4782.42,Approved,1
APP_03820,Jesse Young,63,Graduate,Self-Employed,34,1,Single,806653,23326,2,16221,93851,3065035,573,6,0,4,4,843096,48,Business,67221.08,24.13,1.045,27674.08,Rejected,1
APP_03821,Mike Contreras,38,Diploma,Salaried,10,3,Single,489124,18764,2,18342,176908,1038651,574,17,1,2,0,738742,120,Medical,40760.33,45.0,1.51,3654.33,Rejected,1
APP_03822,David Herman,32,Graduate,Salaried,9,3,Married,404710,7228,4,15176,85934,1244967,529,3,0,3,5,283994,48,Vehicle,33725.83,45.0,0.702,11321.83,Rejected,1
APP_03823,Jason Wagner,48,High School,Salaried,21,2,Single,835569,14809,4,29357,352126,0,773,11,0,2,0,1290416,36,Vehicle,69630.75,42.16,1.544,25464.75,Approved,0
APP_03824,Sierra Howard,24,Postgraduate,Contract,0,0,Married,418034,13653,2,11514,101938,537146,714,2,0,3,3,403101,120,Vehicle,34836.17,33.05,0.964,9669.17,Approved,0
APP_03825,Julie Wilkins,26,High School,Self-Employed,1,1,Married,1161892,26981,1,7285,345467,3270343,662,1,0,1,1,701276,36,Medical,96824.33,7.52,0.604,62558.33,Approved,0
APP_03826,Amy Ellison,34,Graduate,Self-Employed,7,4,Married,834865,16852,4,31307,395162,2125703,702,5,0,7,1,1164942,84,Home,69572.08,45.0,1.395,21413.08,Approved,0
APP_03827,George Brown,34,Diploma,Business Owner,1,0,Single,1412873,56293,2,21217,414790,2030885,591,9,0,4,2,1206980,12,Personal,117739.42,18.02,0.854,40229.42,Rejected,0
APP_03828,Jessica Schmidt,50,Postgraduate,Salaried,25,4,Married,864504,30787,0,0,368174,761181,708,24,0,4,0,1132180,60,Medical,72042.0,0.0,1.31,41255.0,Approved,0
APP_03829,Frances Wilson,25,Graduate,Self-Employed,5,3,Single,398228,8370,0,0,202530,606482,628,4,1,6,5,473076,60,Vehicle,33185.67,0.0,1.188,24815.67,Rejected,1
APP_03830,Lori Kennedy,38,Graduate,Salaried,0,0,Married,716879,25919,0,0,251108,2945508,672,7,0,4,3,282688,48,Personal,59739.92,0.0,0.394,33820.92,Approved,0
APP_03831,Ronald Harrell,31,Graduate,Salaried,6,4,Single,869941,32730,2,24448,335191,2816138,653,10,0,3,2,793981,36,Personal,72495.08,33.72,0.913,15317.08,Approved,1
APP_03832,Randy Harding,44,Graduate,Salaried,0,1,Married,566223,10192,0,0,250004,2115945,585,15,0,7,6,699443,84,Vehicle,47185.25,0.0,1.235,36993.25,Rejected,1
APP_03833,Jessica Wood,33,Graduate,Salaried,12,2,Married,732419,27870,4,27465,420457,2940041,660,11,0,3,3,895042,60,Home,61034.92,45.0,1.222,5699.92,Rejected,1
APP_03834,John Huffman,31,Graduate,Business Owner,5,0,Married,1187195,40332,4,44519,588740,2913469,709,1,0,5,0,793580,60,Home,98932.92,45.0,0.668,14081.92,Approved,0
APP_03835,Mark Christian,32,High School,Contract,9,3,Single,679622,16354,2,12259,255333,932084,612,6,0,6,2,351106,60,Personal,56635.17,21.65,0.517,28022.17,Approved,0
APP_03836,Devon Adams,47,Diploma,Salaried,16,0,Single,868412,18592,4,32565,217673,1645540,706,13,0,8,2,1231378,24,Medical,72367.67,45.0,1.418,21210.67,Approved,0
APP_03837,Gregory Smith,50,Graduate,Salaried,15,2,Married,444992,8254,2,14948,231827,622024,745,6,0,3,1,456404,36,Education,37082.67,40.31,1.026,13880.67,Rejected,0
APP_03838,Derek Gray,61,Postgraduate,Salaried,29,4,Single,540355,12819,4,20263,231402,2187109,704,22,0,7,3,727931,36,Business,45029.58,45.0,1.347,11947.58,Approved,0
APP_03839,Paige Sweeney,57,Graduate,Contract,0,0,Married,520822,12315,2,19530,10000,1386287,527,21,1,4,0,628884,120,Vehicle,43401.83,45.0,1.207,11556.83,Rejected,1
APP_03840,Michael Barnett,54,Diploma,Contract,16,3,Married,524301,20250,2,19661,109220,543902,616,16,1,1,4,157886,36,Vehicle,43691.75,45.0,0.301,3780.75,Rejected,1
APP_03841,Vincent Edwards,33,Postgraduate,Self-Employed,3,3,Single,533106,20375,0,0,64643,1354668,775,13,0,5,0,748478,36,Home,44425.5,0.0,1.404,24050.5,Approved,0
APP_03842,Kristin Bautista,36,High School,Self-Employed,7,0,Married,1039362,24695,0,0,73962,3300850,695,13,0,4,0,1050817,36,Personal,86613.5,0.0,1.011,61918.5,Approved,0
APP_03843,Jennifer Montoya,41,High School,Salaried,2,4,Single,519396,10262,3,19477,151830,1618796,702,8,0,4,0,763986,36,Vehicle,43283.0,45.0,1.471,13544.0,Rejected,0
APP_03844,Carlos Anderson,64,Diploma,Salaried,21,0,Married,420217,7968,1,9342,67198,646595,753,20,0,2,0,251129,24,Home,35018.08,26.68,0.598,17708.08,Approved,0
APP_03845,Brian Mckinney,50,Diploma,Business Owner,1,4,Single,881657,31718,0,0,305783,2050924,656,3,0,5,1,629271,12,Home,73471.42,0.0,0.714,41753.42,Approved,0
APP_03846,Michael Costa,36,Diploma,Salaried,7,4,Married,728966,30379,0,0,223848,921764,735,16,0,1,1,387684,60,Personal,60747.17,0.0,0.532,30368.17,Approved,0
APP_03847,Michelle Kennedy,30,Postgraduate,Salaried,3,1,Married,493977,15905,3,18524,85946,1094743,707,9,0,3,1,386032,84,Business,41164.75,45.0,0.781,6735.75,Rejected,1
APP_03848,Jacqueline Johnson,31,High School,Salaried,5,2,Single,586406,10286,0,0,200013,1644189,631,10,1,7,4,255344,12,Business,48867.17,0.0,0.435,38581.17,Rejected,1
APP_03849,James Lopez,55,High School,Contract,25,4,Single,773999,17361,3,29024,389105,1584395,568,5,1,6,5,298216,84,Business,64499.92,45.0,0.385,18114.92,Rejected,1
APP_03850,Katherine Williams,34,Diploma,Self-Employed,2,2,Married,827809,27887,1,4793,259280,2850432,654,4,0,1,4,218574,12,Home,68984.08,6.95,0.264,36304.08,Approved,0
APP_03851,Stephen Fry,64,Postgraduate,Contract,24,1,Single,398427,9915,3,14941,76526,1009462,617,20,1,4,1,307650,48,Education,33202.25,45.0,0.772,8346.25,Rejected,1
APP_03852,Dale Kelley,39,Graduate,Salaried,3,4,Single,761313,26366,4,28549,410213,761999,724,16,0,2,0,554091,12,Personal,63442.75,45.0,0.728,8527.75,Approved,0
APP_03853,Joshua Watkins,45,Graduate,Salaried,13,4,Married,969727,37722,4,31404,10000,1596889,670,16,0,3,1,1303175,120,Education,80810.58,38.86,1.344,11684.58,Rejected,0
APP_03854,Wayne Lewis,43,Graduate,Business Owner,0,2,Married,1110360,37509,4,41638,217252,2288361,732,13,0,5,0,1195542,60,Business,92530.0,45.0,1.077,13383.0,Approved,1
APP_03855,Joseph Pollard,57,Postgraduate,Salaried,10,3,Single,559117,15083,2,20966,169493,1082094,764,19,0,1,0,636676,48,Personal,46593.08,45.0,1.139,10544.08,Approved,0
APP_03856,Dana Castro,34,Graduate,Salaried,13,0,Married,500857,10695,3,18782,187110,2410964,608,5,0,1,2,376890,24,Business,41738.08,45.0,0.752,12261.08,Rejected,0
APP_03857,Daniel Chavez,51,Graduate,Business Owner,11,0,Married,1272191,45432,4,39254,197950,2568335,772,22,0,8,2,759749,60,Business,106015.92,37.03,0.597,21329.92,Approved,0
APP_03858,James Phillips,30,Graduate,Business Owner,2,2,Single,784858,23489,4,29432,392723,2307002,735,9,0,5,1,337071,36,Medical,65404.83,45.0,0.429,12483.83,Rejected,0
APP_03859,Jennifer Gillespie,54,High School,Contract,28,2,Single,454902,20407,0,0,78083,1336164,637,8,0,5,0,333347,120,Business,37908.5,0.0,0.733,17501.5,Approved,0
APP_03860,Samantha Weaver,32,Graduate,Salaried,8,2,Married,653320,17323,1,15026,281975,715940,710,13,0,6,0,606383,12,Vehicle,54443.33,27.6,0.928,22094.33,Approved,0
APP_03861,Eric Nelson,49,Graduate,Salaried,13,1,Married,576312,15461,0,0,110209,3040735,698,22,1,6,1,219805,60,Education,48026.0,0.0,0.381,32565.0,Rejected,0
APP_03862,Mary Holt,38,Graduate,Self-Employed,13,4,Married,884916,34500,1,5324,293835,2794647,688,16,0,3,0,765610,84,Home,73743.0,7.22,0.865,33919.0,Approved,0
APP_03863,Mr. Richard Lewis,23,High School,Contract,0,0,Married,363149,14705,4,13618,159940,391503,651,4,1,2,1,61599,36,Home,30262.42,45.0,0.17,1939.42,Rejected,1
APP_03864,Derrick Edwards,33,Graduate,Salaried,2,4,Married,769940,26654,4,28872,124668,1763644,745,11,0,7,0,461488,60,Personal,64161.67,45.0,0.599,8635.67,Approved,0
APP_03865,Timothy Hernandez,46,Graduate,Salaried,21,4,Married,946019,41811,3,20044,270514,4176143,806,21,0,8,0,1030488,24,Personal,78834.92,25.43,1.089,16979.92,Approved,0
APP_03866,Mark Lambert,58,Graduate,Salaried,4,1,Single,796666,14493,3,16782,203334,2797428,673,3,0,3,0,330489,24,Business,66388.83,25.28,0.415,35113.83,Approved,0
APP_03867,Kelly Ball,51,Graduate,Contract,17,0,Married,512268,15880,4,19210,265927,2071248,615,15,1,4,2,401735,24,Personal,42689.0,45.0,0.784,7599.0,Rejected,1
APP_03868,Alex Robinson,53,Graduate,Salaried,22,1,Married,634292,19154,1,6438,217343,1401618,639,20,0,2,4,228720,84,Home,52857.67,12.18,0.361,27265.67,Rejected,0
APP_03869,Manuel Ball,59,Graduate,Salaried,8,2,Married,745853,30942,0,0,177718,0,684,3,0,3,0,825678,24,Personal,62154.42,0.0,1.107,31212.42,Approved,0
APP_03870,Kim Hooper,30,Graduate,Contract,7,0,Married,416313,16454,1,13069,119985,1461539,711,3,0,5,1,421974,36,Personal,34692.75,37.67,1.014,5169.75,Approved,1
APP_03871,Allison Blevins,55,Graduate,Salaried,4,3,Married,681540,20333,1,4393,265498,2445554,611,4,1,6,0,1125950,24,Personal,56795.0,7.73,1.652,32069.0,Rejected,1
APP_03872,Robert Johnson,24,Diploma,Salaried,4,3,Married,745274,18811,2,15691,223129,443357,612,3,0,5,0,406835,12,Home,62106.17,25.26,0.546,27604.17,Rejected,1
APP_03873,Brett Swanson,55,Graduate,Salaried,30,4,Married,565848,13077,1,8480,40045,967780,600,5,0,5,0,772045,24,Medical,47154.0,17.98,1.364,25597.0,Approved,0
APP_03874,John Nichols,31,Graduate,Salaried,8,4,Single,683937,24001,0,0,10000,1896479,650,1,0,8,1,280478,84,Business,56994.75,0.0,0.41,32993.75,Approved,0
APP_03875,Alexa Hess,22,Graduate,Self-Employed,0,0,Married,745546,19977,1,17260,322514,2418334,678,4,1,8,1,893345,48,Personal,62128.83,27.78,1.198,24891.83,Rejected,0
APP_03876,Robert Miles,24,Diploma,Salaried,0,1,Married,545911,13005,1,4694,186957,1038763,717,6,0,3,0,323323,84,Home,45492.58,10.32,0.592,27793.58,Approved,0
APP_03877,Bradley Phillips,65,Diploma,Salaried,19,4,Married,560986,17064,3,21036,198647,720540,732,10,0,5,1,850098,12,Business,46748.83,45.0,1.515,8648.83,Rejected,1
APP_03878,Chad Davis,27,Graduate,Salaried,0,2,Married,315266,14381,3,11822,60166,525973,707,4,0,7,2,263824,48,Business,26272.17,45.0,0.837,69.17,Rejected,1
APP_03879,Sarah Frazier,46,Postgraduate,Salaried,21,3,Married,418930,9255,0,0,195205,844537,713,10,0,5,0,301762,36,Home,34910.83,0.0,0.72,25655.83,Approved,0
APP_03880,Steven Hoffman,38,Postgraduate,Salaried,0,4,Married,312607,9617,2,11722,131258,1308464,702,14,0,5,2,212870,60,Business,26050.58,45.0,0.681,4711.58,Rejected,1
APP_03881,Alan Jones,57,Graduate,Salaried,25,4,Married,520017,19976,1,13430,155535,2248982,706,17,0,5,0,271037,84,Personal,43334.75,30.99,0.521,9928.75,Approved,0
APP_03882,Don Foster,45,Postgraduate,Business Owner,16,1,Single,967944,40991,4,36297,344419,1301747,766,8,0,5,0,832107,12,Home,80662.0,45.0,0.86,3374.0,Approved,0
APP_03883,Joseph Wilkins,31,Diploma,Self-Employed,2,3,Single,421841,17650,0,0,125107,1239120,670,12,1,5,1,257572,12,Home,35153.42,0.0,0.611,17503.42,Approved,1
APP_03884,Robert Bell,58,Graduate,Self-Employed,35,3,Married,1092543,45898,3,27078,499533,3524419,750,2,0,1,0,1215830,12,Education,91045.25,29.74,1.113,18069.25,Approved,0
APP_03885,Brent Ryan,27,Diploma,Salaried,1,3,Married,616387,22101,0,0,237670,2595082,704,3,0,3,0,845489,60,Business,51365.58,0.0,1.372,29264.58,Approved,0
APP_03886,Aaron Cohen,60,High School,Self-Employed,19,0,Married,639794,13244,4,23992,246013,2504399,756,8,0,7,0,384528,120,Personal,53316.17,45.0,0.601,16080.17,Approved,0
APP_03887,Jeremy Ross,49,Postgraduate,Contract,16,0,Married,575191,11967,0,0,136867,1811432,825,15,0,6,1,453866,24,Home,47932.58,0.0,0.789,35965.58,Approved,0
APP_03888,Amy Roberts,43,High School,Business Owner,13,2,Single,647940,24136,3,23715,324829,1524720,613,22,1,2,3,448183,60,Business,53995.0,43.92,0.692,6144.0,Rejected,1
APP_03889,Shelby Brown,27,Postgraduate,Salaried,2,4,Single,652331,15830,0,0,77561,1303712,653,1,0,6,1,611948,84,Vehicle,54360.92,0.0,0.938,38530.92,Approved,0
APP_03890,Christopher Weiss,43,Graduate,Salaried,19,4,Single,715165,32207,3,26818,36047,0,613,12,0,7,1,546649,12,Vehicle,59597.08,45.0,0.764,572.08,Rejected,1
APP_03891,Ronald Kelly,54,Graduate,Salaried,32,3,Married,461057,20477,0,0,268246,1431486,636,14,0,1,1,419903,60,Education,38421.42,0.0,0.911,17944.42,Approved,0
APP_03892,Melissa Fletcher,43,Graduate,Salaried,5,0,Married,530937,17120,0,0,208209,1835148,702,17,0,5,0,465222,84,Business,44244.75,0.0,0.876,27124.75,Approved,0
APP_03893,Nicole Bartlett,25,Diploma,Salaried,0,0,Married,515855,17452,2,18507,148133,1153319,829,5,0,5,2,413051,48,Medical,42987.92,43.05,0.801,7028.92,Approved,0
APP_03894,Roberto Smith,63,Postgraduate,Salaried,5,0,Married,518480,11813,0,0,108554,1792743,503,14,0,1,3,722988,60,Business,43206.67,0.0,1.394,31393.67,Rejected,1
APP_03895,Derrick Vasquez,56,Postgraduate,Business Owner,2,4,Single,180000,5859,0,0,21045,348718,762,25,0,3,0,78402,24,Personal,15000.0,0.0,0.436,9141.0,Approved,0
APP_03896,Peter Edwards,59,Graduate,Contract,2,1,Single,645116,12012,4,24191,160001,2804986,555,20,1,2,1,668256,84,Vehicle,53759.67,45.0,1.036,17556.67,Rejected,1
APP_03897,David Miller,65,Graduate,Business Owner,19,3,Married,921430,19879,4,34553,342441,3052186,692,6,0,6,1,613651,48,Vehicle,76785.83,45.0,0.666,22353.83,Rejected,0
APP_03898,Vincent Jackson,54,High School,Salaried,16,4,Married,594472,14172,4,22292,304776,2468498,727,11,1,1,0,190744,36,Home,49539.33,45.0,0.321,13075.33,Approved,0
APP_03899,Donna Nielsen,64,Postgraduate,Salaried,27,0,Single,832916,21176,3,31234,321614,3570699,850,19,0,3,0,817182,84,Business,69409.67,45.0,0.981,16999.67,Approved,0
APP_03900,Gavin Pope,45,High School,Self-Employed,1,2,Married,949066,30085,0,0,595874,3110587,675,16,0,8,0,1115675,84,Home,79088.83,0.0,1.176,49003.83,Approved,0
APP_03901,Ann Holland,45,High School,Salaried,16,1,Married,325927,7677,1,4070,148065,1044776,762,7,0,5,1,317775,12,Personal,27160.58,14.98,0.975,15413.58,Approved,0
APP_03902,Adrian Evans,54,Graduate,Self-Employed,10,0,Single,823250,25782,1,5416,312018,2404194,727,18,1,3,1,950875,12,Personal,68604.17,7.89,1.155,37406.17,Rejected,0
APP_03903,Sean Anderson,62,Graduate,Self-Employed,33,1,Married,400407,12934,0,0,182505,1074488,714,8,0,6,0,630161,60,Vehicle,33367.25,0.0,1.574,20433.25,Approved,0
APP_03904,Jennifer Everett,47,Graduate,Salaried,9,2,Married,737974,25571,1,7178,266815,2207438,801,7,0,8,0,1136497,60,Business,61497.83,11.67,1.54,28748.83,Approved,0
APP_03905,Paul Ritter,32,Diploma,Salaried,8,1,Single,702608,30687,3,26347,361946,1132356,598,6,0,2,4,735224,24,Vehicle,58550.67,45.0,1.046,1516.67,Rejected,1
APP_03906,Catherine Lee,65,Graduate,Salaried,33,3,Married,773316,34922,2,23971,185945,2637231,446,12,0,5,4,1065306,84,Education,64443.0,37.2,1.378,5550.0,Rejected,1
APP_03907,Harold Johnson,57,Graduate,Business Owner,23,4,Single,1390714,49727,4,37646,151091,3301203,682,24,1,4,0,875325,84,Home,115892.83,32.48,0.629,28519.83,Rejected,1
APP_03908,Reginald Wilson,28,Diploma,Self-Employed,8,4,Single,941699,17264,4,35313,101478,1878925,739,5,0,8,1,982705,12,Medical,78474.92,45.0,1.044,25897.92,Approved,0
APP_03909,Tiffany Day,23,Postgraduate,Salaried,3,3,Single,355381,8657,1,13326,180206,650303,740,1,0,1,0,507642,60,Business,29615.08,45.0,1.428,7632.08,Approved,0
APP_03910,Jason Boyd,53,Graduate,Self-Employed,25,3,Married,812027,14293,3,29372,355893,2354389,821,2,0,2,1,658624,24,Medical,67668.92,43.41,0.811,24003.92,Approved,0
APP_03911,Wesley Jones,60,Postgraduate,Business Owner,26,3,Married,691572,19017,0,0,122090,1514802,755,14,0,4,0,775885,84,Education,57631.0,0.0,1.122,38614.0,Approved,0
APP_03912,Mario Delgado,24,Graduate,Salaried,3,2,Married,301444,5996,1,8177,10000,989576,680,5,0,3,0,497664,84,Education,25120.33,32.55,1.651,10947.33,Approved,0
APP_03913,Brittany Harris,25,Graduate,Self-Employed,2,3,Single,725781,30467,1,7269,190422,962521,724,5,1,5,3,273961,120,Medical,60481.75,12.02,0.377,22745.75,Rejected,0
APP_03914,Matthew Rivera,37,Graduate,Business Owner,10,0,Married,986146,23193,3,32298,299806,3187086,603,12,1,3,1,702510,60,Home,82178.83,39.3,0.712,26687.83,Rejected,1
APP_03915,Karen Li,38,High School,Self-Employed,1,1,Single,770962,31714,1,5072,134362,2655772,560,9,1,2,0,321874,24,Personal,64246.83,7.89,0.417,27460.83,Rejected,1
APP_03916,Kayla Peters,23,High School,Contract,3,4,Married,350554,15650,4,13145,118037,779891,630,3,0,5,2,245801,60,Education,29212.83,45.0,0.701,417.83,Rejected,1
APP_03917,Joseph Lopez,23,High School,Salaried,0,1,Married,593010,18959,4,22237,212785,1916225,665,2,0,2,2,305446,24,Vehicle,49417.5,45.0,0.515,8221.5,Approved,0
APP_03918,Anthony Davies,41,Graduate,Business Owner,18,4,Single,1001097,17135,4,37541,376412,2396606,771,2,0,3,0,228901,48,Personal,83424.75,45.0,0.229,28748.75,Approved,0
APP_03919,Christopher James,64,Postgraduate,Contract,3,0,Married,707754,14887,0,0,195110,2496228,558,17,1,6,3,677592,12,Vehicle,58979.5,0.0,0.957,44092.5,Rejected,1
APP_03920,Patricia Harrell,41,Graduate,Business Owner,2,0,Married,1117095,37085,2,14938,268501,1199851,672,20,0,5,1,353954,120,Vehicle,93091.25,16.05,0.317,41068.25,Approved,0
APP_03921,Collin Shaw,61,Graduate,Salaried,20,1,Married,284976,10822,3,10686,65812,701357,765,6,0,3,0,202623,48,Vehicle,23748.0,45.0,0.711,2240.0,Approved,0
APP_03922,Kristin Watson,28,Graduate,Self-Employed,0,0,Married,467598,20355,1,15534,104459,650964,774,10,0,5,0,518355,48,Personal,38966.5,39.87,1.109,3077.5,Approved,0
APP_03923,Kelly Murray,38,Diploma,Salaried,10,0,Married,748168,28746,3,28056,176593,1399192,695,3,0,4,2,623981,24,Personal,62347.33,45.0,0.834,5545.33,Approved,0
APP_03924,Destiny Wheeler,61,Graduate,Salaried,11,1,Married,675495,22050,3,25331,10000,266999,637,19,1,7,3,530558,120,Medical,56291.25,45.0,0.785,8910.25,Rejected,1
APP_03925,James Clayton,31,Graduate,Salaried,3,0,Married,626772,14065,4,23503,154948,2338138,670,13,0,1,1,828595,24,Medical,52231.0,45.0,1.322,14663.0,Rejected,0
APP_03926,Jacob Neal,47,Diploma,Salaried,24,2,Single,514635,10509,0,0,165941,1711094,742,10,0,4,0,413879,84,Vehicle,42886.25,0.0,0.804,32377.25,Approved,0
APP_03927,James Hebert,38,Postgraduate,Contract,5,2,Married,641035,16249,2,24038,152762,1438266,604,8,1,6,5,309706,120,Personal,53419.58,45.0,0.483,13132.58,Rejected,1
APP_03928,Kristi Hunter,49,Diploma,Business Owner,7,1,Married,831141,29048,3,28576,133626,592405,650,20,0,1,2,592592,120,Vehicle,69261.75,41.26,0.713,11637.75,Rejected,0
APP_03929,Kelly Fisher,29,Graduate,Business Owner,6,3,Married,180000,6469,3,6750,60410,239830,731,3,0,6,1,145515,48,Vehicle,15000.0,45.0,0.808,1781.0,Approved,1
APP_03930,Gary Wagner,33,Postgraduate,Salaried,1,2,Married,690549,19100,0,0,398662,1176821,780,9,0,6,0,368154,48,Personal,57545.75,0.0,0.533,38445.75,Approved,0
APP_03931,Darius Bell,58,Postgraduate,Self-Employed,33,4,Married,1113985,31793,1,7497,215341,2894029,691,21,0,6,0,1333669,24,Personal,92832.08,8.08,1.197,53542.08,Approved,0
APP_03932,Daniel Chapman,59,Graduate,Salaried,33,0,Married,714607,21162,3,24041,432436,1486384,718,23,1,2,0,481994,120,Medical,59550.58,40.37,0.674,14347.58,Approved,0
APP_03933,Lori Fisher,33,Graduate,Self-Employed,2,1,Married,541405,21301,2,15026,67687,171672,632,4,1,2,5,436121,12,Home,45117.08,33.3,0.806,8790.08,Rejected,1
APP_03934,Lauren Wilson,23,Graduate,Salaried,3,2,Single,847346,37455,3,24132,193545,1400607,799,1,0,2,0,306812,36,Home,70612.17,34.18,0.362,9025.17,Approved,0
APP_03935,Ryan Rogers,63,Postgraduate,Salaried,1,2,Married,635263,15479,2,17581,143011,1274176,759,12,0,2,0,657508,84,Medical,52938.58,33.21,1.035,19878.58,Approved,0
APP_03936,Danny Rodriguez,44,Postgraduate,Self-Employed,14,2,Married,666387,28261,0,0,235443,1760929,661,1,1,5,1,659056,48,Personal,55532.25,0.0,0.989,27271.25,Rejected,1
APP_03937,Austin Aguirre,21,High School,Salaried,0,1,Married,763987,13654,4,28649,320205,619505,712,3,0,6,0,561189,84,Vehicle,63665.58,45.0,0.735,21362.58,Approved,1
APP_03938,Joshua Richardson,58,Postgraduate,Self-Employed,16,4,Married,879553,37515,1,4092,376972,1109847,780,6,0,1,0,1220956,84,Vehicle,73296.08,5.58,1.388,31689.08,Approved,0
APP_03939,Donna Alexander,23,Graduate,Salaried,0,2,Married,758649,20303,0,0,107045,2378070,686,1,0,3,1,686932,48,Home,63220.75,0.0,0.905,42917.75,Approved,0
APP_03940,Joseph Alvarado,64,High School,Salaried,11,3,Single,863406,39381,4,32377,340032,1794920,651,11,0,2,0,670412,24,Home,71950.5,45.0,0.776,192.5,Approved,0
APP_03941,Mrs. Laura Wilkinson,45,Postgraduate,Salaried,3,2,Single,582304,12102,0,0,116142,1918895,572,21,0,2,1,255347,36,Personal,48525.33,0.0,0.439,36423.33,Rejected,0
APP_03942,Stephanie Kirk,45,Graduate,Business Owner,14,4,Single,877592,37742,0,0,462126,2394124,678,21,1,4,1,461273,120,Personal,73132.67,0.0,0.526,35390.67,Approved,0
APP_03943,Ashley Fuentes,55,Diploma,Contract,0,1,Single,844649,19381,2,25956,191119,1119071,797,19,0,3,0,331435,84,Home,70387.42,36.88,0.392,25050.42,Approved,0
APP_03944,David Diaz,61,High School,Self-Employed,25,2,Single,507352,20083,3,19025,236382,1378940,642,6,0,1,4,623432,24,Personal,42279.33,45.0,1.229,3171.33,Rejected,1
APP_03945,Robin Zuniga,44,Diploma,Business Owner,22,1,Married,1027415,40957,2,28521,310424,3789119,654,20,0,8,4,1280485,24,Home,85617.92,33.31,1.246,16139.92,Approved,1
APP_03946,Angela Chavez,34,Diploma,Salaried,11,3,Single,450434,11497,3,11612,119100,1650969,600,10,1,4,1,697957,120,Education,37536.17,30.94,1.55,14427.17,Rejected,1
APP_03947,Kimberly Lopez,42,Postgraduate,Self-Employed,8,2,Married,690190,13117,3,25882,329900,2278420,765,23,1,7,1,463283,48,Personal,57515.83,45.0,0.671,18516.83,Approved,0
APP_03948,Jeffrey Bailey MD,44,Graduate,Salaried,16,4,Married,554369,19280,3,20788,267810,668593,740,5,0,7,0,294140,36,Education,46197.42,45.0,0.531,6129.42,Approved,0
APP_03949,Eric Carney,54,Graduate,Salaried,28,0,Married,765196,21349,3,27159,484448,1128805,764,1,0,4,0,514267,120,Home,63766.33,42.59,0.672,15258.33,Approved,0
APP_03950,Jessica Byrd,50,Graduate,Salaried,12,1,Married,829320,25822,2,11118,254229,1271180,728,14,0,1,1,1131909,48,Medical,69110.0,16.09,1.365,32170.0,Approved,0
APP_03951,Carol Bates,46,Graduate,Salaried,0,4,Single,630538,11866,3,23645,123365,1762271,601,7,0,3,2,935087,48,Home,52544.83,45.0,1.483,17033.83,Rejected,1
APP_03952,Julie Garrett,25,Graduate,Salaried,2,4,Married,771029,35086,0,0,230585,2411069,555,4,0,6,4,375779,120,Business,64252.42,0.0,0.487,29166.42,Rejected,1
APP_03953,Kelly Rice,29,Postgraduate,Salaried,4,4,Single,976566,38894,4,36621,565505,2314501,628,1,1,7,2,628823,36,Vehicle,81380.5,45.0,0.644,5865.5,Rejected,1
APP_03954,Judith Thomas,26,Postgraduate,Self-Employed,0,0,Single,483303,20024,0,0,148909,1342452,746,7,0,7,2,240817,24,Vehicle,40275.25,0.0,0.498,20251.25,Rejected,0
APP_03955,Amanda Walsh,53,Postgraduate,Salaried,30,0,Married,408055,17659,0,0,170235,1760811,771,6,0,4,0,419467,84,Personal,34004.58,0.0,1.028,16345.58,Approved,0
APP_03956,Janet Daniels,28,High School,Self-Employed,5,3,Married,657944,23633,0,0,184530,3187375,726,4,1,4,0,376316,48,Personal,54828.67,0.0,0.572,31195.67,Approved,0
APP_03957,Linda Ramirez,26,High School,Salaried,4,2,Married,565780,17155,2,10837,141856,1230496,773,6,0,1,0,226164,12,Home,47148.33,22.98,0.4,19156.33,Approved,0
APP_03958,Robert Jones,33,Graduate,Business Owner,0,2,Married,608439,13335,1,9570,264238,1441197,748,13,0,8,0,410528,60,Education,50703.25,18.87,0.675,27798.25,Approved,0
APP_03959,Nancy Wright,53,High School,Salaried,6,1,Single,676563,12258,4,24329,12149,1289392,679,19,0,8,0,517168,24,Education,56380.25,43.15,0.764,19793.25,Approved,1
APP_03960,Lisa Walker,27,Graduate,Salaried,4,4,Single,859603,16628,3,29954,440640,2503414,757,3,0,3,1,237482,12,Education,71633.58,41.82,0.276,25051.58,Approved,0
APP_03961,Lori Valdez,45,Diploma,Business Owner,17,2,Single,660228,19512,0,0,101363,1019759,697,7,0,4,1,291924,60,Personal,55019.0,0.0,0.442,35507.0,Approved,0
APP_03962,Misty Waters,32,Graduate,Salaried,12,1,Married,732757,33247,4,27478,367784,1880779,607,12,0,1,3,959182,84,Home,61063.08,45.0,1.309,338.08,Rejected,1
APP_03963,Daniel Taylor,25,Graduate,Salaried,2,0,Married,1025158,44107,4,38443,22491,1258630,631,6,0,5,1,1487186,120,Medical,85429.83,45.0,1.451,2879.83,Rejected,1
APP_03964,Gregory Garrett,24,Diploma,Salaried,4,4,Single,535018,22084,0,0,10000,2549228,785,2,0,3,0,400113,84,Education,44584.83,0.0,0.748,22500.83,Approved,0
APP_03965,Eric Brown,36,Diploma,Self-Employed,1,4,Single,757978,15324,2,18786,68034,1073048,726,11,0,3,0,501211,84,Medical,63164.83,29.74,0.661,29054.83,Approved,0
APP_03966,James Manning,27,Graduate,Self-Employed,7,1,Married,614347,10358,3,23038,58751,677644,768,2,0,1,0,361539,12,Personal,51195.58,45.0,0.588,17799.58,Approved,0
APP_03967,Rodney Griffin,46,Graduate,Self-Employed,2,4,Married,556530,11758,0,0,215399,1488293,708,8,1,5,3,623837,36,Personal,46377.5,0.0,1.121,34619.5,Rejected,1
APP_03968,Caitlin Williams,55,Diploma,Business Owner,4,0,Single,906214,35032,2,21134,435654,2608247,737,12,1,1,2,1293378,12,Home,75517.83,27.99,1.427,19351.83,Rejected,0
APP_03969,Cynthia Perez,32,Graduate,Salaried,11,1,Married,569075,12348,1,17638,221471,1019850,714,10,0,1,0,452566,12,Business,47422.92,37.19,0.795,17436.92,Approved,0
APP_03970,Christina Ochoa,41,High School,Salaried,18,3,Single,646463,23784,0,0,79011,1815363,743,4,0,5,0,441420,48,Home,53871.92,0.0,0.683,30087.92,Approved,0
APP_03971,Anthony Nunez Jr.,57,High School,Self-Employed,6,4,Single,869117,24152,3,31059,173792,3989605,815,5,1,4,1,1024196,120,Personal,72426.42,42.88,1.178,17215.42,Rejected,1
APP_03972,Amanda Cole,37,Graduate,Salaried,10,3,Single,531751,12614,4,19940,203362,342678,698,14,1,3,1,629186,36,Home,44312.58,45.0,1.183,11758.58,Rejected,1
APP_03973,Joyce Leon,47,Graduate,Salaried,17,1,Married,926597,39203,3,24140,180319,3564560,740,15,1,2,2,384553,24,Personal,77216.42,31.26,0.415,13873.42,Rejected,1
APP_03974,Jeffrey Reeves,29,Postgraduate,Salaried,1,1,Single,329203,8529,4,12345,115657,284079,717,11,0,5,4,452661,60,Personal,27433.58,45.0,1.375,6559.58,Approved,0
APP_03975,Carolyn Mercado,44,Graduate,Salaried,16,2,Married,842134,22150,0,0,235620,3270794,592,11,1,3,1,801000,24,Home,70177.83,0.0,0.951,48027.83,Rejected,1
APP_03976,Mr. Juan Roth,29,Graduate,Salaried,9,0,Single,751811,33445,0,0,302312,2108838,653,10,0,8,1,888621,84,Business,62650.92,0.0,1.182,29205.92,Rejected,0
APP_03977,Danielle Brewer,25,Graduate,Salaried,0,4,Married,482773,20072,2,18103,278861,1307347,739,5,1,5,0,362988,120,Vehicle,40231.08,45.0,0.752,2056.08,Rejected,1
APP_03978,Heather Taylor,41,High School,Contract,9,2,Married,501016,20630,1,6512,45648,1089367,517,18,0,4,5,238089,60,Personal,41751.33,15.6,0.475,14609.33,Rejected,0
APP_03979,Kevin Jones,21,Graduate,Business Owner,0,4,Married,913865,23186,4,34269,508764,3098870,838,1,0,7,0,990469,24,Education,76155.42,45.0,1.084,18700.42,Approved,0
APP_03980,Michelle Beck,48,Postgraduate,Salaried,1,0,Single,436741,8575,2,16377,222522,1331921,808,2,1,7,0,611788,120,Medical,36395.08,45.0,1.401,11443.08,Rejected,1
APP_03981,Mark Martinez,54,Graduate,Salaried,25,4,Single,576642,9642,0,0,189774,513550,673,21,0,6,1,648267,12,Business,48053.5,0.0,1.124,38411.5,Approved,0
APP_03982,Matthew Rogers,41,Diploma,Contract,21,4,Married,487427,18448,0,0,288249,1329022,651,8,0,2,0,183690,60,Vehicle,40618.92,0.0,0.377,22170.92,Approved,0
APP_03983,Jacob Sandoval,30,Graduate,Contract,0,1,Married,531699,14508,1,5722,178830,1749746,714,8,1,2,1,377065,48,Business,44308.25,12.91,0.709,24078.25,Rejected,0
APP_03984,Sarah Campbell,55,Postgraduate,Salaried,2,4,Married,782145,24543,3,26236,253350,1861049,614,19,1,1,3,670501,12,Vehicle,65178.75,40.25,0.857,14399.75,Rejected,1
APP_03985,Stacey Alexander,36,Diploma,Salaried,8,0,Married,899728,35358,4,33739,301991,2721538,673,15,0,3,0,753741,36,Personal,74977.33,45.0,0.838,5880.33,Rejected,0
APP_03986,Eric Murray,63,Graduate,Salaried,30,3,Single,628578,11258,0,0,195576,1613110,616,16,0,6,0,354509,84,Education,52381.5,0.0,0.564,41123.5,Rejected,0
APP_03987,Gina Armstrong,56,Diploma,Salaried,30,1,Married,244372,10482,1,7854,74951,773283,551,1,1,6,1,161600,60,Home,20364.33,38.57,0.661,2028.33,Rejected,1
APP_03988,Laura Harris,24,Graduate,Self-Employed,1,1,Single,914440,28682,1,6052,209741,3405218,730,3,1,3,0,1328390,12,Business,76203.33,7.94,1.453,41469.33,Approved,0
APP_03989,Joseph Boyd,27,Graduate,Salaried,6,4,Married,645806,21761,4,24217,158155,1477359,804,3,0,6,0,991385,84,Home,53817.17,45.0,1.535,7839.17,Approved,0
APP_03990,Julian Snyder,50,High School,Salaried,22,4,Single,780181,16843,2,14968,244184,713696,687,19,1,2,0,673753,84,Home,65015.08,23.02,0.864,33204.08,Rejected,1
APP_03991,Carol Snow,22,Graduate,Business Owner,0,4,Single,1110390,48337,3,27686,206156,2824432,590,2,0,6,1,222145,36,Home,92532.5,29.92,0.2,16509.5,Rejected,1
APP_03992,Megan Clark,43,High School,Business Owner,3,1,Married,390627,15856,0,0,132783,1295293,806,23,0,3,0,248767,12,Personal,32552.25,0.0,0.637,16696.25,Approved,0
APP_03993,Kelli Cunningham,60,Graduate,Salaried,31,4,Single,251310,8931,0,0,49749,808609,737,25,0,6,1,205188,36,Business,20942.5,0.0,0.816,12011.5,Approved,0
APP_03994,Melissa Stevens,58,Postgraduate,Salaried,25,1,Married,460500,9783,1,3345,269896,1134073,717,15,0,2,1,584953,12,Medical,38375.0,8.72,1.27,25247.0,Approved,0
APP_03995,Kim Foley,42,Graduate,Self-Employed,20,4,Single,769105,24794,2,28841,315162,920858,767,14,0,2,0,649771,36,Home,64092.08,45.0,0.845,10457.08,Approved,0
APP_03996,Travis Ochoa,55,Postgraduate,Salaried,18,2,Married,557565,20318,3,20908,141300,2234299,721,25,0,2,1,479446,84,Business,46463.75,45.0,0.86,5237.75,Approved,0
APP_03997,Alexandra Salas,26,Graduate,Self-Employed,4,1,Married,977278,35528,2,26396,312295,3221230,658,3,0,1,2,412539,24,Education,81439.83,32.41,0.422,19515.83,Approved,0
APP_03998,Jose Williams,40,Postgraduate,Salaried,0,3,Single,399045,13988,4,14964,72535,439055,678,16,0,6,0,121509,60,Vehicle,33253.75,45.0,0.304,4301.75,Approved,1
APP_03999,Kimberly Wise,61,Postgraduate,Self-Employed,3,4,Married,612191,25078,2,20398,348922,1955314,726,17,0,5,0,127732,84,Personal,51015.92,39.98,0.209,5539.92,Approved,1
APP_04000,Nicole Alexander,61,Graduate,Salaried,33,4,Married,618953,24250,1,9015,101557,2370024,623,4,0,3,0,168531,120,Personal,51579.42,17.48,0.272,18314.42,Rejected,0
APP_04001,Timothy Stephenson,27,Graduate,Salaried,1,1,Single,738204,33252,1,6843,102309,2944963,694,1,0,4,0,606817,48,Business,61517.0,11.12,0.822,21422.0,Approved,0
APP_04002,Regina Odonnell,46,Postgraduate,Salaried,22,1,Single,533843,15879,2,20019,78524,2658097,541,21,0,4,3,602555,36,Business,44486.92,45.0,1.129,8588.92,Rejected,1
APP_04003,Keith Estrada,64,Postgraduate,Business Owner,34,4,Married,861519,38833,4,32306,166685,2865127,626,10,0,1,5,298772,24,Vehicle,71793.25,45.0,0.347,654.25,Rejected,1
APP_04004,Cynthia Crawford,40,Postgraduate,Salaried,12,0,Married,580016,22460,0,0,52921,1400668,584,22,1,1,0,541503,24,Education,48334.67,0.0,0.934,25874.67,Rejected,1
APP_04005,Daniel Chung,23,Graduate,Salaried,2,4,Single,406059,14038,0,0,62676,604802,639,4,0,1,5,447497,120,Personal,33838.25,0.0,1.102,19800.25,Approved,1
APP_04006,Seth Martinez,62,Graduate,Self-Employed,32,0,Single,764954,29689,3,28685,298453,2165199,629,3,0,4,3,979132,60,Personal,63746.17,45.0,1.28,5372.17,Rejected,1
APP_04007,Holly Novak,39,Postgraduate,Salaried,19,1,Single,706228,31203,3,26483,148954,2348717,580,7,0,1,4,787253,120,Home,58852.33,45.0,1.115,1166.33,Rejected,1
APP_04008,Steven Delgado,24,Graduate,Contract,0,0,Single,363558,7940,4,13633,90521,1123858,697,5,0,5,1,398590,24,Personal,30296.5,45.0,1.096,8723.5,Approved,1
APP_04009,Kathryn Wang,27,Diploma,Contract,5,0,Married,522277,12781,4,19585,124282,1203570,745,8,1,4,1,873494,60,Personal,43523.08,45.0,1.672,11157.08,Rejected,1
APP_04010,Justin Price,58,Postgraduate,Self-Employed,1,4,Single,411720,18692,0,0,104875,1058368,687,12,0,7,2,285582,84,Personal,34310.0,0.0,0.694,15618.0,Approved,1
APP_04011,Marie Becker,59,Graduate,Salaried,31,0,Married,822080,15197,0,0,286921,2559702,618,7,1,3,0,558177,12,Home,68506.67,0.0,0.679,53309.67,Rejected,0
APP_04012,Dylan Swanson,65,Graduate,Contract,18,1,Single,623882,20286,1,11878,287846,554214,676,24,0,3,0,199707,12,Personal,51990.17,22.85,0.32,19826.17,Approved,0
APP_04013,Meredith Bright,22,Postgraduate,Salaried,0,0,Married,569918,14595,2,21371,101320,959254,723,3,0,5,0,509668,120,Home,47493.17,45.0,0.894,11527.17,Approved,0
APP_04014,Carl Moreno,44,Graduate,Contract,17,4,Single,279855,9154,0,0,70786,697885,633,21,0,2,4,182668,36,Business,23321.25,0.0,0.653,14167.25,Rejected,1
APP_04015,Krista Chan,60,High School,Business Owner,32,0,Married,1320949,27973,0,0,462250,2918933,723,6,0,3,0,658492,12,Personal,110079.08,0.0,0.498,82106.08,Approved,0
APP_04016,Mitchell Graham,45,Graduate,Salaried,8,1,Married,833386,23867,0,0,104448,3319112,699,8,0,2,2,710606,120,Education,69448.83,0.0,0.853,45581.83,Approved,0
APP_04017,Zachary Graham,23,Graduate,Salaried,2,3,Married,436964,18749,1,9626,174390,677728,616,3,0,1,0,465280,24,Personal,36413.67,26.44,1.065,8038.67,Approved,0
APP_04018,Mandy Roberts,21,Graduate,Salaried,0,1,Single,469713,16107,4,17614,109042,1095687,672,3,0,6,3,527313,12,Personal,39142.75,45.0,1.123,5421.75,Rejected,1
APP_04019,Colin May,30,Graduate,Salaried,4,2,Single,597295,12591,4,22398,279824,1545515,750,11,0,2,0,304107,36,Home,49774.58,45.0,0.509,14785.58,Approved,0
APP_04020,Ashley Peterson,40,Graduate,Self-Employed,16,1,Married,721267,21588,0,0,10000,2047963,700,17,0,6,1,645446,48,Home,60105.58,0.0,0.895,38517.58,Approved,0
APP_04021,Victoria Davis,64,Graduate,Salaried,26,0,Married,759857,34200,1,8082,95677,2592998,686,2,0,6,0,260925,84,Personal,63321.42,12.76,0.343,21039.42,Approved,0
APP_04022,David Burke DDS,51,Graduate,Salaried,16,1,Single,737354,31315,0,0,214605,878803,685,25,0,2,1,375133,48,Education,61446.17,0.0,0.509,30131.17,Approved,0
APP_04023,Mr. Adam Lee Jr.,49,Graduate,Salaried,27,3,Single,839274,33566,4,31472,209421,1762289,709,12,0,4,0,790282,36,Home,69939.5,45.0,0.942,4901.5,Rejected,0
APP_04024,Brett Salazar,36,Diploma,Salaried,6,3,Single,645864,22592,4,24219,162569,652824,673,11,0,6,1,585763,36,Personal,53822.0,45.0,0.907,7011.0,Approved,0
APP_04025,Jeff Clark,51,Graduate,Salaried,8,2,Married,790125,28033,0,0,391662,2134702,804,2,0,3,0,357190,24,Home,65843.75,0.0,0.452,37810.75,Approved,0
APP_04026,Mark Simmons,31,High School,Salaried,2,4,Married,617965,18582,2,15748,39883,853745,589,9,1,7,5,871678,12,Personal,51497.08,30.58,1.411,17167.08,Rejected,1
APP_04027,David Jensen,51,Diploma,Salaried,21,0,Single,523041,21075,3,19614,254658,1668588,720,3,0,8,0,658335,120,Vehicle,43586.75,45.0,1.259,2897.75,Approved,0
APP_04028,Christopher White,34,Postgraduate,Salaried,14,2,Single,530162,10052,4,19881,168899,1553103,632,5,0,4,2,480589,48,Home,44180.17,45.0,0.906,14247.17,Rejected,0
APP_04029,Laura Aguilar,22,Diploma,Salaried,2,4,Married,660310,20001,0,0,129992,1035817,799,1,0,5,1,238561,48,Education,55025.83,0.0,0.361,35024.83,Approved,0
APP_04030,Robert Roach,40,Diploma,Business Owner,3,0,Married,814241,18129,4,30534,123602,3311438,685,9,1,2,2,307743,120,Vehicle,67853.42,45.0,0.378,19190.42,Rejected,1
APP_04031,Bridget Mendez,33,Graduate,Self-Employed,12,0,Single,1075824,42311,4,40343,254465,1630233,709,2,0,4,0,531450,84,Personal,89652.0,45.0,0.494,6998.0,Rejected,0
APP_04032,Anthony Collins,25,Postgraduate,Contract,1,1,Married,495861,14197,4,18594,10000,1281199,755,7,0,6,1,248421,12,Home,41321.75,45.0,0.501,8530.75,Approved,0
APP_04033,Danny Smith,35,Graduate,Salaried,6,0,Married,536588,16915,2,20122,252304,605078,714,11,0,4,0,545285,36,Medical,44715.67,45.0,1.016,7678.67,Rejected,0
APP_04034,Brian Daniels,52,Graduate,Salaried,16,4,Married,595014,15872,1,17005,214142,665999,585,19,1,4,0,905887,48,Business,49584.5,34.29,1.522,16707.5,Rejected,1
APP_04035,Andrew Hester,60,High School,Salaried,0,0,Single,735078,29052,0,0,305894,978359,701,10,0,3,1,247974,120,Personal,61256.5,0.0,0.337,32204.5,Rejected,0
APP_04036,Miguel Larson,57,Graduate,Self-Employed,12,2,Single,665968,25012,0,0,236250,3441725,691,24,0,5,0,719444,120,Business,55497.33,0.0,1.08,30485.33,Approved,0
APP_04037,James Hernandez,34,Graduate,Self-Employed,4,2,Married,1201063,28254,0,0,255905,4257047,672,13,0,5,2,1573036,60,Home,100088.58,0.0,1.31,71834.58,Approved,0
APP_04038,Samuel Potter,22,Diploma,Salaried,2,4,Married,797413,31846,2,18297,91498,2315801,735,4,0,5,3,549038,84,Home,66451.08,27.53,0.689,16308.08,Rejected,0
APP_04039,David Taylor,28,Postgraduate,Salaried,1,0,Married,789431,27700,4,29603,273032,2606628,746,1,0,3,1,1014380,60,Medical,65785.92,45.0,1.285,8482.92,Rejected,1
APP_04040,Christy Martin,57,High School,Salaried,15,0,Single,1171484,25828,1,9655,234775,4385660,789,24,0,2,0,1782266,12,Medical,97623.67,9.89,1.521,62140.67,Approved,0
APP_04041,Shelley Proctor,47,High School,Business Owner,26,1,Married,916495,37066,1,7187,61260,4498629,594,20,1,8,3,201648,120,Personal,76374.58,9.41,0.22,32121.58,Rejected,1
APP_04042,Courtney Barrett,63,Graduate,Self-Employed,27,0,Single,802002,35121,2,13571,444476,2388811,770,10,0,7,0,565156,12,Home,66833.5,20.31,0.705,18141.5,Approved,0
APP_04043,Bradley Hall,23,Graduate,Business Owner,0,3,Married,1153749,22677,4,43265,363065,1876351,622,5,0,4,2,1148986,36,Vehicle,96145.75,45.0,0.996,30203.75,Rejected,0
APP_04044,Michael Steele,33,Graduate,Salaried,13,2,Single,334632,14115,3,12548,91865,571371,600,8,1,3,2,368289,60,Vehicle,27886.0,45.0,1.101,1223.0,Rejected,1
APP_04045,Ashley Anderson,30,Diploma,Salaried,10,1,Married,561662,17486,2,16467,299808,922510,681,11,0,5,2,896084,36,Home,46805.17,35.18,1.595,12852.17,Approved,0
APP_04046,Susan Martinez,23,Diploma,Business Owner,2,2,Married,796818,28033,1,12244,620733,3071899,754,4,0,2,1,1174377,12,Home,66401.5,18.44,1.474,26124.5,Approved,0
APP_04047,Dr. Adrian Hartman,55,Graduate,Salaried,20,2,Single,180000,5497,2,6750,10000,463798,765,20,0,4,1,77558,36,Vehicle,15000.0,45.0,0.431,2753.0,Approved,0
APP_04048,Anita Johnson,59,Graduate,Salaried,33,1,Single,578444,15450,1,9374,173610,857823,810,25,0,5,0,326391,24,Vehicle,48203.67,19.45,0.564,23379.67,Approved,0
APP_04049,Juan Baker,26,High School,Contract,5,1,Married,567757,10721,4,21290,138151,1309047,719,8,0,2,0,637971,36,Vehicle,47313.08,45.0,1.124,15302.08,Rejected,0
APP_04050,Chelsey Bennett,59,Graduate,Business Owner,12,1,Single,1581940,48047,2,23999,778605,6622073,739,14,1,4,0,1441776,36,Business,131828.33,18.2,0.911,59782.33,Rejected,0
APP_04051,Jacob Jackson,59,Diploma,Salaried,27,3,Married,548994,19301,1,9327,38006,1684756,604,3,1,1,4,549695,48,Education,45749.5,20.39,1.001,17121.5,Rejected,1
APP_04052,David Palmer,41,Graduate,Salaried,19,1,Married,630339,28406,0,0,59515,1211305,661,13,0,8,1,399370,48,Vehicle,52528.25,0.0,0.634,24122.25,Approved,0
APP_04053,Stefanie Brown,33,Postgraduate,Salaried,7,1,Married,750814,17156,4,28155,427345,2432428,722,3,0,1,3,1010094,12,Vehicle,62567.83,45.0,1.345,17256.83,Approved,0
APP_04054,Carlos Mcdonald,43,Graduate,Self-Employed,10,2,Married,1125344,37537,4,33507,556353,2293061,712,8,0,8,1,1434788,12,Business,93778.67,35.73,1.275,22734.67,Approved,1
APP_04055,Emily Lee,24,Graduate,Business Owner,2,4,Single,881024,37135,0,0,66209,3661523,659,3,0,1,1,1278539,24,Education,73418.67,0.0,1.451,36283.67,Rejected,0
APP_04056,Dominique Mccarthy,52,Graduate,Self-Employed,10,4,Married,781923,17781,0,0,454739,1877505,735,10,0,6,1,985974,120,Business,65160.25,0.0,1.261,47379.25,Approved,0
APP_04057,Rebecca Goodman,41,High School,Salaried,7,1,Married,384849,7591,1,10493,194141,1054966,573,15,0,2,1,276645,12,Vehicle,32070.75,32.72,0.719,13986.75,Rejected,1
APP_04058,Lori Sloan,30,Graduate,Salaried,2,2,Married,635627,11435,4,23836,49148,1905474,721,8,0,5,1,286874,60,Personal,52968.92,45.0,0.451,17697.92,Rejected,0
APP_04059,Christina Scott,49,Diploma,Salaried,13,1,Married,870540,19971,0,0,541978,1542728,795,22,0,6,0,428755,24,Vehicle,72545.0,0.0,0.493,52574.0,Approved,0
APP_04060,Christopher Simpson,35,Diploma,Business Owner,12,2,Married,1016376,39028,3,38114,574056,148254,825,4,0,4,0,1192591,48,Education,84698.0,45.0,1.173,7556.0,Approved,0
APP_04061,Kelly Duncan,35,Graduate,Self-Employed,2,1,Married,818400,36678,2,22765,202642,684674,798,4,0,3,0,961462,120,Vehicle,68200.0,33.38,1.175,8757.0,Approved,0
APP_04062,Denise Morrison,36,Graduate,Salaried,9,0,Single,820127,28088,0,0,512820,3594254,676,13,0,8,3,845645,24,Personal,68343.92,0.0,1.031,40255.92,Approved,0
APP_04063,Cassandra Carroll,29,Graduate,Salaried,5,4,Single,726643,27874,3,27249,98097,1422517,732,9,0,3,0,651842,12,Medical,60553.58,45.0,0.897,5430.58,Approved,0
APP_04064,Marvin Orozco,36,Graduate,Salaried,2,3,Married,689201,25608,0,0,100597,1960270,831,15,0,4,0,509887,48,Medical,57433.42,0.0,0.74,31825.42,Approved,0
APP_04065,Jesus Schultz,41,Graduate,Contract,17,2,Single,382483,14820,0,0,149378,1156119,598,19,1,2,2,369346,120,Business,31873.58,0.0,0.966,17053.58,Rejected,1
APP_04066,Cody Cook,41,High School,Salaried,13,2,Married,516281,12081,0,0,257923,1466635,777,20,0,3,0,780099,120,Vehicle,43023.42,0.0,1.511,30942.42,Approved,0
APP_04067,Larry Morgan,49,Postgraduate,Salaried,4,3,Married,544753,17072,4,20428,160074,527999,739,24,1,4,3,184672,120,Education,45396.08,45.0,0.339,7896.08,Rejected,1
APP_04068,Jeffery Murphy,46,Postgraduate,Self-Employed,13,0,Married,699754,22621,4,26240,10000,2218544,660,10,0,5,0,690773,48,Vehicle,58312.83,45.0,0.987,9451.83,Rejected,0
APP_04069,Frank Lee,41,Graduate,Salaried,2,2,Married,782326,19794,2,29007,211364,1753889,728,15,0,6,0,399706,24,Business,65193.83,44.49,0.511,16392.83,Approved,0
APP_04070,Erin Russell,51,High School,Salaried,12,0,Married,399992,13187,4,14999,130305,787676,760,9,0,6,0,314966,12,Education,33332.67,45.0,0.787,5146.67,Approved,0
APP_04071,Anna Novak,31,High School,Self-Employed,8,0,Single,812026,29125,1,9032,133713,1656046,758,6,0,6,0,739053,12,Vehicle,67668.83,13.35,0.91,29511.83,Approved,0
APP_04072,Edward Fischer,41,Graduate,Contract,8,4,Married,489712,10102,2,18364,77990,1441641,517,15,0,1,0,749897,12,Medical,40809.33,45.0,1.531,12343.33,Approved,1
APP_04073,Eric Williams,31,Graduate,Salaried,3,0,Married,612077,13343,0,0,219567,2482079,736,8,1,5,1,1033036,36,Medical,51006.42,0.0,1.688,37663.42,Rejected,1
APP_04074,Mary Williamson,44,Graduate,Salaried,2,1,Single,473859,10650,0,0,138723,1589182,556,20,0,8,0,652221,120,Personal,39488.25,0.0,1.376,28838.25,Rejected,1
APP_04075,Pamela Diaz,42,Graduate,Self-Employed,18,3,Single,536675,11565,4,20125,171136,1035406,729,24,0,2,0,581758,120,Medical,44722.92,45.0,1.084,13032.92,Approved,0
APP_04076,Kathleen Whitehead,42,Postgraduate,Contract,13,1,Single,563032,19733,2,21113,179312,1776144,605,24,0,2,6,727908,12,Medical,46919.33,45.0,1.293,6073.33,Rejected,1
APP_04077,James Alexander,31,Graduate,Salaried,10,3,Married,623013,14404,0,0,260679,2215284,676,10,0,8,1,604665,24,Home,51917.75,0.0,0.971,37513.75,Approved,0
APP_04078,John Arnold Jr.,57,Graduate,Business Owner,11,0,Married,660661,27548,2,10042,158898,3280546,672,22,0,4,1,1024634,36,Personal,55055.08,18.24,1.551,17465.08,Rejected,0
APP_04079,Jennifer Dean,31,Graduate,Salaried,4,0,Single,355796,13397,4,13342,89230,554777,712,7,0,7,1,534830,60,Personal,29649.67,45.0,1.503,2910.67,Approved,1
APP_04080,Richard Lewis,41,High School,Self-Employed,5,2,Single,384722,7323,0,0,189548,1154971,720,18,0,6,0,429677,24,Business,32060.17,0.0,1.117,24737.17,Approved,0
APP_04081,Elizabeth Lee,58,Graduate,Salaried,3,1,Married,666562,19817,1,8226,238395,1383734,674,13,0,7,0,989280,12,Vehicle,55546.83,14.81,1.484,27503.83,Approved,0
APP_04082,Wanda Johnson,42,Graduate,Self-Employed,15,3,Married,986457,18163,1,13984,319129,1407213,698,5,0,7,2,471296,36,Personal,82204.75,17.01,0.478,50057.75,Approved,0
APP_04083,Jacob Ferrell,44,Graduate,Salaried,14,3,Married,574531,13220,2,21544,276725,2729299,694,20,0,4,1,468530,36,Vehicle,47877.58,45.0,0.815,13113.58,Approved,0
APP_04084,Nathan Patton,44,Diploma,Business Owner,10,3,Married,688670,24269,0,0,187742,1283445,815,2,0,6,0,611057,48,Vehicle,57389.17,0.0,0.887,33120.17,Approved,0
APP_04085,Shannon Hammond,65,Postgraduate,Salaried,29,2,Married,542234,22606,0,0,301516,909899,733,4,0,1,2,311096,48,Personal,45186.17,0.0,0.574,22580.17,Approved,0
APP_04086,Nathan Miller,65,Diploma,Salaried,4,0,Married,916021,28289,3,33570,253118,3939597,610,24,0,1,0,515922,84,Medical,76335.08,43.98,0.563,14476.08,Rejected,1
APP_04087,Angela Knapp,25,Postgraduate,Salaried,1,4,Single,688360,29200,3,25813,161517,1679600,644,5,0,2,2,1012267,36,Education,57363.33,45.0,1.471,2350.33,Rejected,1
APP_04088,Angela Fowler,45,High School,Salaried,7,2,Single,579135,21884,2,21717,158217,920300,748,10,0,2,1,488260,84,Home,48261.25,45.0,0.843,4660.25,Approved,0
APP_04089,Angelica Whitaker,23,High School,Business Owner,1,4,Married,1095422,37379,2,16754,192953,3109169,659,2,0,8,4,1579872,120,Vehicle,91285.17,18.35,1.442,37152.17,Rejected,0
APP_04090,Michael Taylor,63,Diploma,Self-Employed,10,2,Single,746635,14678,3,27998,222632,2105119,748,4,0,3,1,847633,120,Vehicle,62219.58,45.0,1.135,19543.58,Approved,0
APP_04091,Rose Johnson,39,Graduate,Business Owner,3,3,Married,1290580,29426,0,0,462290,2342072,738,4,0,2,1,773053,36,Medical,107548.33,0.0,0.599,78122.33,Approved,0
APP_04092,Paul Davis,62,Postgraduate,Salaried,16,1,Single,873988,32896,2,23598,225765,2326513,595,2,0,8,5,141625,48,Personal,72832.33,32.4,0.162,16338.33,Rejected,1
APP_04093,Jordan Conner DVM,58,Graduate,Salaried,8,4,Married,619121,14193,1,11892,350798,3012239,829,18,0,2,0,940516,48,Education,51593.42,23.05,1.519,25508.42,Approved,0
APP_04094,Jackie Parker,41,Diploma,Salaried,6,3,Single,626854,26969,4,23507,243054,1962303,706,8,0,6,1,311060,60,Business,52237.83,45.0,0.496,1761.83,Approved,0
APP_04095,Joseph Lee,34,Graduate,Salaried,4,1,Single,709895,21512,1,17176,192095,1738811,630,1,0,6,0,463725,60,Vehicle,59157.92,29.03,0.653,20469.92,Approved,0
APP_04096,Anthony Gallegos,56,Postgraduate,Self-Employed,14,2,Married,809841,33796,2,20565,322941,980873,779,2,0,5,2,1046104,24,Education,67486.75,30.47,1.292,13125.75,Approved,0
APP_04097,Michael Smith,29,Postgraduate,Self-Employed,8,3,Single,883676,16031,0,0,460142,1397865,645,10,0,8,1,985715,36,Vehicle,73639.67,0.0,1.115,57608.67,Approved,0
APP_04098,Joshua White,63,Diploma,Contract,15,4,Single,504495,22174,0,0,166465,769383,718,25,1,3,2,169228,84,Personal,42041.25,0.0,0.335,19867.25,Approved,0
APP_04099,Debra Delacruz,27,Postgraduate,Self-Employed,6,2,Married,810370,31921,4,30388,505480,1742219,816,1,0,6,0,778050,84,Personal,67530.83,45.0,0.96,5221.83,Approved,0
APP_04100,David Bond,45,Diploma,Self-Employed,6,4,Married,1173746,49867,1,17746,117396,3541738,666,18,1,4,0,1646114,84,Education,97812.17,18.14,1.402,30199.17,Rejected,0
APP_04101,Brittany Webb,63,Graduate,Salaried,23,1,Married,779036,25795,3,29213,234775,1446157,800,4,0,3,0,445023,24,Home,64919.67,45.0,0.571,9911.67,Approved,0
APP_04102,Steven Leonard,37,Graduate,Salaried,4,3,Single,648509,11562,1,11328,220178,1028150,681,7,1,4,2,416139,12,Personal,54042.42,20.96,0.642,31152.42,Rejected,1
APP_04103,Erika Smith,34,Postgraduate,Salaried,13,2,Single,602856,16464,2,22607,114473,1718514,680,8,0,4,1,534120,12,Home,50238.0,45.0,0.886,11167.0,Rejected,0
APP_04104,Matthew Melton,59,Graduate,Salaried,13,4,Married,654771,14747,1,15589,334924,1251959,796,10,0,5,0,762879,60,Vehicle,54564.25,28.57,1.165,24228.25,Approved,0
APP_04105,Elizabeth Peterson,47,Diploma,Salaried,17,4,Single,471726,19498,1,8239,166539,1892898,524,24,1,8,4,374492,24,Medical,39310.5,20.96,0.794,11573.5,Rejected,1
APP_04106,Johnny Stanley,57,Graduate,Salaried,27,1,Married,713855,16918,2,26769,148449,2008006,642,1,1,4,6,255407,60,Vehicle,59487.92,45.0,0.358,15800.92,Rejected,1
APP_04107,Michelle Simmons,35,Diploma,Salaried,12,0,Married,681424,14277,3,25553,409372,1970899,804,6,0,6,0,898508,48,Personal,56785.33,45.0,1.319,16955.33,Approved,0
APP_04108,Mary Davidson,27,Graduate,Business Owner,3,0,Single,789867,31620,4,29167,333473,2510362,661,2,0,3,1,579930,24,Vehicle,65822.25,44.31,0.734,5035.25,Rejected,1
APP_04109,Jason Sanchez,40,Graduate,Salaried,19,1,Married,678216,20838,4,25433,155288,1367040,704,19,0,1,0,652714,12,Home,56518.0,45.0,0.962,10247.0,Approved,0
APP_04110,Matthew Pineda,35,Graduate,Salaried,2,3,Single,858232,20044,0,0,308185,2639944,675,12,0,4,0,697365,120,Home,71519.33,0.0,0.813,51475.33,Approved,0
APP_04111,Catherine Smith,42,Diploma,Salaried,11,2,Married,663425,19006,3,24878,192883,1298820,771,5,0,8,1,558785,12,Education,55285.42,45.0,0.842,11401.42,Approved,0
APP_04112,Stacy Williams,54,High School,Salaried,33,1,Single,520158,13209,2,19505,189446,884396,700,12,0,3,0,361330,48,Business,43346.5,45.0,0.695,10632.5,Approved,0
APP_04113,Derrick Green,52,Postgraduate,Business Owner,14,1,Single,870645,34523,3,28336,386614,684732,690,4,0,8,1,604526,60,Personal,72553.75,39.06,0.694,9694.75,Approved,0
APP_04114,Luis Munoz,22,Postgraduate,Salaried,0,1,Married,656311,26447,4,24611,231722,2231514,737,4,0,1,0,547316,84,Vehicle,54692.58,45.0,0.834,3634.58,Approved,1
APP_04115,Scott Bowman,27,Graduate,Contract,4,0,Single,686259,28495,4,25734,158129,924848,650,9,0,1,0,196606,36,Vehicle,57188.25,45.0,0.286,2959.25,Approved,0
APP_04116,Bryan Adams,47,Graduate,Self-Employed,12,0,Single,701743,23195,3,26315,254292,1595440,688,9,1,2,3,342390,12,Medical,58478.58,45.0,0.488,8968.58,Rejected,1
APP_04117,Barbara Wilson,42,Postgraduate,Salaried,18,1,Married,714331,18736,4,26787,28430,2033643,835,20,0,6,0,254156,84,Personal,59527.58,45.0,0.356,14004.58,Approved,0
APP_04118,Victor Ward,27,Graduate,Salaried,3,0,Married,649556,25114,0,0,193859,2369932,532,4,1,3,0,595666,84,Education,54129.67,0.0,0.917,29015.67,Rejected,1
APP_04119,Michael Cox,25,Diploma,Salaried,0,0,Single,784564,17193,4,29421,130261,2675258,631,6,0,3,2,696261,120,Medical,65380.33,45.0,0.887,18766.33,Approved,1
APP_04120,Donna Ray,45,Diploma,Business Owner,7,1,Married,180000,5128,4,6750,44905,349597,686,16,1,6,0,199905,120,Home,15000.0,45.0,1.111,3122.0,Rejected,0
APP_04121,Randall Smith,33,Graduate,Salaried,9,0,Single,448941,17949,2,16835,266723,1091548,511,15,0,2,6,668313,12,Medical,37411.75,45.0,1.489,2627.75,Rejected,1
APP_04122,Emily Schmitt,44,Graduate,Contract,13,2,Single,315272,12717,0,0,110777,774107,606,19,0,4,4,538463,36,Business,26272.67,0.0,1.708,13555.67,Rejected,1
APP_04123,Steven Conrad,41,Graduate,Contract,12,4,Married,480186,11707,2,18006,82734,910270,586,22,0,7,1,147645,84,Personal,40015.5,45.0,0.307,10302.5,Rejected,0
APP_04124,Kimberly Williams,57,Diploma,Salaried,34,0,Married,609417,25702,1,5055,162490,848323,671,18,0,4,1,362675,12,Home,50784.75,9.95,0.595,20027.75,Approved,0
APP_04125,Ricky Snyder,50,Graduate,Salaried,9,1,Married,674457,29614,4,25292,290208,653664,668,5,0,6,0,533936,48,Business,56204.75,45.0,0.792,1298.75,Rejected,0
APP_04126,Aaron Kelly,44,Postgraduate,Salaried,15,3,Single,911218,26465,0,0,417316,4021435,791,22,0,3,1,1357820,84,Personal,75934.83,0.0,1.49,49469.83,Approved,0
APP_04127,Michael Graves,21,Graduate,Self-Employed,1,0,Married,688366,19538,0,0,153682,1645687,663,3,0,4,2,352725,36,Vehicle,57363.83,0.0,0.512,37825.83,Approved,0
APP_04128,Eric Vazquez,28,Postgraduate,Salaried,4,1,Married,706056,22427,1,17880,212937,2066560,621,9,1,4,0,305423,48,Home,58838.0,30.39,0.433,18531.0,Approved,0
APP_04129,Jason Carpenter,28,High School,Salaried,5,1,Single,809058,33469,3,30339,369528,1346659,601,6,0,7,0,791383,24,Education,67421.5,45.0,0.978,3613.5,Rejected,1
APP_04130,Teresa Bailey,39,Diploma,Salaried,4,0,Married,586741,14929,4,22002,159910,1065325,722,18,0,6,1,715844,60,Personal,48895.08,45.0,1.22,11964.08,Approved,0
APP_04131,Deanna Ross,38,Postgraduate,Contract,9,0,Married,512671,17409,2,19225,266837,1846190,510,4,0,4,3,367883,84,Vehicle,42722.58,45.0,0.718,6088.58,Approved,1
APP_04132,Jacob Moore,58,High School,Salaried,8,1,Married,371757,14462,0,0,116415,1654800,651,17,0,1,2,458398,120,Personal,30979.75,0.0,1.233,16517.75,Approved,1
APP_04133,Shane Jones,22,High School,Contract,2,0,Married,477480,18827,4,17905,306517,1973017,649,3,1,8,5,445039,36,Medical,39790.0,45.0,0.932,3058.0,Rejected,1
APP_04134,Terry Price MD,51,Graduate,Business Owner,30,3,Married,505225,12067,2,18945,134487,2173854,770,13,0,8,0,510434,84,Personal,42102.08,45.0,1.01,11090.08,Rejected,0
APP_04135,John Evans,60,Graduate,Salaried,18,1,Single,1003642,23063,3,37636,133580,4310798,587,4,0,6,3,546090,60,Medical,83636.83,45.0,0.544,22937.83,Rejected,1
APP_04136,Jennifer Leon,38,Graduate,Salaried,15,1,Single,733017,26267,3,27488,352560,1578575,721,8,0,4,0,420539,84,Business,61084.75,45.0,0.574,7329.75,Approved,0
APP_04137,Paul Mason,35,Graduate,Salaried,11,3,Married,386079,14862,2,14477,30538,1763125,592,10,1,8,1,388768,12,Personal,32173.25,45.0,1.007,2834.25,Rejected,1
APP_04138,Gary Murphy,28,Diploma,Business Owner,6,3,Married,1037593,38409,1,16945,72650,2121111,624,6,0,4,0,996166,48,Vehicle,86466.08,19.6,0.96,31112.08,Approved,0
APP_04139,Tanya Taylor,36,Graduate,Self-Employed,7,2,Single,646741,26708,3,24252,274888,1240298,612,14,0,8,1,602820,84,Personal,53895.08,45.0,0.932,2935.08,Rejected,1
APP_04140,Sharon Robinson,28,Graduate,Salaried,2,2,Single,668963,12048,0,0,286472,1154430,616,7,0,5,6,334875,84,Vehicle,55746.92,0.0,0.501,43698.92,Approved,0
APP_04141,Anthony Valencia,47,Graduate,Salaried,22,2,Single,586750,14084,1,11213,120642,1328017,757,13,0,8,0,635551,120,Personal,48895.83,22.93,1.083,23598.83,Approved,0
APP_04142,Joshua Short,47,Graduate,Salaried,25,2,Married,710369,17739,1,6325,260002,1561635,847,9,0,3,0,423056,36,Vehicle,59197.42,10.68,0.596,35133.42,Approved,0
APP_04143,Rhonda Brown,57,Graduate,Salaried,33,3,Single,800907,18102,4,30034,248357,2998334,695,15,1,4,1,1131318,24,Personal,66742.25,45.0,1.413,18606.25,Rejected,1
APP_04144,Jennifer Fox,44,Postgraduate,Self-Employed,15,2,Married,1400941,31065,2,17912,613865,1963883,817,19,0,5,0,1780684,84,Medical,116745.08,15.34,1.271,67768.08,Approved,0
APP_04145,Michael Mcpherson,46,Postgraduate,Salaried,12,4,Single,772375,31087,3,23204,218758,542782,799,19,0,3,0,321606,36,Vehicle,64364.58,36.05,0.416,10073.58,Approved,0
APP_04146,Samuel Ellis,47,Postgraduate,Salaried,14,4,Single,437138,11239,0,0,103717,1198923,684,15,0,1,1,366115,36,Vehicle,36428.17,0.0,0.838,25189.17,Rejected,0
APP_04147,Craig Bell,41,Graduate,Salaried,11,2,Married,600747,15239,4,22528,125528,219977,797,22,0,3,0,439286,84,Personal,50062.25,45.0,0.731,12295.25,Approved,0
APP_04148,Jamie Fuller,43,Diploma,Salaried,18,0,Married,509304,20262,2,13851,187827,1770264,564,9,1,1,0,373370,84,Home,42442.0,32.64,0.733,8329.0,Rejected,1
APP_04149,Angelica Cole,43,Postgraduate,Salaried,19,3,Married,930963,36760,0,0,10000,2930248,727,1,0,2,1,211593,60,Business,77580.25,0.0,0.227,40820.25,Approved,0
APP_04150,Anna Dillon,28,Diploma,Salaried,6,4,Single,924538,26062,2,28687,334347,100937,742,5,0,7,1,277319,24,Vehicle,77044.83,37.23,0.3,22295.83,Approved,0
APP_04151,Jeffrey Holland,31,Graduate,Self-Employed,6,3,Married,1193760,41268,1,4727,234019,5250148,681,3,0,2,0,272170,36,Business,99480.0,4.75,0.228,53485.0,Approved,0
APP_04152,Linda Jackson,47,Graduate,Salaried,3,3,Single,751205,22774,4,28170,145541,1968285,770,14,0,4,1,1175682,84,Home,62600.42,45.0,1.565,11656.42,Rejected,1
APP_04153,Andrea Harris,59,Graduate,Salaried,29,4,Married,483199,20809,3,18119,170197,1462295,647,16,0,2,5,161007,84,Personal,40266.58,45.0,0.333,1338.58,Rejected,1
APP_04154,Stuart Williamson,42,Diploma,Self-Employed,9,1,Single,517814,9360,1,16358,232456,1058284,801,23,0,8,0,752327,36,Personal,43151.17,37.91,1.453,17433.17,Approved,0
APP_04155,James Peterson,56,Graduate,Salaried,15,2,Married,945943,34278,0,0,250084,1669767,684,8,0,3,3,979164,48,Business,78828.58,0.0,1.035,44550.58,Approved,0
APP_04156,Tina Keller,57,Graduate,Self-Employed,16,2,Single,464727,16178,1,4088,122372,1314382,641,9,0,8,6,274402,36,Medical,38727.25,10.56,0.59,18461.25,Rejected,0
APP_04157,Elizabeth Jackson,23,Graduate,Salaried,2,3,Married,875136,23338,2,24243,141698,1694285,535,2,0,4,4,413816,24,Personal,72928.0,33.24,0.473,25347.0,Rejected,1
APP_04158,Jeremy Fernandez,51,Graduate,Salaried,18,0,Married,511255,18097,2,19172,192539,1482424,628,17,1,3,1,322391,48,Personal,42604.58,45.0,0.631,5335.58,Rejected,1
APP_04159,Jessica Hardy,35,Graduate,Self-Employed,7,1,Married,885703,30171,2,24765,437945,2642571,710,11,0,4,1,1095408,24,Personal,73808.58,33.55,1.237,18872.58,Approved,0
APP_04160,Patricia Meadows,54,Diploma,Business Owner,12,1,Married,818289,30682,2,11540,49295,2312393,721,25,1,5,2,108214,60,Personal,68190.75,16.92,0.132,25968.75,Approved,0
APP_04161,Tammy White,32,Graduate,Salaried,9,1,Single,191156,4252,3,7168,29374,435541,671,2,0,6,2,194180,12,Home,15929.67,45.0,1.016,4509.67,Rejected,1
APP_04162,Travis Edwards,43,Graduate,Self-Employed,10,2,Single,486427,20284,2,18241,141942,2173500,682,19,0,1,0,541784,12,Education,40535.58,45.0,1.114,2010.58,Rejected,1
APP_04163,Christopher Young,41,High School,Salaried,20,2,Married,665591,20950,2,8786,10000,2092197,697,11,0,5,3,559095,24,Medical,55465.92,15.84,0.84,25729.92,Approved,0
APP_04164,Lisa Hutchinson,65,Graduate,Salaried,7,0,Married,575365,16681,1,10364,179661,1623861,798,19,0,2,0,388808,60,Home,47947.08,21.62,0.676,20902.08,Approved,0
APP_04165,Jamie Moore,39,Graduate,Salaried,14,3,Single,966117,18889,1,16513,287805,4514059,749,1,0,6,3,387106,12,Home,80509.75,20.51,0.401,45107.75,Approved,1
APP_04166,Maria Ward,28,Graduate,Salaried,3,0,Single,1085705,45276,4,40713,517366,1558834,721,1,0,5,1,758136,60,Home,90475.42,45.0,0.698,4486.42,Approved,0
APP_04167,Dominique Stark DDS,54,Graduate,Salaried,22,2,Single,856882,28365,2,17306,227472,2838246,634,2,0,4,6,1188701,120,Business,71406.83,24.24,1.387,25735.83,Rejected,0
APP_04168,Frederick Watson,25,Graduate,Salaried,2,3,Married,424960,14878,4,15936,167874,1780743,738,4,0,7,0,535986,48,Medical,35413.33,45.0,1.261,4599.33,Approved,1
APP_04169,Brandy Dillon,48,Postgraduate,Contract,21,4,Married,291724,10706,2,8951,49422,443626,593,22,1,4,6,243976,36,Personal,24310.33,36.82,0.836,4653.33,Rejected,1
APP_04170,Tyler Diaz,58,Graduate,Salaried,8,4,Single,766610,20623,0,0,260443,2011804,684,19,0,4,1,653215,12,Personal,63884.17,0.0,0.852,43261.17,Approved,0
APP_04171,Alyssa Nguyen,43,High School,Salaried,15,2,Single,688823,21021,2,24216,122134,1565352,664,9,1,5,1,862344,60,Home,57401.92,42.19,1.252,12164.92,Rejected,1
APP_04172,Jennifer Perry,21,Graduate,Salaried,1,0,Single,354729,12761,0,0,96122,1213370,730,3,0,8,1,436031,48,Personal,29560.75,0.0,1.229,16799.75,Approved,0
APP_04173,Marie Murphy,56,Graduate,Contract,33,1,Married,532829,21123,1,4930,252874,1838110,650,9,0,5,2,539129,60,Vehicle,44402.42,11.1,1.012,18349.42,Approved,0
APP_04174,Jose Williams,37,Graduate,Salaried,2,1,Married,534861,19054,2,12524,149838,1312667,538,10,1,4,6,344374,36,Business,44571.75,28.1,0.644,12993.75,Rejected,1
APP_04175,Cassandra Ramirez,25,Diploma,Self-Employed,5,4,Married,720324,18131,2,16158,173498,2137541,758,7,0,5,1,1154557,60,Vehicle,60027.0,26.92,1.603,25738.0,Rejected,0
APP_04176,Lisa Bentley,36,High School,Business Owner,10,1,Single,1270699,24890,4,32433,486428,2752816,760,15,0,1,2,1718198,36,Vehicle,105891.58,30.63,1.352,48568.58,Approved,0
APP_04177,Alexander Cochran,34,High School,Salaried,9,2,Single,372475,10989,4,13967,34676,808818,664,15,0,2,2,465067,12,Medical,31039.58,45.0,1.249,6083.58,Rejected,1
APP_04178,James Brown,39,Graduate,Self-Employed,4,1,Married,575810,14428,2,7356,181361,2325993,680,15,0,1,1,961362,84,Medical,47984.17,15.33,1.67,26200.17,Rejected,1
APP_04179,Joseph Newman,52,Graduate,Self-Employed,25,4,Married,567576,21705,3,21284,76424,1589489,551,21,0,1,2,769892,60,Personal,47298.0,45.0,1.356,4309.0,Rejected,1
APP_04180,Daniel Jones,25,Graduate,Contract,2,2,Single,397446,13702,4,14904,174229,1368471,678,5,0,6,0,254738,12,Vehicle,33120.5,45.0,0.641,4514.5,Approved,0
APP_04181,Karen Goodman,62,Diploma,Salaried,11,4,Married,602775,26019,2,22604,54200,1450570,697,3,0,3,3,249383,84,Home,50231.25,45.0,0.414,1608.25,Rejected,1
APP_04182,Joann Sanchez,28,Graduate,Business Owner,7,0,Single,695771,28251,2,26091,71616,314391,691,10,1,1,1,922703,120,Vehicle,57980.92,45.0,1.326,3638.92,Rejected,1
APP_04183,Ian Valdez,47,Graduate,Salaried,9,3,Married,857120,22846,0,0,158215,2998907,629,25,0,4,3,1141270,84,Vehicle,71426.67,0.0,1.332,48580.67,Rejected,1
APP_04184,Alexander Sherman,40,Diploma,Contract,3,1,Single,537631,11029,4,20161,107325,554352,713,16,0,2,0,209386,48,Medical,44802.58,45.0,0.389,13612.58,Approved,0
APP_04185,Laura Sanchez,65,Postgraduate,Salaried,18,3,Married,529204,13880,2,11979,38319,1679874,610,23,1,4,5,593094,36,Home,44100.33,27.16,1.121,18241.33,Rejected,1
APP_04186,Veronica Johnson,22,Graduate,Self-Employed,0,2,Married,450096,12102,4,16878,130806,1271149,702,4,1,3,0,367513,60,Home,37508.0,45.0,0.817,8528.0,Rejected,0
APP_04187,Brandon Blevins,26,Postgraduate,Salaried,1,3,Married,740041,29504,0,0,236862,765691,634,7,1,3,6,1042126,48,Home,61670.08,0.0,1.408,32166.08,Rejected,1
APP_04188,David Smith,22,Postgraduate,Salaried,2,1,Single,660406,22544,0,0,243327,1112690,613,2,1,4,1,768440,84,Home,55033.83,0.0,1.164,32489.83,Rejected,1
APP_04189,Kathleen Howe,63,Graduate,Salaried,3,0,Single,619434,11033,4,23228,168662,2508688,733,6,0,7,3,332897,24,Medical,51619.5,45.0,0.537,17358.5,Rejected,0
APP_04190,Tracy Bush,44,Graduate,Self-Employed,18,2,Married,180000,5744,2,6750,56799,132164,728,22,1,1,1,307122,24,Business,15000.0,45.0,1.706,2506.0,Rejected,1
APP_04191,Kathy Adkins,47,High School,Business Owner,0,2,Single,1122218,37137,4,42083,526542,4584757,660,8,0,8,0,1161971,12,Vehicle,93518.17,45.0,1.035,14298.17,Approved,1
APP_04192,Brian West DDS,54,Postgraduate,Salaried,24,3,Married,620715,18607,1,15952,241395,1466403,850,6,0,8,0,672727,12,Education,51726.25,30.84,1.084,17167.25,Approved,0
APP_04193,Darryl Aguirre,49,Graduate,Salaried,9,1,Married,707962,20348,0,0,146165,1674378,604,18,1,1,4,870406,60,Home,58996.83,0.0,1.229,38648.83,Rejected,1
APP_04194,Eric Fischer,54,Diploma,Business Owner,8,3,Single,1584840,62765,1,8581,836782,3568918,813,12,0,5,1,1880483,48,Personal,132070.0,6.5,1.187,60724.0,Approved,0
APP_04195,Robert Thomas,43,Diploma,Self-Employed,16,2,Single,959837,17551,1,14737,495954,2827878,656,20,0,4,0,689851,60,Personal,79986.42,18.42,0.719,47698.42,Approved,0
APP_04196,Emily Conway,44,Graduate,Salaried,14,0,Married,634874,21630,4,23807,58228,2188779,715,4,0,4,0,766818,84,Education,52906.17,45.0,1.208,7469.17,Rejected,0
APP_04197,Todd Ward,39,Graduate,Salaried,19,0,Married,908536,23926,2,26418,375491,2238629,657,3,0,6,1,883007,48,Home,75711.33,34.89,0.972,25367.33,Approved,0
APP_04198,Elizabeth Dominguez,53,Postgraduate,Contract,15,0,Single,528691,24110,4,19825,69228,1856194,746,17,1,6,1,465671,60,Personal,44057.58,45.0,0.881,122.58,Rejected,1
APP_04199,Vincent Wells,23,Postgraduate,Salaried,2,4,Single,441347,18572,3,16550,121582,756706,850,3,0,7,0,539827,48,Medical,36778.92,45.0,1.223,1656.92,Approved,1
APP_04200,Edward Berg,36,Graduate,Business Owner,3,1,Married,1421570,63727,1,17814,321008,3145340,760,4,0,5,0,747605,36,Home,118464.17,15.04,0.526,36923.17,Approved,0
APP_04201,Patrick Brown,42,Diploma,Business Owner,8,2,Married,670350,19922,3,25138,61429,2508320,626,6,0,5,3,1049333,120,Home,55862.5,45.0,1.565,10802.5,Rejected,1
APP_04202,Brittney Martinez,21,Postgraduate,Salaried,0,1,Married,1050678,37197,2,20884,226908,4530525,783,1,0,1,0,998654,48,Personal,87556.5,23.85,0.95,29475.5,Approved,0
APP_04203,Marco Sanchez,56,Graduate,Self-Employed,25,1,Single,591664,16948,4,22187,171834,2387618,614,5,1,8,6,229001,36,Medical,49305.33,45.0,0.387,10170.33,Rejected,1
APP_04204,Jennifer Krause,51,Graduate,Contract,28,2,Single,497884,19279,2,13631,248269,1275859,760,14,0,5,2,598995,60,Personal,41490.33,32.85,1.203,8580.33,Approved,0
APP_04205,Louis Robinson,58,Graduate,Salaried,10,0,Married,835341,34813,0,0,457246,2140171,694,5,0,8,2,944159,84,Personal,69611.75,0.0,1.13,34798.75,Approved,0
APP_04206,Jennifer Williams,64,Graduate,Salaried,20,2,Married,667532,25563,2,20141,181270,1323910,689,24,0,6,0,745250,120,Vehicle,55627.67,36.21,1.116,9923.67,Approved,1
APP_04207,Wanda Sloan,61,High School,Salaried,19,0,Single,768792,17111,4,28829,304835,1751538,748,12,0,8,1,477474,24,Vehicle,64066.0,45.0,0.621,18126.0,Approved,0
APP_04208,Danielle Smith,48,Postgraduate,Salaried,21,1,Single,567618,25422,2,14819,134463,1113185,777,3,0,6,2,625931,12,Business,47301.5,31.33,1.103,7060.5,Approved,1
APP_04209,Brandy Olson,55,High School,Business Owner,4,0,Single,648436,18814,0,0,109227,1079274,713,8,0,6,1,913764,120,Home,54036.33,0.0,1.409,35222.33,Approved,0
APP_04210,Cathy Ballard,57,Graduate,Salaried,34,0,Married,685123,14334,4,25692,139193,2428604,579,1,1,5,3,746346,36,Personal,57093.58,45.0,1.089,17067.58,Rejected,1
APP_04211,Terry Briggs,34,Graduate,Salaried,1,4,Married,602514,24178,4,22594,63694,403442,643,3,0,8,3,876083,48,Medical,50209.5,45.0,1.454,3437.5,Rejected,1
APP_04212,Pamela Carroll,23,High School,Self-Employed,1,0,Single,999814,44987,2,7090,224012,914534,584,1,1,8,6,304276,60,Home,83317.83,8.51,0.304,31240.83,Rejected,1
APP_04213,Lisa Powell,39,Graduate,Business Owner,15,1,Married,872439,27721,3,32287,269612,1916441,631,18,1,2,0,1187919,48,Business,72703.25,44.41,1.362,12695.25,Rejected,1
APP_04214,Chase Little,61,Graduate,Salaried,5,2,Married,1315190,35636,4,39023,726287,1698009,697,16,0,3,0,1646604,60,Vehicle,109599.17,35.61,1.252,34940.17,Approved,0
APP_04215,Mary Garrett,25,Graduate,Self-Employed,2,0,Married,641479,22212,4,24055,245782,402719,721,2,1,5,1,717744,60,Personal,53456.58,45.0,1.119,7189.58,Rejected,1
APP_04216,Mr. Richard Watson,32,Graduate,Salaried,2,3,Married,360424,11368,3,13515,69512,1117974,684,2,0,6,0,163880,24,Home,30035.33,45.0,0.455,5152.33,Approved,1
APP_04217,Kenneth Tapia,47,Graduate,Salaried,16,0,Married,898737,16051,4,33702,213189,3787720,745,25,0,7,0,1149578,84,Business,74894.75,45.0,1.279,25141.75,Approved,0
APP_04218,Michele Taylor,31,Graduate,Business Owner,6,0,Married,900663,18567,3,32764,280260,2392899,591,9,0,3,1,811554,12,Personal,75055.25,43.65,0.901,23724.25,Rejected,0
APP_04219,Mikayla Anderson,37,Graduate,Salaried,15,4,Single,866520,16826,3,32494,355998,2501172,593,19,0,1,3,1001900,120,Personal,72210.0,45.0,1.156,22890.0,Rejected,1
APP_04220,Donna Osborne,57,High School,Business Owner,17,3,Single,180000,4348,0,0,55715,637564,676,2,0,6,1,144560,12,Vehicle,15000.0,0.0,0.803,10652.0,Rejected,0
APP_04221,Whitney West,39,Diploma,Business Owner,4,1,Single,626217,20639,0,0,227560,1068630,759,21,0,2,1,1062043,48,Education,52184.75,0.0,1.696,31545.75,Approved,0
APP_04222,Raymond Todd,45,Graduate,Self-Employed,5,0,Married,1107246,43769,3,35807,314105,2752082,781,10,0,7,0,564211,120,Personal,92270.5,38.81,0.51,12694.5,Approved,1
APP_04223,Joshua Taylor,64,Diploma,Contract,33,4,Married,655171,12281,3,24568,221211,269196,656,3,0,5,1,450058,60,Personal,54597.58,45.0,0.687,17748.58,Rejected,0
APP_04224,Matthew Wyatt,38,Graduate,Salaried,15,3,Married,917835,26378,4,30124,190987,2607303,761,8,0,5,0,807615,120,Personal,76486.25,39.38,0.88,19984.25,Approved,0
APP_04225,Linda Gross,55,Graduate,Salaried,31,0,Single,507416,11733,2,19028,100823,718129,752,15,0,8,1,556980,24,Vehicle,42284.67,45.0,1.098,11523.67,Approved,0
APP_04226,Monica Clark,35,Graduate,Business Owner,9,3,Married,1267419,27336,1,12526,715323,3137493,719,14,0,4,2,703643,60,Personal,105618.25,11.86,0.555,65756.25,Approved,0
APP_04227,Carlos Hernandez,27,Diploma,Business Owner,1,0,Single,1316679,38132,3,41595,517055,3355271,605,7,1,2,5,908897,24,Home,109723.25,37.91,0.69,29996.25,Rejected,1
APP_04228,Katie Scott,57,Graduate,Salaried,33,1,Married,376620,13119,1,13979,16943,680874,813,1,0,6,0,200680,120,Personal,31385.0,44.54,0.533,4287.0,Approved,1
APP_04229,Kyle French,62,Graduate,Self-Employed,31,2,Married,532246,24081,4,19959,89864,1393883,711,13,0,7,2,270794,48,Education,44353.83,45.0,0.509,313.83,Approved,0
APP_04230,Joshua Olson,28,Graduate,Salaried,6,1,Married,650330,18951,4,24387,134468,2405928,677,10,0,8,4,445610,48,Personal,54194.17,45.0,0.685,10856.17,Rejected,0
APP_04231,Angelica Jordan,41,Graduate,Salaried,17,2,Married,557412,23577,1,16540,160189,1921256,720,23,0,4,3,426130,12,Personal,46451.0,35.61,0.764,6334.0,Approved,0
APP_04232,April Sandoval,51,Graduate,Self-Employed,7,3,Married,1006190,18330,2,25704,535913,546488,750,13,0,6,1,1378359,120,Medical,83849.17,30.66,1.37,39815.17,Approved,0
APP_04233,Mason Carrillo,25,High School,Contract,5,2,Married,457284,10549,2,17148,250944,972274,743,7,0,4,1,563252,84,Vehicle,38107.0,45.0,1.232,10410.0,Approved,0
APP_04234,William Edwards MD,28,Graduate,Self-Employed,0,1,Married,898015,17484,3,33675,246045,1746710,701,3,0,7,0,388225,84,Education,74834.58,45.0,0.432,23675.58,Rejected,1
APP_04235,Aaron Schmidt,55,Diploma,Contract,24,0,Married,610817,19026,0,0,195762,1424904,621,2,0,1,5,373806,84,Home,50901.42,0.0,0.612,31875.42,Rejected,0
APP_04236,Carrie Edwards,40,Graduate,Salaried,0,2,Married,531040,10003,3,19914,271425,1570459,638,17,0,2,4,749932,36,Education,44253.33,45.0,1.412,14336.33,Rejected,1
APP_04237,Shawn Garza,45,Diploma,Salaried,6,4,Married,911119,41641,2,11138,66078,2278546,692,3,0,6,0,766150,84,Home,75926.58,14.67,0.841,23147.58,Approved,0
APP_04238,Allison Smith,56,Graduate,Salaried,29,4,Married,815553,27748,4,30583,10000,2630874,669,25,0,7,0,1113899,12,Education,67962.75,45.0,1.366,9631.75,Rejected,1
APP_04239,Jack Hernandez,46,Graduate,Salaried,3,3,Married,453010,10402,4,16987,87569,789763,678,12,1,5,1,318370,48,Home,37750.83,45.0,0.703,10361.83,Rejected,1
APP_04240,Joshua Jones,56,Graduate,Salaried,2,2,Married,605461,19167,3,22704,61756,1357990,702,21,0,4,1,256521,24,Vehicle,50455.08,45.0,0.424,8584.08,Approved,1
APP_04241,Elizabeth Smith,35,Graduate,Salaried,11,2,Single,500037,21387,4,18751,174731,843825,711,9,0,8,2,139385,48,Vehicle,41669.75,45.0,0.279,1531.75,Rejected,0
APP_04242,Megan Nelson,43,Graduate,Salaried,17,1,Married,546987,11262,3,20512,173929,1229035,604,16,0,6,1,439892,36,Medical,45582.25,45.0,0.804,13808.25,Rejected,1
APP_04243,Michael Moore,28,Graduate,Contract,4,3,Single,369104,16200,4,13841,192434,982691,766,1,0,2,0,184841,84,Personal,30758.67,45.0,0.501,717.67,Approved,0
APP_04244,Lorraine Combs,65,Graduate,Self-Employed,34,3,Married,1085729,41480,3,40714,275144,2600169,637,9,1,8,5,401024,84,Vehicle,90477.42,45.0,0.369,8283.42,Rejected,1
APP_04245,Jacob Ray,46,Graduate,Salaried,9,1,Married,457317,18024,0,0,123601,1071984,823,21,0,2,0,161779,24,Personal,38109.75,0.0,0.354,20085.75,Approved,0
APP_04246,Kimberly Mayo,51,Postgraduate,Contract,12,2,Single,464547,8605,4,17420,126968,763356,696,17,0,4,1,636669,84,Education,38712.25,45.0,1.371,12687.25,Rejected,0
APP_04247,Michelle Allen,35,Diploma,Business Owner,12,1,Married,724027,27290,3,26176,222350,2529161,732,11,0,2,0,689694,24,Education,60335.58,43.38,0.953,6869.58,Approved,0
APP_04248,Antonio Cohen,62,Graduate,Salaried,23,4,Single,800351,13450,4,30013,204563,2187666,712,10,1,3,0,801191,24,Business,66695.92,45.0,1.001,23232.92,Rejected,0
APP_04249,Amber Parker,62,Graduate,Salaried,26,1,Married,636911,21506,3,18931,182710,943226,717,3,0,3,3,695351,12,Personal,53075.92,35.67,1.092,12638.92,Rejected,0
APP_04250,Kenneth Thompson,34,Graduate,Salaried,4,1,Married,561157,11255,4,21043,241725,1140270,624,6,0,5,5,670469,24,Vehicle,46763.08,45.0,1.195,14465.08,Rejected,1
APP_04251,Jessica Brown,42,High School,Self-Employed,10,4,Married,555231,17271,0,0,198933,1189144,713,23,0,7,0,332281,48,Business,46269.25,0.0,0.598,28998.25,Approved,0
APP_04252,Vincent Cunningham,52,Graduate,Salaried,12,2,Single,385643,13155,1,14195,138789,721923,600,10,0,1,4,530008,36,Vehicle,32136.92,44.17,1.374,4786.92,Rejected,1
APP_04253,Garrett Patton,49,Graduate,Business Owner,17,2,Single,947833,26696,2,27736,599503,2704666,695,21,0,6,0,563647,120,Home,78986.08,35.12,0.595,24554.08,Approved,0
APP_04254,Crystal Gonzalez,43,High School,Salaried,7,1,Single,478322,14097,4,17937,104715,1239688,780,22,0,6,0,228942,84,Education,39860.17,45.0,0.479,7826.17,Approved,0
APP_04255,Maria Young,24,Postgraduate,Self-Employed,4,2,Married,489274,16136,0,0,111626,1064713,791,6,0,4,1,518577,12,Education,40772.83,0.0,1.06,24636.83,Approved,0
APP_04256,James Mathews,21,High School,Salaried,1,0,Single,503690,18325,3,18888,23709,946082,640,3,0,1,4,326370,12,Personal,41974.17,45.0,0.648,4761.17,Rejected,1
APP_04257,Tracy Odonnell,59,Graduate,Salaried,2,1,Married,517195,21817,3,19394,241962,1658812,724,14,0,8,4,761428,120,Personal,43099.58,45.0,1.472,1888.58,Rejected,1
APP_04258,Jeffrey Miller,22,Graduate,Salaried,2,4,Single,745387,28269,0,0,135688,1918669,614,1,1,3,2,1175590,120,Vehicle,62115.58,0.0,1.577,33846.58,Rejected,1
APP_04259,Christopher Cole,48,Diploma,Salaried,21,2,Single,609175,24007,2,22844,95836,2101936,753,14,0,2,2,791784,36,Medical,50764.58,45.0,1.3,3913.58,Approved,0
APP_04260,Tina Hawkins,47,Graduate,Salaried,4,2,Married,622825,14779,4,23355,86254,1417666,764,10,0,4,0,805220,36,Education,51902.08,45.0,1.293,13768.08,Rejected,0
APP_04261,Bonnie Smith,48,Graduate,Salaried,7,2,Married,710214,29233,0,0,10814,1476844,617,8,0,1,4,317809,60,Vehicle,59184.5,0.0,0.447,29951.5,Approved,0
APP_04262,Julie Castro,28,Postgraduate,Salaried,3,2,Married,486804,8248,2,17049,223217,827697,759,6,0,8,1,662508,24,Vehicle,40567.0,42.03,1.361,15270.0,Approved,1
APP_04263,John Stevenson,26,Graduate,Salaried,5,3,Married,455061,16632,2,17064,234644,466031,618,6,1,7,0,242901,48,Personal,37921.75,45.0,0.534,4225.75,Rejected,1
APP_04264,Tracey Walker,27,Graduate,Salaried,0,3,Single,782342,26843,1,15537,424375,1218852,623,2,0,7,4,677468,120,Medical,65195.17,23.83,0.866,22815.17,Rejected,1
APP_04265,Barbara Thompson,23,Postgraduate,Salaried,0,3,Married,715694,12141,2,16954,294757,2025995,636,1,1,3,1,502688,12,Home,59641.17,28.43,0.702,30546.17,Rejected,0
APP_04266,Micheal Turner,29,Graduate,Business Owner,0,1,Married,787786,17385,1,13662,404520,1272931,615,9,1,5,6,891980,84,Business,65648.83,20.81,1.132,34601.83,Rejected,1
APP_04267,Eric Murphy,59,Graduate,Salaried,9,0,Single,776532,26790,2,23567,81586,164723,727,23,0,4,0,1012284,12,Personal,64711.0,36.42,1.304,14354.0,Approved,0
APP_04268,Matthew Mcdonald,35,Graduate,Salaried,10,1,Married,547651,14879,1,10843,160438,2113437,654,9,0,2,0,821434,36,Vehicle,45637.58,23.76,1.5,19915.58,Approved,0
APP_04269,Paul Coleman,60,Graduate,Business Owner,17,1,Married,1258157,53777,0,0,276048,1586424,700,13,0,4,1,1132627,36,Personal,104846.42,0.0,0.9,51069.42,Approved,0
APP_04270,Christopher Shelton,32,Graduate,Salaried,6,4,Married,467078,16736,2,17515,113797,1776391,722,12,0,2,0,458062,12,Vehicle,38923.17,45.0,0.981,4672.17,Approved,0
APP_04271,Debbie Lewis,22,Diploma,Salaried,0,3,Married,604043,21831,0,0,242251,667967,725,4,0,8,1,235331,24,Vehicle,50336.92,0.0,0.39,28505.92,Approved,0
APP_04272,Roberto Mann,22,Graduate,Salaried,1,4,Single,571027,21394,1,9366,10000,1052239,596,3,0,8,3,639443,84,Medical,47585.58,19.68,1.12,16825.58,Rejected,0
APP_04273,Sandra Moore,22,High School,Salaried,0,4,Married,427183,15799,3,16019,140032,1544732,726,2,0,7,1,462054,60,Personal,35598.58,45.0,1.082,3780.58,Rejected,1
APP_04274,Michael Huang,22,Graduate,Salaried,0,0,Single,349888,12909,1,10447,86551,398328,776,2,0,5,1,363520,36,Home,29157.33,35.83,1.039,5801.33,Approved,0
APP_04275,Darryl Harris,24,Graduate,Salaried,2,2,Single,551201,18190,4,20670,216490,385246,727,3,0,1,0,609198,36,Home,45933.42,45.0,1.105,7073.42,Approved,0
APP_04276,Brian Smith,21,Postgraduate,Salaried,1,3,Single,774867,34447,3,29057,375650,2648824,769,3,0,3,0,550231,12,Home,64572.25,45.0,0.71,1068.25,Approved,0
APP_04277,Melissa Foley,21,Postgraduate,Self-Employed,0,3,Single,697095,27383,2,19292,276824,2724718,616,3,0,8,3,895524,84,Home,58091.25,33.21,1.285,11416.25,Rejected,1
APP_04278,Ricardo Pennington,35,Graduate,Business Owner,3,4,Single,895233,22167,1,14553,317720,1125894,564,7,0,6,3,576886,84,Vehicle,74602.75,19.51,0.644,37882.75,Rejected,0
APP_04279,Thomas Hansen,60,Graduate,Contract,0,1,Married,638172,11003,4,23931,204869,1652308,742,1,0,6,1,742815,84,Home,53181.0,45.0,1.164,18247.0,Approved,1
APP_04280,Gary Lamb,55,Graduate,Business Owner,29,4,Married,277763,9882,0,0,46026,808044,671,16,0,4,0,175209,12,Vehicle,23146.92,0.0,0.631,13264.92,Approved,0
APP_04281,Zachary Marshall,28,Postgraduate,Self-Employed,0,3,Married,849499,29920,0,0,180689,3564777,586,8,1,2,6,547613,84,Home,70791.58,0.0,0.645,40871.58,Rejected,1
APP_04282,Stacey Armstrong,41,Graduate,Salaried,20,1,Married,655601,23472,3,24585,487280,1168276,770,15,0,5,0,430876,48,Medical,54633.42,45.0,0.657,6576.42,Approved,0
APP_04283,Kimberly Taylor,44,Postgraduate,Salaried,13,3,Married,478859,8499,3,17957,139286,1505363,684,10,0,1,2,231330,36,Education,39904.92,45.0,0.483,13448.92,Rejected,0
APP_04284,Julia Rogers,47,Postgraduate,Salaried,2,4,Married,757965,27748,4,28423,259370,848189,738,4,0,4,1,551208,36,Home,63163.75,45.0,0.727,6992.75,Approved,0
APP_04285,Aaron Fletcher,62,Diploma,Self-Employed,2,2,Married,619893,16665,2,17597,224497,856762,734,22,0,5,3,492767,48,Education,51657.75,34.06,0.795,17395.75,Approved,0
APP_04286,Tammy Morrison,61,Graduate,Contract,29,4,Single,320405,10735,4,12015,21129,808740,650,2,0,4,0,389496,60,Home,26700.42,45.0,1.216,3950.42,Approved,1
APP_04287,Carolyn Diaz,26,Diploma,Salaried,1,0,Married,533669,18762,0,0,60994,548100,562,6,0,5,1,144133,36,Vehicle,44472.42,0.0,0.27,25710.42,Approved,0
APP_04288,Phillip Gibson,38,Postgraduate,Salaried,3,3,Married,621546,14496,3,23307,28099,423466,786,6,0,4,0,410314,120,Education,51795.5,45.0,0.66,13992.5,Approved,0
APP_04289,Alisha Barber,36,Graduate,Self-Employed,5,0,Single,495763,17528,3,18591,131645,1948457,660,11,1,3,1,604109,120,Vehicle,41313.58,45.0,1.219,5194.58,Rejected,1
APP_04290,Catherine Bradshaw,49,Graduate,Contract,6,2,Single,815052,33434,3,28042,23805,2507461,687,12,0,8,1,550708,12,Business,67921.0,41.29,0.676,6445.0,Rejected,1
APP_04291,Kirk Taylor,34,Graduate,Salaried,0,4,Married,620546,12593,2,23270,170033,2095644,659,2,1,4,2,814965,12,Medical,51712.17,45.0,1.313,15849.17,Rejected,1
APP_04292,Tanya Horn,27,Diploma,Self-Employed,2,0,Married,503371,11068,3,14888,123897,1334598,575,8,0,2,2,264034,84,Vehicle,41947.58,35.49,0.525,15991.58,Rejected,1
APP_04293,Dr. Colleen Ingram,57,Graduate,Salaried,22,0,Married,352976,7954,3,13236,10000,998840,759,8,0,7,0,199827,24,Vehicle,29414.67,45.0,0.566,8224.67,Approved,0
APP_04294,Dr. Cheryl Merritt,39,Postgraduate,Salaried,16,1,Married,899106,32655,2,25469,279348,2681601,568,21,0,1,1,401402,60,Business,74925.5,33.99,0.446,16801.5,Rejected,0
APP_04295,Ellen Wood,56,Graduate,Salaried,8,4,Single,1034300,47370,1,3870,410515,2375431,504,10,1,2,3,773245,84,Education,86191.67,4.49,0.748,34951.67,Rejected,1
APP_04296,Christine Ross,25,Graduate,Salaried,2,0,Single,562158,16287,0,0,22435,1638368,769,3,0,3,0,710440,12,Home,46846.5,0.0,1.264,30559.5,Approved,0
APP_04297,Linda Jacobson,54,Diploma,Salaried,32,3,Married,707020,32089,4,26513,337339,1488974,532,12,0,8,1,671355,120,Vehicle,58918.33,45.0,0.95,316.33,Rejected,1
APP_04298,Jennifer Gardner,62,Graduate,Salaried,17,3,Married,708415,13672,0,0,161963,584895,599,3,0,3,6,720257,36,Personal,59034.58,0.0,1.017,45362.58,Rejected,1
APP_04299,Shaun Randolph,35,Graduate,Self-Employed,7,3,Married,361024,6062,4,13538,123435,757767,796,16,0,2,0,322547,24,Vehicle,30085.33,45.0,0.893,10485.33,Approved,0
APP_04300,Brittany Adams,21,Postgraduate,Salaried,1,4,Married,569209,10508,0,0,217476,1195687,798,1,0,2,0,619193,60,Business,47434.08,0.0,1.088,36926.08,Approved,0
APP_04301,Tiffany James,21,Graduate,Salaried,1,3,Single,763223,18927,4,28620,81506,1370305,663,1,1,3,3,452519,84,Vehicle,63601.92,45.0,0.593,16054.92,Rejected,1
APP_04302,Kevin Montoya,26,Graduate,Salaried,0,2,Married,653661,17194,2,17012,281675,2502924,593,8,1,4,6,942064,120,Home,54471.75,31.23,1.441,20265.75,Rejected,1
APP_04303,Christopher Yu,22,Graduate,Salaried,2,1,Married,514515,10062,1,16662,139399,1492767,694,3,0,2,0,303954,24,Business,42876.25,38.86,0.591,16152.25,Approved,0
APP_04304,Christopher Davila,36,Graduate,Contract,12,2,Single,362758,11196,2,13603,10000,1217309,698,17,0,6,0,492988,12,Personal,30229.83,45.0,1.359,5430.83,Rejected,0
APP_04305,Samantha Chen,43,Graduate,Self-Employed,12,2,Single,978924,29262,3,36709,616662,2487852,707,5,0,2,1,984062,36,Vehicle,81577.0,45.0,1.005,15606.0,Approved,0
APP_04306,Christina Higgins,63,Graduate,Salaried,30,1,Single,427293,12012,2,16023,81632,346278,807,12,0,8,0,537918,36,Business,35607.75,45.0,1.259,7572.75,Approved,0
APP_04307,Jason Greer,44,Graduate,Salaried,8,3,Married,646694,14354,3,24251,364378,2148705,623,25,1,1,6,856252,120,Business,53891.17,45.0,1.324,15286.17,Rejected,1
APP_04308,Megan Gomez,46,Postgraduate,Salaried,7,3,Single,506106,20720,0,0,64652,1628784,795,19,0,8,0,531231,12,Personal,42175.5,0.0,1.05,21455.5,Approved,0
APP_04309,Brian King,42,Graduate,Salaried,15,0,Married,667584,21220,1,3887,197156,1674055,584,18,0,5,1,415914,48,Education,55632.0,6.99,0.623,30525.0,Rejected,0
APP_04310,Nicholas Elliott,61,Diploma,Salaried,5,3,Married,801476,31969,2,24436,92802,1522060,697,2,0,2,1,750551,60,Personal,66789.67,36.59,0.936,10384.67,Rejected,1
APP_04311,Melissa Lewis,29,High School,Salaried,9,2,Single,681539,23828,1,16862,207268,1862339,785,7,0,5,1,819633,60,Medical,56794.92,29.69,1.203,16104.92,Approved,0
APP_04312,Cathy Franco,33,Graduate,Salaried,11,3,Married,747965,27978,1,3407,162671,1666168,765,9,0,8,0,896979,48,Home,62330.42,5.47,1.199,30945.42,Approved,0
APP_04313,John Keller,32,Graduate,Salaried,12,3,Single,706264,25303,3,26484,209728,1301733,571,14,1,2,5,947605,120,Business,58855.33,45.0,1.342,7068.33,Rejected,1
APP_04314,Joel Flores,54,Diploma,Salaried,3,1,Single,463441,17513,0,0,164154,428837,778,18,0,6,0,154631,24,Home,38620.08,0.0,0.334,21107.08,Approved,0
APP_04315,Julie Lopez,64,Graduate,Salaried,9,1,Single,830748,29400,0,0,88559,683349,724,6,1,3,2,831754,36,Home,69229.0,0.0,1.001,39829.0,Rejected,0
APP_04316,Dr. Joshua Green DDS,53,Diploma,Self-Employed,1,3,Married,831714,21805,4,30827,303096,1308684,655,16,0,5,3,889959,60,Home,69309.5,44.48,1.07,16677.5,Approved,1
APP_04317,Maurice Dickson,36,High School,Contract,7,2,Married,327847,9478,4,12294,81534,783621,615,14,1,5,4,317318,24,Business,27320.58,45.0,0.968,5548.58,Rejected,1
APP_04318,Teresa Hodges,42,Postgraduate,Contract,11,0,Single,312387,10124,4,11714,32236,692411,599,15,0,7,4,386050,24,Home,26032.25,45.0,1.236,4194.25,Rejected,1
APP_04319,Dr. Bryan Acosta,30,High School,Salaried,4,2,Single,457312,19176,4,17149,141824,1054403,803,8,0,8,0,568740,24,Vehicle,38109.33,45.0,1.244,1784.33,Rejected,0
APP_04320,Brandon Robinson,38,High School,Salaried,15,3,Married,600778,12595,3,22529,138466,1700461,790,17,0,7,2,282836,120,Business,50064.83,45.0,0.471,14940.83,Approved,0
APP_04321,Matthew Lyons,41,Graduate,Self-Employed,1,4,Single,627091,21369,4,23515,333119,1108847,741,7,0,2,2,374465,12,Home,52257.58,45.0,0.597,7373.58,Approved,0
APP_04322,Billy Brown,60,Graduate,Salaried,1,0,Married,814346,28246,3,27835,118965,1591381,736,6,0,6,0,948819,24,Business,67862.17,41.02,1.165,11781.17,Approved,0
APP_04323,Julie Burnett,40,Diploma,Self-Employed,10,4,Married,756229,20204,2,21596,273212,990159,600,22,0,6,0,330554,36,Personal,63019.08,34.27,0.437,21219.08,Approved,0
APP_04324,Donald Bauer,36,Graduate,Salaried,4,3,Married,813056,36936,0,0,203542,3098892,685,12,0,3,0,731207,84,Vehicle,67754.67,0.0,0.899,30818.67,Approved,1
APP_04325,Jessica Hunter,29,Diploma,Salaried,3,4,Married,604777,24488,4,22679,305018,2986823,653,7,0,7,0,981819,36,Education,50398.08,45.0,1.623,3231.08,Approved,1
APP_04326,Anna Townsend,30,Graduate,Salaried,10,2,Married,588574,17354,1,15652,258664,887566,725,3,0,8,3,511814,60,Personal,49047.83,31.91,0.87,16041.83,Approved,0
APP_04327,Casey Henderson,34,High School,Salaried,12,4,Married,518133,17255,1,14836,196855,2308482,787,14,0,8,0,848376,60,Business,43177.75,34.36,1.637,11086.75,Approved,0
APP_04328,Christina Evans,26,Graduate,Salaried,1,0,Married,507131,22556,2,19017,188674,872236,559,6,1,7,0,304730,48,Business,42260.92,45.0,0.601,687.92,Rejected,1
APP_04329,Victoria Williams,22,Diploma,Salaried,1,3,Married,747409,19042,1,16553,136195,2690683,718,2,0,4,2,598777,12,Personal,62284.08,26.58,0.801,26689.08,Approved,0
APP_04330,Fernando Bryant,46,Graduate,Salaried,20,1,Married,373081,14601,1,13990,76955,943397,710,14,0,4,1,451410,120,Personal,31090.08,45.0,1.21,2499.08,Rejected,1
APP_04331,Misty Park,37,Graduate,Salaried,9,4,Single,657453,25739,1,5035,207279,750625,704,7,0,3,0,397743,48,Home,54787.75,9.19,0.605,24013.75,Approved,0
APP_04332,Kimberly Figueroa,28,Graduate,Business Owner,8,2,Single,1112096,22517,4,41703,385824,1491163,661,4,1,6,0,1639681,12,Personal,92674.67,45.0,1.474,28454.67,Rejected,1
APP_04333,Patrick Guerrero II,43,Graduate,Self-Employed,6,0,Married,972373,21089,0,0,198472,1728664,734,8,1,4,0,1136277,84,Vehicle,81031.08,0.0,1.169,59942.08,Rejected,0
APP_04334,Lynn Harris,65,Postgraduate,Salaried,13,2,Married,797315,13936,2,20488,63848,1582405,734,4,0,2,1,466667,48,Home,66442.92,30.84,0.585,32018.92,Rejected,0
APP_04335,Andrea Flynn,29,Graduate,Self-Employed,6,1,Single,955183,25255,1,14224,476086,2403712,544,8,0,3,5,720471,24,Home,79598.58,17.87,0.754,40119.58,Rejected,0
APP_04336,Rose Kaiser,34,Graduate,Self-Employed,2,4,Single,537988,22378,0,0,155223,709381,765,15,0,8,0,392295,60,Home,44832.33,0.0,0.729,22454.33,Approved,0
APP_04337,Stephen Costa,44,Graduate,Business Owner,5,0,Married,799731,18770,3,29989,385761,3289918,603,3,0,4,4,498789,36,Business,66644.25,45.0,0.624,17885.25,Approved,1
APP_04338,Michael Thomas,26,Postgraduate,Business Owner,6,3,Single,418170,18918,2,15681,174019,1080621,703,5,0,5,0,579346,48,Vehicle,34847.5,45.0,1.385,248.5,Approved,0
APP_04339,Casey Johnson,26,Diploma,Salaried,1,0,Married,340619,8505,1,5228,125212,420015,703,3,0,7,1,258454,84,Personal,28384.92,18.42,0.759,14651.92,Approved,0
APP_04340,David King,57,Postgraduate,Salaried,24,0,Married,407776,17398,2,15291,94007,910519,741,9,0,5,1,507332,12,Home,33981.33,45.0,1.244,1292.33,Approved,0
APP_04341,John Baker,27,Graduate,Self-Employed,4,4,Married,760857,26485,1,11720,148570,2167837,618,7,1,3,2,1002803,84,Vehicle,63404.75,18.48,1.318,25199.75,Rejected,1
APP_04342,Ashley Macdonald,21,Postgraduate,Salaried,1,2,Married,598968,19405,4,22461,283973,1873906,625,1,1,3,5,50000,24,Personal,49914.0,45.0,0.083,8048.0,Rejected,1
APP_04343,Brian Garcia,27,Graduate,Salaried,5,0,Married,644367,14948,4,24163,412901,996084,669,7,0,3,1,810728,24,Education,53697.25,45.0,1.258,14586.25,Rejected,0
APP_04344,Laura Campbell,21,Postgraduate,Salaried,0,3,Married,286053,8624,3,10726,41344,761016,713,1,0,1,0,319693,120,Business,23837.75,45.0,1.118,4487.75,Approved,0
APP_04345,Joann Mills,28,Postgraduate,Contract,6,3,Married,544336,14040,0,0,243051,1133896,688,4,0,8,0,338205,12,Home,45361.33,0.0,0.621,31321.33,Approved,0
APP_04346,Michelle Pineda,45,Graduate,Salaried,21,1,Married,500762,17632,0,0,238672,832931,695,9,0,2,1,575886,24,Vehicle,41730.17,0.0,1.15,24098.17,Approved,0
APP_04347,Nicholas Wright,35,Graduate,Self-Employed,3,4,Married,854658,16123,1,6717,183908,2293605,679,1,0,5,0,761604,60,Home,71221.5,9.43,0.891,48381.5,Rejected,0
APP_04348,David Gutierrez,44,Diploma,Contract,15,2,Married,631519,11427,3,23681,149687,1247884,696,21,0,7,0,167843,84,Vehicle,52626.58,45.0,0.266,17518.58,Approved,0
APP_04349,Patrick Avery,58,Graduate,Salaried,11,1,Single,784725,25828,3,29427,177822,1301062,850,8,0,5,0,913459,48,Personal,65393.75,45.0,1.164,10138.75,Rejected,0
APP_04350,Renee Jackson,46,Diploma,Self-Employed,6,3,Married,757200,34170,2,28395,269903,999695,577,13,0,2,6,758672,120,Home,63100.0,45.0,1.002,535.0,Rejected,1
APP_04351,Dean Martin,58,Graduate,Self-Employed,2,4,Single,994373,27234,0,0,407163,2619750,636,13,1,5,1,1363929,12,Business,82864.42,0.0,1.372,55630.42,Rejected,1
APP_04352,Stacey Morris,31,Graduate,Salaried,0,3,Married,459647,10881,2,17236,102515,888932,584,8,0,6,3,408704,12,Medical,38303.92,45.0,0.889,10186.92,Rejected,1
APP_04353,Stephanie Thomas,59,Postgraduate,Salaried,18,1,Married,825374,28154,0,0,172910,1090937,601,13,0,4,2,441477,36,Vehicle,68781.17,0.0,0.535,40627.17,Approved,1
APP_04354,Steven Gaines,60,Graduate,Salaried,29,3,Married,1005786,29850,4,37716,10000,2951710,757,4,0,4,1,1596745,48,Business,83815.5,45.0,1.588,16249.5,Approved,0
APP_04355,Manuel Owens,49,Graduate,Salaried,3,2,Married,645510,14032,4,24206,10000,940839,791,25,0,5,1,786078,24,Home,53792.5,45.0,1.218,15554.5,Approved,0
APP_04356,Gary Reynolds,23,Graduate,Business Owner,1,4,Single,891055,22920,0,0,172184,2415935,614,1,1,6,2,1246575,60,Business,74254.58,0.0,1.399,51334.58,Rejected,1
APP_04357,Charles Kim,59,Postgraduate,Salaried,8,2,Married,749281,33347,4,28098,306176,566203,528,3,0,6,1,1224670,60,Vehicle,62440.08,45.0,1.634,995.08,Rejected,1
APP_04358,Matthew Castillo,58,Graduate,Business Owner,5,2,Married,750955,20215,0,0,73906,2224281,656,17,0,5,0,894394,120,Personal,62579.58,0.0,1.191,42364.58,Rejected,0
APP_04359,Nicole Shaw,35,Graduate,Contract,0,3,Single,506567,11328,2,18996,255400,1250396,825,16,0,1,0,222699,48,Personal,42213.92,45.0,0.44,11889.92,Approved,0
APP_04360,Tiffany Morales,23,Postgraduate,Salaried,2,2,Married,315816,7422,2,11843,135363,900803,574,2,1,2,3,296145,48,Personal,26318.0,45.0,0.938,7053.0,Rejected,1
APP_04361,Zachary Strong,28,Graduate,Salaried,8,2,Married,883831,39830,0,0,190505,1437488,697,5,0,5,2,1008998,48,Personal,73652.58,0.0,1.142,33822.58,Approved,1
APP_04362,Carmen Copeland,63,Graduate,Salaried,26,0,Single,508943,20549,0,0,55104,623124,635,3,0,1,6,50000,24,Personal,42411.92,0.0,0.098,21862.92,Approved,0
APP_04363,Adriana King,57,High School,Salaried,26,0,Married,734956,29702,3,27560,113469,1865392,777,7,0,1,2,762550,36,Vehicle,61246.33,45.0,1.038,3984.33,Approved,0
APP_04364,Kristine Craig MD,58,Graduate,Business Owner,14,4,Married,530675,9022,4,19900,143422,1839377,618,23,1,7,6,787397,36,Home,44222.92,45.0,1.484,15300.92,Rejected,1
APP_04365,Kyle Garcia,25,High School,Self-Employed,0,0,Married,1352299,29176,1,4868,32031,3233219,676,2,0,7,2,1290693,12,Home,112691.58,4.32,0.954,78647.58,Approved,1
APP_04366,Justin Black,33,Diploma,Salaried,5,3,Single,447678,19999,0,0,148728,1219893,637,10,0,8,1,683207,36,Education,37306.5,0.0,1.526,17307.5,Rejected,0
APP_04367,Amanda Miller,43,Graduate,Contract,3,3,Married,482693,14111,3,18100,112744,1784466,599,16,1,4,3,558835,48,Medical,40224.42,45.0,1.158,8013.42,Rejected,1
APP_04368,Lindsay Cross,45,High School,Salaried,5,3,Married,809472,15721,4,30355,421165,528737,735,22,0,8,0,1127088,60,Home,67456.0,45.0,1.392,21380.0,Approved,0
APP_04369,Michael James,28,Graduate,Salaried,0,4,Married,625681,27309,4,23463,216609,931210,767,1,0,4,0,511300,48,Education,52140.08,45.0,0.817,1368.08,Approved,1
APP_04370,Justin Suarez,62,Graduate,Salaried,31,1,Single,587146,25522,0,0,294606,743732,739,8,0,7,0,399985,60,Vehicle,48928.83,0.0,0.681,23406.83,Approved,0
APP_04371,Randy Hamilton,29,Postgraduate,Salaried,4,4,Single,680140,29000,2,17475,327347,1056264,684,1,0,7,2,829400,120,Personal,56678.33,30.83,1.219,10203.33,Rejected,1
APP_04372,Kathryn Gordon,24,Graduate,Business Owner,2,3,Married,1070513,41412,1,8867,412149,2541871,631,3,1,2,3,1316546,48,Home,89209.42,9.94,1.23,38930.42,Approved,1
APP_04373,Andrew Hunt,30,Diploma,Salaried,10,0,Single,887034,17695,0,0,10000,2540932,758,1,0,7,0,672221,48,Personal,73919.5,0.0,0.758,56224.5,Approved,0
APP_04374,Veronica Brooks,51,Postgraduate,Salaried,14,0,Married,559932,17088,2,16174,103160,1377560,785,9,0,5,0,165193,24,Business,46661.0,34.66,0.295,13399.0,Approved,0
APP_04375,Sarah Williams,57,Graduate,Self-Employed,23,3,Married,1017659,41693,1,7519,205673,2802854,737,17,0,2,2,622729,120,Home,84804.92,8.87,0.612,35592.92,Approved,0
APP_04376,Richard Davis,26,Diploma,Salaried,3,4,Married,644225,14689,0,0,10000,1968034,664,3,0,5,0,362834,60,Medical,53685.42,0.0,0.563,38996.42,Approved,0
APP_04377,Jennifer Anderson,59,High School,Self-Employed,22,3,Married,667216,16643,4,25020,290875,1458102,667,19,0,6,1,492717,120,Vehicle,55601.33,45.0,0.738,13938.33,Approved,0
APP_04378,Mikayla Parker,24,Postgraduate,Self-Employed,4,0,Married,303110,10647,0,0,62876,967431,722,2,0,1,0,278330,84,Education,25259.17,0.0,0.918,14612.17,Approved,0
APP_04379,Matthew Hanna,39,Postgraduate,Salaried,4,2,Married,735939,27465,2,15927,124486,917720,689,8,0,2,0,309856,36,Vehicle,61328.25,25.97,0.421,17936.25,Approved,0
APP_04380,Paul Brooks,31,Graduate,Business Owner,4,4,Single,542168,17847,3,20331,161342,2063949,659,13,0,2,4,387294,60,Business,45180.67,45.0,0.714,7002.67,Rejected,1
APP_04381,Kimberly Cowan,29,Graduate,Salaried,0,3,Married,670677,30489,2,16832,124850,1916761,682,2,0,6,2,467706,24,Business,55889.75,30.12,0.697,8568.75,Approved,1
APP_04382,Donna Moore,33,Postgraduate,Self-Employed,5,2,Single,696824,17978,0,0,306480,942320,630,2,1,5,3,50000,120,Medical,58068.67,0.0,0.072,40090.67,Rejected,1
APP_04383,Kristina Russell,65,Diploma,Salaried,26,2,Single,1006802,17761,2,18947,195329,2939466,630,23,0,4,4,994858,120,Personal,83900.17,22.58,0.988,47192.17,Approved,0
APP_04384,Willie Bautista,53,High School,Salaried,16,0,Single,620847,21484,2,16102,47659,1752267,664,7,1,3,1,641279,60,Personal,51737.25,31.12,1.033,14151.25,Rejected,1
APP_04385,Katherine Flores,29,Graduate,Salaried,6,2,Single,634862,10748,0,0,144296,1213758,702,10,0,5,1,982606,36,Personal,52905.17,0.0,1.548,42157.17,Approved,0
APP_04386,Brittney Dalton,56,Graduate,Business Owner,16,0,Married,745223,33887,3,27945,150118,763110,730,22,0,8,0,559603,12,Home,62101.92,45.0,0.751,269.92,Rejected,0
APP_04387,Trevor Carter,57,Graduate,Salaried,24,2,Married,715841,27676,3,26844,154454,2635104,665,25,0,1,3,1104312,12,Home,59653.42,45.0,1.543,5133.42,Rejected,1
APP_04388,Debra Buckley,35,Postgraduate,Business Owner,2,4,Single,571286,10030,0,0,109338,1387610,748,4,0,1,1,517507,12,Vehicle,47607.17,0.0,0.906,37577.17,Approved,0
APP_04389,Carolyn Obrien,53,High School,Salaried,20,4,Married,604024,21837,0,0,178475,1137182,750,8,0,8,0,423202,60,Business,50335.33,0.0,0.701,28498.33,Approved,0
APP_04390,David Barry,31,Graduate,Salaried,5,4,Married,774080,24397,4,28236,340575,140001,720,9,0,1,2,743762,84,Home,64506.67,43.77,0.961,11873.67,Rejected,0
APP_04391,Carl Kelley,25,Postgraduate,Salaried,5,0,Single,744292,21038,4,27910,269143,1843334,729,1,0,6,0,536238,48,Vehicle,62024.33,45.0,0.72,13076.33,Approved,0
APP_04392,Ruben Taylor,56,Graduate,Salaried,20,2,Married,556374,19530,0,0,81801,1812265,585,4,0,5,6,268202,24,Vehicle,46364.5,0.0,0.482,26834.5,Rejected,1
APP_04393,Carolyn Brown,35,Graduate,Contract,6,0,Single,395308,13749,2,9279,130303,1634395,661,12,0,1,0,124879,36,Education,32942.33,28.17,0.316,9914.33,Approved,0
APP_04394,Melissa Smith,64,Postgraduate,Self-Employed,31,2,Married,892501,27399,4,33468,99539,1844185,586,10,0,3,1,618517,24,Vehicle,74375.08,45.0,0.693,13508.08,Rejected,0
APP_04395,Mariah Case,34,Postgraduate,Contract,5,1,Single,499079,8487,4,18715,215899,2172576,662,8,0,1,0,345793,24,Home,41589.92,45.0,0.693,14387.92,Approved,0
APP_04396,Carl Romero,60,Graduate,Salaried,29,0,Married,819852,26734,2,23043,10000,786739,530,2,1,7,4,924171,48,Medical,68321.0,33.73,1.127,18544.0,Rejected,1
APP_04397,Scott Wells,45,Postgraduate,Salaried,22,2,Married,872332,28633,3,32712,152636,2485661,659,5,0,7,0,685149,60,Vehicle,72694.33,45.0,0.785,11349.33,Approved,0
APP_04398,Tracy Martin,23,Diploma,Contract,1,1,Single,323634,11268,3,12136,52113,998171,680,1,1,3,4,155060,84,Business,26969.5,45.0,0.479,3565.5,Rejected,1
APP_04399,Suzanne Harrison,64,Graduate,Self-Employed,12,0,Single,860279,26612,4,32260,332068,2650627,799,4,0,4,0,328318,60,Business,71689.92,45.0,0.382,12817.92,Approved,0
APP_04400,Bobby Marshall,46,Diploma,Salaried,2,4,Married,680828,24509,1,13232,95708,1904372,691,1,0,1,1,582355,84,Personal,56735.67,23.32,0.855,18994.67,Rejected,0
APP_04401,Matthew Nguyen,54,Graduate,Self-Employed,24,2,Married,942099,22332,1,3185,362753,2659449,771,14,0,2,0,1187221,36,Business,78508.25,4.06,1.26,52991.25,Approved,0
APP_04402,Sandra Wilson,22,High School,Self-Employed,2,3,Single,808472,27170,0,0,288087,1629061,737,4,0,7,1,1173633,120,Personal,67372.67,0.0,1.452,40202.67,Approved,0
APP_04403,Aaron Fleming,28,Graduate,Business Owner,4,1,Married,1105198,20168,3,26934,187043,442927,791,9,0,8,0,1026829,12,Business,92099.83,29.24,0.929,44997.83,Approved,0
APP_04404,Bobby Lopez,63,Postgraduate,Self-Employed,10,2,Single,866246,25817,2,26038,279964,2374477,739,19,0,1,3,527662,60,Education,72187.17,36.07,0.609,20332.17,Approved,1
APP_04405,Barbara Bailey,21,Postgraduate,Business Owner,1,0,Married,934898,40356,1,12152,495341,2085716,738,3,0,1,3,963275,24,Education,77908.17,15.6,1.03,25400.17,Approved,0
APP_04406,Casey Ford,35,Diploma,Salaried,15,0,Married,735001,14113,2,7806,357583,994463,687,11,1,3,0,595239,48,Personal,61250.08,12.74,0.81,39331.08,Rejected,0
APP_04407,Barbara Meyer,27,High School,Salaried,0,2,Married,645073,23490,0,0,250616,2596979,616,4,1,8,0,507999,120,Business,53756.08,0.0,0.788,30266.08,Approved,1
APP_04408,Alicia Hart,49,Diploma,Salaried,28,4,Married,638442,16746,3,23941,108636,2029735,761,17,0,1,1,486016,60,Home,53203.5,45.0,0.761,12516.5,Approved,0
APP_04409,Brenda Davis,32,Graduate,Salaried,12,2,Married,661485,26877,2,22027,265374,1568104,632,4,0,5,4,671423,24,Education,55123.75,39.96,1.015,6219.75,Rejected,1
APP_04410,Patrick Scott,33,Postgraduate,Salaried,9,2,Married,714475,29095,2,9947,185407,2423727,747,11,1,7,2,567680,60,Medical,59539.58,16.71,0.795,20497.58,Rejected,0
APP_04411,Thomas Powell,32,Graduate,Salaried,8,2,Single,421331,14767,2,13101,122927,1220967,632,14,1,8,6,360498,48,Personal,35110.92,37.31,0.856,7242.92,Rejected,1
APP_04412,Brandon Armstrong,51,High School,Self-Employed,8,2,Married,844834,33627,0,0,212345,3009157,811,4,0,6,1,1336918,36,Personal,70402.83,0.0,1.582,36775.83,Approved,0
APP_04413,Caitlin Delgado PhD,30,Graduate,Self-Employed,10,3,Single,796386,19553,3,24033,403576,2870623,732,6,0,2,0,257361,12,Vehicle,66365.5,36.21,0.323,22779.5,Rejected,0
APP_04414,Samantha Jimenez,23,High School,Salaried,0,2,Married,704623,17217,0,0,184349,2144617,682,2,1,1,0,1024789,84,Personal,58718.58,0.0,1.454,41501.58,Rejected,1
APP_04415,Curtis Mendoza,52,Graduate,Salaried,23,1,Single,648948,16344,4,24335,68808,1432196,764,21,0,5,0,541342,24,Vehicle,54079.0,45.0,0.834,13400.0,Approved,0
APP_04416,Laura Foster,31,High School,Business Owner,8,4,Single,1202235,49477,0,0,708156,688123,783,10,0,1,0,423327,60,Education,100186.25,0.0,0.352,50709.25,Approved,0
APP_04417,Amanda Green,29,Diploma,Salaried,1,1,Married,768608,13533,2,15466,229314,2207471,697,5,0,3,0,305228,24,Medical,64050.67,24.15,0.397,35051.67,Approved,0
APP_04418,George Wilson,29,Postgraduate,Salaried,7,3,Single,902013,26827,2,22280,387011,2639509,593,4,0,8,1,1172083,84,Home,75167.75,29.64,1.299,26060.75,Approved,1
APP_04419,John Edwards,47,Graduate,Salaried,10,4,Married,602186,22054,2,22581,273163,2005919,712,18,0,5,0,699747,36,Vehicle,50182.17,45.0,1.162,5547.17,Approved,0
APP_04420,Jesse Ayala,50,High School,Salaried,24,4,Single,726457,23199,1,8870,247930,2007011,758,1,0,6,0,220787,12,Education,60538.08,14.65,0.304,28469.08,Approved,0
APP_04421,Mr. Richard Keller,31,Graduate,Salaried,10,2,Married,720860,17815,4,27032,216151,1163716,628,2,0,2,3,331097,36,Personal,60071.67,45.0,0.459,15224.67,Rejected,1
APP_04422,Jacob Short,41,Graduate,Salaried,14,3,Single,571526,24957,1,10652,62074,640405,697,10,0,3,4,530922,48,Medical,47627.17,22.37,0.929,12018.17,Rejected,1
APP_04423,Kelsey Morris,44,Postgraduate,Salaried,21,1,Married,551944,18496,1,8905,122818,222129,672,12,0,5,1,575045,36,Personal,45995.33,19.36,1.042,18594.33,Approved,0
APP_04424,Austin Avila,43,Graduate,Business Owner,3,1,Married,620402,26305,4,23265,342159,1223600,734,17,0,1,1,883158,48,Vehicle,51700.17,45.0,1.424,2130.17,Rejected,1
APP_04425,Justin Barnes,48,Graduate,Self-Employed,1,3,Single,501134,11922,1,16091,60611,804427,608,21,0,3,5,480810,120,Business,41761.17,38.53,0.959,13748.17,Rejected,1
APP_04426,Catherine Shaffer,45,Graduate,Salaried,11,0,Married,694704,24488,3,26051,160026,1008570,670,12,0,7,2,987083,36,Personal,57892.0,45.0,1.421,7353.0,Rejected,1
APP_04427,Eric Clark,55,Graduate,Salaried,9,1,Married,989613,22315,0,0,286221,2037057,638,3,0,3,0,390832,60,Vehicle,82467.75,0.0,0.395,60152.75,Approved,0
APP_04428,Jeffery Delgado,40,Diploma,Self-Employed,6,1,Married,194784,5150,1,7304,84796,622579,763,9,0,8,0,50000,48,Education,16232.0,45.0,0.257,3778.0,Approved,0
APP_04429,Michael Mcbride,22,Diploma,Salaried,1,2,Married,693675,14353,4,26012,197064,3199731,620,1,0,7,2,720203,120,Home,57806.25,45.0,1.038,17441.25,Rejected,1
APP_04430,Kurt Kaufman,24,Graduate,Self-Employed,2,4,Single,206173,6762,1,7731,11008,672656,635,6,1,4,0,253761,12,Vehicle,17181.08,45.0,1.231,2688.08,Rejected,1
APP_04431,Dana Mitchell,47,Diploma,Salaried,7,0,Married,615032,17425,4,23063,132181,1324076,509,25,1,6,4,524786,36,Personal,51252.67,45.0,0.853,10764.67,Rejected,1
APP_04432,Sharon Steele,29,High School,Business Owner,1,3,Married,770212,26907,2,23166,309276,2444257,700,3,0,7,0,412195,24,Personal,64184.33,36.09,0.535,14111.33,Approved,1
APP_04433,Jenny Turner,50,Graduate,Salaried,29,0,Married,598011,11225,0,0,149496,636276,670,5,0,1,0,728649,48,Education,49834.25,0.0,1.218,38609.25,Approved,0
APP_04434,Brent Bishop,34,Postgraduate,Salaried,0,0,Married,718934,29090,2,22035,367840,1848713,578,4,1,2,0,824045,120,Home,59911.17,36.78,1.146,8786.17,Rejected,1
APP_04435,Kelly Hernandez,53,Graduate,Salaried,17,2,Married,893335,40361,0,0,416105,2903132,757,14,0,2,0,1093613,84,Home,74444.58,0.0,1.224,34083.58,Approved,0
APP_04436,Craig Beltran,36,Graduate,Salaried,2,0,Married,809377,14237,4,30351,120382,2703278,637,2,0,1,5,950369,36,Personal,67448.08,45.0,1.174,22860.08,Rejected,1
APP_04437,Robert Smith,22,Diploma,Salaried,2,4,Married,931069,20050,1,5659,375009,1937730,542,4,1,7,6,279277,84,Business,77589.08,7.29,0.3,51880.08,Rejected,1
APP_04438,Mark Coleman,37,High School,Contract,4,1,Married,331555,5648,0,0,94372,792459,800,19,0,5,0,229909,48,Vehicle,27629.58,0.0,0.693,21981.58,Approved,0
APP_04439,Jeffrey Kennedy,26,Graduate,Self-Employed,0,3,Single,850713,33221,1,10382,411858,2912155,767,1,0,2,0,1095408,12,Home,70892.75,14.64,1.288,27289.75,Approved,0
APP_04440,Melody Winters,42,Postgraduate,Salaried,6,2,Married,833948,38032,1,13370,257463,3706655,736,15,1,3,1,423879,24,Medical,69495.67,19.24,0.508,18093.67,Rejected,1
APP_04441,David Wilson,52,Graduate,Salaried,24,0,Married,907119,22105,0,0,527411,3620762,609,1,1,2,0,429653,12,Home,75593.25,0.0,0.474,53488.25,Rejected,1
APP_04442,Mr. John Williams,25,High School,Self-Employed,1,2,Single,503546,15731,0,0,185949,1203801,625,5,0,2,0,146747,84,Home,41962.17,0.0,0.291,26231.17,Approved,1
APP_04443,Stephanie Phillips,51,Diploma,Salaried,11,0,Single,684071,20934,3,24658,262249,0,631,22,1,8,3,703932,36,Education,57005.92,43.26,1.029,11413.92,Rejected,1
APP_04444,Steven Perez,60,High School,Salaried,4,4,Single,288575,12206,3,10821,107933,247946,582,5,1,6,2,241641,48,Education,24047.92,45.0,0.837,1020.92,Rejected,1
APP_04445,Cole White,61,Graduate,Salaried,33,3,Married,714380,20257,3,26789,170618,1414936,800,13,0,1,0,743326,48,Business,59531.67,45.0,1.041,12485.67,Approved,0
APP_04446,David Macdonald,52,Graduate,Salaried,10,1,Married,834578,32129,1,17236,196385,2901145,631,10,1,4,2,787204,60,Personal,69548.17,24.78,0.943,20183.17,Rejected,0
APP_04447,Juan Henderson,62,Graduate,Business Owner,9,3,Single,1034294,31603,0,0,234777,2948376,689,8,0,1,3,1576748,12,Home,86191.17,0.0,1.524,54588.17,Approved,0
APP_04448,Jeffrey Brown,34,Graduate,Contract,7,4,Single,762014,28682,1,9911,10000,2422643,735,8,0,4,0,705946,36,Home,63501.17,15.61,0.926,24908.17,Approved,0
APP_04449,Richard Grant,21,High School,Business Owner,1,4,Married,642766,12191,0,0,242077,1633504,751,2,0,5,2,737235,60,Home,53563.83,0.0,1.147,41372.83,Approved,0
APP_04450,Jeffrey Olson,31,Postgraduate,Business Owner,4,4,Single,864214,28556,2,25244,573174,2392500,639,10,0,3,3,519347,84,Personal,72017.83,35.05,0.601,18217.83,Approved,1
APP_04451,Jessica Steele,52,Diploma,Salaried,9,1,Married,741543,24076,4,27807,109001,801434,628,21,1,1,2,814191,48,Education,61795.25,45.0,1.098,9912.25,Rejected,1
APP_04452,Susan White,51,Graduate,Contract,14,2,Married,579333,24069,2,21724,98727,1411078,514,5,1,3,5,838407,24,Personal,48277.75,45.0,1.447,2484.75,Rejected,1
APP_04453,Jamie Carpenter,64,Diploma,Business Owner,32,2,Single,840804,38449,2,16813,387098,2085749,757,2,0,3,0,291738,120,Business,70067.0,24.0,0.347,14805.0,Approved,0
APP_04454,Tammy Brown,58,Graduate,Salaried,12,3,Single,546647,10099,3,20499,96556,1309635,767,24,0,7,0,277975,48,Vehicle,45553.92,45.0,0.509,14955.92,Approved,0
APP_04455,Karen Kim,49,Postgraduate,Salaried,18,4,Single,612423,19374,4,22965,116258,640927,640,14,1,8,3,493698,24,Personal,51035.25,45.0,0.806,8696.25,Rejected,1
APP_04456,Lisa Cooper,27,Graduate,Salaried,0,0,Single,588041,24621,3,22051,162830,1476270,782,1,0,6,0,732507,24,Home,49003.42,45.0,1.246,2331.42,Approved,0
APP_04457,Joshua Braun,58,Graduate,Salaried,35,4,Married,580272,21081,3,21760,70715,1641166,644,7,0,3,6,870700,60,Medical,48356.0,45.0,1.501,5515.0,Rejected,1
APP_04458,Aaron Garza,32,Diploma,Salaried,7,1,Married,476636,19851,4,17873,227068,1792504,607,6,0,5,2,728032,12,Home,39719.67,45.0,1.527,1995.67,Rejected,1
APP_04459,Heather Carroll,61,Postgraduate,Salaried,29,4,Married,365525,7041,1,6550,67529,1286936,656,6,0,1,4,317139,36,Home,30460.42,21.5,0.868,16869.42,Rejected,0
APP_04460,Steven Berg,48,Graduate,Business Owner,23,0,Single,1221013,52908,4,40496,213315,3362202,524,11,0,8,1,530525,24,Personal,101751.08,39.8,0.434,8347.08,Rejected,1
APP_04461,Claire Smith,24,Graduate,Salaried,4,3,Married,921410,18737,3,34552,143846,2503904,709,4,0,6,4,180430,36,Education,76784.17,45.0,0.196,23495.17,Approved,0
APP_04462,Sheila Rodriguez,55,High School,Contract,27,4,Married,339645,8760,3,12736,146573,867693,657,14,0,3,4,363852,60,Home,28303.75,45.0,1.071,6807.75,Approved,1
APP_04463,Brandi Scott,44,Postgraduate,Salaried,23,3,Single,937047,16453,0,0,154884,3026831,749,1,1,5,2,1468672,48,Business,78087.25,0.0,1.567,61634.25,Rejected,1
APP_04464,Brian Wilkinson,35,Diploma,Self-Employed,0,0,Single,897518,23586,4,33656,119997,1833831,650,7,0,5,1,911105,36,Home,74793.17,45.0,1.015,17551.17,Rejected,1
APP_04465,Stephanie Ellis,23,Graduate,Salaried,2,0,Married,556684,22046,1,11030,186567,1018949,587,5,1,8,3,254719,48,Personal,46390.33,23.78,0.458,13314.33,Rejected,1
APP_04466,Alexandra Warner,63,Graduate,Salaried,10,0,Married,594458,17741,3,19433,279425,721996,623,21,0,8,0,705718,48,Business,49538.17,39.23,1.187,12364.17,Rejected,1
APP_04467,Austin Rivas,48,Graduate,Salaried,6,2,Single,772263,22950,4,28959,156921,2185025,572,14,1,7,5,1048680,36,Business,64355.25,45.0,1.358,12446.25,Rejected,1
APP_04468,Steven Jackson,26,High School,Salaried,2,2,Married,583939,16239,4,21897,119373,1241651,712,7,0,2,0,448940,36,Personal,48661.58,45.0,0.769,10525.58,Approved,0
APP_04469,Matthew Davis,60,Graduate,Business Owner,33,2,Married,820293,35415,0,0,203951,1538068,679,6,0,6,2,438740,24,Education,68357.75,0.0,0.535,32942.75,Approved,0
APP_04470,Lauren Schultz,37,Graduate,Self-Employed,2,0,Single,1124272,30722,0,0,430706,3627039,702,10,0,3,0,833126,24,Vehicle,93689.33,0.0,0.741,62967.33,Approved,0
APP_04471,Matthew Chang,26,Diploma,Salaried,4,0,Married,373760,9699,4,14016,176724,845924,734,4,0,1,1,434905,24,Personal,31146.67,45.0,1.164,7431.67,Rejected,0
APP_04472,Harry Lloyd,32,Postgraduate,Salaried,0,3,Single,597463,22328,3,22404,211845,1098745,750,9,0,5,2,149125,12,Medical,49788.58,45.0,0.25,5056.58,Approved,0
APP_04473,Michael Smith,25,Graduate,Salaried,2,2,Married,492330,11704,4,18462,138809,1786495,643,5,0,3,0,541898,120,Home,41027.5,45.0,1.101,10861.5,Approved,0
APP_04474,John Mitchell,44,Graduate,Salaried,10,1,Married,637545,27955,2,22505,147570,2139672,654,18,0,3,3,614824,36,Personal,53128.75,42.36,0.964,2668.75,Approved,1
APP_04475,Daniel White,24,High School,Self-Employed,4,0,Married,500943,22466,0,0,10000,1218668,681,2,0,6,0,223863,120,Education,41745.25,0.0,0.447,19279.25,Approved,0
APP_04476,Sherry Garcia,40,Graduate,Self-Employed,14,4,Single,461691,17233,0,0,92766,543499,819,9,0,8,0,394882,84,Education,38474.25,0.0,0.855,21241.25,Approved,0
APP_04477,Seth Vasquez,46,Graduate,Salaried,3,0,Single,786604,24488,4,29497,362641,3776334,676,22,0,4,0,669068,48,Personal,65550.33,45.0,0.851,11565.33,Approved,0
APP_04478,Mary Henry,51,Diploma,Salaried,11,2,Married,561651,10236,3,21061,180946,1921834,691,18,0,3,1,342187,120,Education,46804.25,45.0,0.609,15507.25,Approved,0
APP_04479,Glenn Rios,28,Graduate,Self-Employed,8,2,Single,863411,32511,1,9497,234894,1777014,775,2,0,8,0,992853,84,Home,71950.92,13.2,1.15,29942.92,Approved,0
APP_04480,David Freeman,35,Postgraduate,Salaried,0,0,Married,309255,11810,3,11597,45700,824905,657,15,0,6,2,387223,120,Vehicle,25771.25,45.0,1.252,2364.25,Approved,1
APP_04481,Zachary Williams,60,Postgraduate,Salaried,26,0,Married,654050,18546,3,24526,118837,583533,774,16,0,6,0,505910,24,Business,54504.17,45.0,0.774,11432.17,Approved,0
APP_04482,Michelle Cole,36,Graduate,Self-Employed,12,4,Married,356785,14770,1,13379,108176,684215,639,1,0,5,0,288741,48,Personal,29732.08,45.0,0.809,1583.08,Approved,1
APP_04483,Samuel Long,24,Graduate,Contract,1,3,Married,414462,17308,0,0,70924,183613,749,1,0,7,1,227350,60,Home,34538.5,0.0,0.549,17230.5,Approved,0
APP_04484,Daniel Castaneda,41,Postgraduate,Salaried,14,4,Married,332081,7776,3,12453,81140,1036318,666,4,0,2,0,341572,84,Personal,27673.42,45.0,1.029,7444.42,Approved,0
APP_04485,Caleb Adams,30,High School,Contract,1,2,Married,823391,16027,2,22220,45356,1888355,713,9,0,4,2,1011272,24,Business,68615.92,32.38,1.228,30368.92,Approved,1
APP_04486,Robert Rodriguez,61,High School,Salaried,13,1,Single,710017,28412,1,4125,171155,2255380,786,18,0,4,0,451375,48,Personal,59168.08,6.97,0.636,26631.08,Approved,0
APP_04487,Michael Lutz,24,Graduate,Salaried,4,1,Single,674557,25059,2,24891,134076,1487254,613,3,0,4,5,345648,48,Personal,56213.08,44.28,0.512,6263.08,Rejected,1
APP_04488,Juan Benjamin,33,Postgraduate,Business Owner,6,1,Married,900152,29330,0,0,366625,2639832,524,9,0,8,6,1206761,36,Personal,75012.67,0.0,1.341,45682.67,Approved,1
APP_04489,Jesse Clayton,33,Graduate,Salaried,1,1,Married,549630,13564,4,20611,84534,1375584,590,1,1,4,6,607898,24,Home,45802.5,45.0,1.106,11627.5,Rejected,1
APP_04490,Thomas Zamora,54,Graduate,Salaried,1,4,Married,735112,23911,2,14681,291217,2277670,720,7,1,5,4,306991,36,Personal,61259.33,23.97,0.418,22667.33,Rejected,1
APP_04491,Vanessa Mccall,34,Graduate,Salaried,2,0,Married,512551,13110,2,19220,72720,1774771,627,13,0,4,2,317415,36,Personal,42712.58,45.0,0.619,10382.58,Approved,1
APP_04492,Jennifer Nguyen,46,Postgraduate,Salaried,15,4,Single,689287,29934,4,25848,183841,2907798,708,15,0,7,1,919560,12,Home,57440.58,45.0,1.334,1658.58,Approved,1
APP_04493,Penny Nielsen,54,Diploma,Self-Employed,12,3,Single,680658,12417,0,0,442721,1532941,607,21,1,5,5,438659,120,Business,56721.5,0.0,0.644,44304.5,Approved,1
APP_04494,Troy Maynard,36,Postgraduate,Business Owner,8,1,Single,361287,16308,3,13548,145764,458556,640,11,0,1,0,302526,36,Business,30107.25,45.0,0.837,251.25,Rejected,0
APP_04495,Daniel Ferguson,54,High School,Business Owner,19,4,Married,711009,21612,4,26662,338877,2690695,751,10,0,4,0,895426,24,Vehicle,59250.75,45.0,1.259,10976.75,Rejected,0
APP_04496,Joshua Mills,55,Graduate,Salaried,31,3,Married,594620,23291,4,22298,282519,931464,579,22,0,5,3,817571,36,Medical,49551.67,45.0,1.375,3962.67,Rejected,1
APP_04497,Crystal Kent,48,Graduate,Business Owner,15,4,Married,642660,18609,3,24099,298202,1453977,771,8,0,4,0,158915,60,Home,53555.0,45.0,0.247,10847.0,Approved,0
APP_04498,Jocelyn Davidson,61,Diploma,Salaried,3,1,Single,630080,15843,4,23628,170167,2232415,611,13,0,7,6,346131,120,Vehicle,52506.67,45.0,0.549,13035.67,Rejected,0
APP_04499,Ashley Bond,43,Diploma,Self-Employed,13,1,Married,707058,29703,0,0,231933,859037,529,20,1,4,4,305850,84,Business,58921.5,0.0,0.433,29218.5,Rejected,1
APP_04500,Anna Medina,22,Graduate,Salaried,1,0,Married,713194,19118,4,26744,237068,1469490,641,1,0,5,6,107506,12,Business,59432.83,45.0,0.151,13570.83,Approved,0
APP_04501,Kara Thompson,63,Graduate,Salaried,6,0,Married,649447,24994,0,0,131101,2503853,624,5,1,3,3,379917,48,Vehicle,54120.58,0.0,0.585,29126.58,Rejected,1
APP_04502,Kenneth Richardson,64,High School,Contract,22,2,Single,340813,12720,2,12780,19630,1007303,632,23,0,2,1,104589,60,Medical,28401.08,45.0,0.307,2901.08,Rejected,0
APP_04503,Timothy Jacobson,61,Graduate,Self-Employed,32,2,Single,959836,32635,1,15563,234915,2094199,711,2,0,7,3,1372744,36,Medical,79986.33,19.46,1.43,31788.33,Approved,0
APP_04504,Michael Lewis,21,Postgraduate,Contract,0,3,Married,414979,6994,2,15561,57517,1027771,554,2,1,7,1,210874,84,Education,34581.58,45.0,0.508,12026.58,Rejected,1
APP_04505,Jason Clark,51,Diploma,Salaried,15,4,Single,732173,26985,2,22754,101960,2693769,665,11,0,6,4,360735,36,Business,61014.42,37.29,0.493,11275.42,Rejected,1
APP_04506,Alexa Finley,50,High School,Self-Employed,9,0,Married,986195,22221,0,0,104240,3338010,657,15,1,8,2,668885,36,Personal,82182.92,0.0,0.678,59961.92,Rejected,1
APP_04507,Andrea Henry,44,High School,Business Owner,22,1,Single,654077,22312,1,6938,85569,1215263,712,3,1,8,1,994547,60,Medical,54506.42,12.73,1.521,25256.42,Rejected,1
APP_04508,Erica Spencer,45,High School,Salaried,0,3,Single,590159,23269,0,0,57072,1936176,654,9,0,6,0,351616,12,Personal,49179.92,0.0,0.596,25910.92,Approved,0
APP_04509,Lucas Galloway,44,Postgraduate,Salaried,23,1,Married,664658,19580,3,18798,416883,2196028,697,6,0,2,4,823195,84,Home,55388.17,33.94,1.239,17010.17,Rejected,0
APP_04510,Jennifer Simmons,35,Graduate,Salaried,8,0,Single,561403,18410,1,11947,159176,1526108,818,5,0,8,1,290400,120,Medical,46783.58,25.54,0.517,16426.58,Approved,0
APP_04511,Isabel Willis,29,Graduate,Salaried,7,4,Single,620565,14320,0,0,253797,1259605,646,8,0,7,0,589789,60,Education,51713.75,0.0,0.95,37393.75,Rejected,0
APP_04512,David Little,33,Graduate,Salaried,9,3,Married,643975,16964,0,0,241277,1764591,707,4,1,3,3,703752,84,Business,53664.58,0.0,1.093,36700.58,Approved,0
APP_04513,Cory Richmond,32,Graduate,Self-Employed,3,3,Single,798770,36250,2,28079,504335,1356077,586,6,0,5,5,402722,84,Business,66564.17,42.18,0.504,2235.17,Rejected,1
APP_04514,Charles Hunter,53,Graduate,Self-Employed,28,0,Married,952806,21365,3,35730,78168,4289925,679,4,0,2,1,498540,120,Personal,79400.5,45.0,0.523,22305.5,Rejected,0
APP_04515,Megan Juarez,47,High School,Salaried,21,2,Married,628651,24280,1,11233,91571,1884875,672,3,0,3,0,750629,84,Vehicle,52387.58,21.44,1.194,16874.58,Rejected,0
APP_04516,Kathleen Parker,25,Diploma,Business Owner,1,2,Married,733614,13561,3,27510,185360,526545,651,3,0,6,1,733709,24,Home,61134.5,45.0,1.0,20063.5,Rejected,1
APP_04517,Robert Vazquez,26,High School,Self-Employed,2,2,Married,941550,24555,3,35308,199452,3122327,710,7,0,4,3,736734,84,Home,78462.5,45.0,0.782,18599.5,Approved,0
APP_04518,Mark Baker,37,Diploma,Salaried,5,0,Married,528592,21068,1,9258,183623,677510,687,3,0,4,0,572533,12,Personal,44049.33,21.02,1.083,13723.33,Approved,0
APP_04519,Samuel Bailey,63,Graduate,Salaried,17,3,Married,618860,22914,1,12375,166942,1734778,733,17,0,6,0,798241,48,Medical,51571.67,24.0,1.29,16282.67,Approved,0
APP_04520,Cynthia King,61,Graduate,Salaried,21,2,Married,470335,12385,2,17637,67468,828344,725,3,0,4,0,234883,24,Home,39194.58,45.0,0.499,9172.58,Approved,0
APP_04521,Mark Parker,29,Graduate,Contract,0,1,Married,349699,6709,3,13113,49131,843823,621,10,1,1,1,204693,48,Education,29141.58,45.0,0.585,9319.58,Rejected,1
APP_04522,Emily Flynn,49,Postgraduate,Salaried,14,1,Married,297174,7226,2,11144,159416,606894,721,18,0,2,0,316934,48,Business,24764.5,45.0,1.066,6394.5,Approved,0
APP_04523,Courtney Edwards,42,High School,Salaried,7,3,Single,465799,10966,1,3799,10000,975816,622,21,1,6,4,202608,120,Home,38816.58,9.79,0.435,24051.58,Rejected,1
APP_04524,Randy Simpson,56,Postgraduate,Salaried,5,3,Married,727876,17567,0,0,92561,2876774,529,17,0,7,0,275282,12,Medical,60656.33,0.0,0.378,43089.33,Approved,0
APP_04525,Jonathan Morrison,64,Diploma,Salaried,34,1,Married,669009,16928,4,25087,238524,1038318,703,20,0,3,2,346641,12,Vehicle,55750.75,45.0,0.518,13735.75,Approved,0
APP_04526,Haley Hall,50,Diploma,Salaried,25,2,Single,481935,20441,0,0,216937,1373108,609,4,0,1,0,672484,12,Education,40161.25,0.0,1.395,19720.25,Rejected,0
APP_04527,Brittany Navarro,22,Graduate,Salaried,0,3,Married,565171,10293,2,21193,154763,2021322,684,4,0,6,0,423727,84,Vehicle,47097.58,45.0,0.75,15611.58,Rejected,0
APP_04528,Mr. Michael Bond,45,High School,Self-Employed,0,0,Single,774549,17937,4,29045,106232,3693086,717,3,0,6,2,686944,84,Business,64545.75,45.0,0.887,17563.75,Rejected,0
APP_04529,Jason Pratt,58,Graduate,Salaried,9,4,Married,694219,23086,3,25916,212846,704803,673,16,0,6,1,628310,36,Personal,57851.58,44.8,0.905,8849.58,Rejected,0
APP_04530,Jaclyn Bowers,44,High School,Business Owner,17,3,Married,269526,11563,3,10107,69592,1177296,724,24,1,6,0,174970,84,Business,22460.5,45.0,0.649,790.5,Rejected,1
APP_04531,Shelby Johnston,49,High School,Salaried,18,1,Married,636720,28602,2,21291,110585,919637,732,25,0,5,1,625482,120,Home,53060.0,40.13,0.982,3167.0,Rejected,0
APP_04532,Deborah Powers,25,Graduate,Salaried,0,0,Single,676662,14300,1,14602,59670,2552708,777,3,0,5,2,538526,60,Home,56388.5,25.9,0.796,27486.5,Approved,0
APP_04533,James Thompson,21,Diploma,Salaried,0,3,Married,666319,28885,2,24458,308263,1562141,730,3,0,4,2,1047759,120,Medical,55526.58,44.05,1.572,2183.58,Rejected,1
APP_04534,Jamie Wilson,37,Graduate,Salaried,13,2,Single,715796,14029,0,0,231913,3685888,640,3,1,6,1,337788,36,Home,59649.67,0.0,0.472,45620.67,Rejected,1
APP_04535,Michael Williams,53,High School,Business Owner,22,2,Married,180000,4395,1,6750,76733,496898,612,14,1,1,6,209438,120,Home,15000.0,45.0,1.164,3855.0,Rejected,1
APP_04536,William Cox,60,Diploma,Salaried,3,3,Married,635808,24184,3,23842,193076,1559756,617,8,1,5,3,456719,48,Business,52984.0,45.0,0.718,4958.0,Rejected,1
APP_04537,Jason Schultz,32,Graduate,Salaried,0,0,Married,490037,21074,2,17550,40493,949541,744,3,1,2,2,247142,120,Personal,40836.42,42.98,0.504,2212.42,Rejected,1
APP_04538,David Luna,34,High School,Salaried,2,0,Single,698469,13676,0,0,110201,2139927,683,6,0,5,1,695005,36,Vehicle,58205.75,0.0,0.995,44529.75,Approved,0
APP_04539,Julie Price,24,Postgraduate,Salaried,1,3,Single,857035,22090,0,0,271760,2633265,681,2,1,1,2,577678,48,Vehicle,71419.58,0.0,0.674,49329.58,Rejected,1
APP_04540,Matthew Evans,39,Graduate,Salaried,10,0,Married,616163,26333,3,23106,79021,1094789,645,20,1,7,1,50000,120,Personal,51346.92,45.0,0.081,1907.92,Rejected,1
APP_04541,Jonathan Miller,40,Diploma,Salaried,15,4,Single,829096,17361,0,0,177749,3861568,623,16,1,3,4,1123028,12,Home,69091.33,0.0,1.355,51730.33,Rejected,1
APP_04542,Amanda Carr,35,Diploma,Self-Employed,5,2,Married,1018691,26010,2,20235,395428,1204673,762,6,0,3,0,837679,60,Home,84890.92,23.84,0.822,38645.92,Approved,0
APP_04543,Austin Lewis,61,Graduate,Business Owner,30,1,Married,981966,36388,4,34578,200352,3838421,802,5,0,5,0,1338881,24,Vehicle,81830.5,42.26,1.363,10864.5,Approved,0
APP_04544,Natasha Newman,43,High School,Salaried,13,4,Married,410661,15085,4,15399,66143,778470,687,10,0,6,1,139104,48,Business,34221.75,45.0,0.339,3737.75,Rejected,0
APP_04545,Elizabeth Lewis,51,Graduate,Salaried,9,1,Married,514247,9534,3,19284,148837,1911787,534,8,1,6,2,663347,36,Medical,42853.92,45.0,1.29,14035.92,Rejected,1
APP_04546,Jesse Anderson,65,Graduate,Contract,13,1,Single,627993,20818,0,0,190490,1701812,617,25,1,6,2,586310,84,Medical,52332.75,0.0,0.934,31514.75,Rejected,1
APP_04547,Rhonda Johnson,39,High School,Salaried,19,4,Married,827335,36987,4,31025,158664,1804307,631,10,0,7,3,867875,120,Personal,68944.58,45.0,1.049,932.58,Rejected,1
APP_04548,Sharon Blanchard,46,Diploma,Salaried,17,3,Single,566727,10332,4,21252,177657,1510460,774,7,0,4,0,732758,36,Vehicle,47227.25,45.0,1.293,15643.25,Approved,0
APP_04549,Pamela Smith,36,Graduate,Business Owner,10,2,Married,806884,36710,2,16634,353755,2214784,775,10,0,3,1,719912,48,Education,67240.33,24.74,0.892,13896.33,Approved,0
APP_04550,Sarah Wallace,48,Postgraduate,Salaried,5,4,Married,761107,24161,1,16485,138900,1756655,634,8,0,7,0,963637,84,Vehicle,63425.58,25.99,1.266,22779.58,Approved,1
APP_04551,Michael Lin,62,High School,Salaried,12,2,Single,819429,30984,2,27272,10990,1740178,841,10,0,7,1,200095,12,Home,68285.75,39.94,0.244,10029.75,Approved,0
APP_04552,Annette Adams,40,Graduate,Salaried,6,4,Single,444158,18758,3,16655,184396,1289645,676,14,0,5,1,204041,60,Medical,37013.17,45.0,0.459,1600.17,Rejected,1
APP_04553,Kevin Lindsey,63,Graduate,Salaried,22,0,Married,676121,29724,0,0,192124,0,608,5,0,8,1,233641,24,Education,56343.42,0.0,0.346,26619.42,Approved,0
APP_04554,Amy Brown,39,Postgraduate,Contract,9,1,Married,726464,20847,2,26032,253377,733851,636,19,1,3,0,669385,48,Home,60538.67,43.0,0.921,13659.67,Rejected,1
APP_04555,Patrick Wallace,29,Graduate,Self-Employed,9,4,Single,640755,21139,0,0,276353,1287375,491,4,0,6,3,905799,24,Home,53396.25,0.0,1.414,32257.25,Rejected,0
APP_04556,Shannon Simon,31,Diploma,Contract,10,1,Married,465495,11585,1,11264,161170,1032854,611,12,1,2,1,496144,24,Home,38791.25,29.04,1.066,15942.25,Rejected,1
APP_04557,Leslie Hamilton,54,Graduate,Self-Employed,22,4,Single,885069,21003,0,0,468005,1084702,802,6,0,8,0,593667,84,Personal,73755.75,0.0,0.671,52752.75,Approved,0
APP_04558,Jennifer Perez,65,Graduate,Salaried,32,2,Married,741301,30583,4,27798,63830,2492325,836,14,1,6,0,630807,36,Business,61775.08,45.0,0.851,3394.08,Approved,1
APP_04559,Erin Villarreal,35,High School,Self-Employed,14,4,Married,665226,18706,4,24945,131528,1925965,664,4,0,2,1,656197,48,Personal,55435.5,45.0,0.986,11784.5,Approved,0
APP_04560,Edward Williams,62,Postgraduate,Salaried,14,4,Married,593664,15967,0,0,204230,673884,565,12,0,3,1,511334,36,Vehicle,49472.0,0.0,0.861,33505.0,Approved,1
APP_04561,John Perez,25,Graduate,Contract,2,4,Single,397300,8969,3,14898,159710,1118358,684,1,0,7,0,238424,48,Education,33108.33,45.0,0.6,9241.33,Approved,0
APP_04562,Amanda Lopez,37,Postgraduate,Self-Employed,15,3,Married,435365,19647,1,8984,112734,1511482,715,17,0,2,1,487526,84,Vehicle,36280.42,24.76,1.12,7649.42,Approved,0
APP_04563,Nancy Chapman,28,Postgraduate,Contract,3,3,Single,359768,11212,4,13491,157952,765328,598,3,0,1,2,295643,36,Vehicle,29980.67,45.0,0.822,5277.67,Rejected,1
APP_04564,Dawn Miller,31,Graduate,Contract,0,4,Married,421096,9299,4,15791,222968,1552528,601,3,1,4,0,228586,48,Vehicle,35091.33,45.0,0.543,10001.33,Rejected,1
APP_04565,David Porter,62,Graduate,Business Owner,7,1,Married,1003567,43437,1,7978,352543,1914414,623,12,1,8,0,1219235,24,Business,83630.58,9.54,1.215,32215.58,Rejected,0
APP_04566,Daniel Salinas,26,Postgraduate,Salaried,4,1,Married,674691,14312,4,25300,10000,1501716,682,3,1,2,2,571793,12,Home,56224.25,45.0,0.847,16612.25,Rejected,1
APP_04567,Gregory Munoz,39,Diploma,Salaried,17,0,Single,706453,14951,2,26132,186320,1735282,839,12,0,1,0,822500,12,Education,58871.08,44.39,1.164,17788.08,Approved,0
APP_04568,Michael Norris,56,Graduate,Salaried,10,4,Married,650518,14311,0,0,171589,1191663,670,14,0,8,3,474477,24,Vehicle,54209.83,0.0,0.729,39898.83,Approved,0
APP_04569,Regina Ellis,55,Postgraduate,Salaried,23,0,Married,409818,12517,2,15368,87276,905462,684,10,0,1,2,441026,12,Vehicle,34151.5,45.0,1.076,6266.5,Approved,0
APP_04570,Matthew Mcintosh,65,High School,Self-Employed,34,2,Single,624015,22801,2,19758,184189,1025748,635,19,1,3,4,666554,48,Personal,52001.25,38.0,1.068,9442.25,Rejected,1
APP_04571,James Vang,34,Graduate,Salaried,13,0,Single,459958,9578,4,17248,148752,753848,772,6,0,2,0,707128,48,Medical,38329.83,45.0,1.537,11503.83,Approved,0
APP_04572,Shawn Lane,52,Diploma,Salaried,21,4,Married,629476,19579,4,23605,243704,1387973,801,4,0,4,0,619335,12,Home,52456.33,45.0,0.984,9272.33,Approved,0
APP_04573,Elizabeth Cox,60,Postgraduate,Salaried,26,4,Married,475259,9780,0,0,24429,660025,706,2,0,3,1,433938,24,Medical,39604.92,0.0,0.913,29824.92,Approved,0
APP_04574,Mr. William Morton,54,High School,Salaried,21,3,Single,635714,14264,4,23839,287366,968972,718,2,0,8,2,819394,24,Home,52976.17,45.0,1.289,14873.17,Approved,0
APP_04575,Jeremy Booker,28,Graduate,Self-Employed,1,1,Married,973831,19419,1,15385,201959,2352698,796,7,0,7,0,799048,12,Personal,81152.58,18.96,0.821,46348.58,Approved,0
APP_04576,Brenda Lopez,45,Diploma,Salaried,9,3,Single,495559,9002,3,18583,107656,1222668,616,24,0,5,5,619379,60,Vehicle,41296.58,45.0,1.25,13711.58,Rejected,1
APP_04577,Nicole Kelley,49,High School,Salaried,24,1,Married,433689,11114,4,16263,140041,1250894,699,22,0,2,0,335762,84,Home,36140.75,45.0,0.774,8763.75,Approved,1
APP_04578,Samantha Moore,33,Graduate,Salaried,10,4,Married,367333,15393,1,13774,14241,1455166,693,3,1,3,0,478356,120,Home,30611.08,45.0,1.302,1444.08,Rejected,1
APP_04579,Ruth Sanchez,60,Postgraduate,Salaried,2,0,Married,919847,16749,4,34494,433099,2483981,620,6,0,1,2,1014799,24,Business,76653.92,45.0,1.103,25410.92,Rejected,1
APP_04580,Samuel Perez,58,High School,Self-Employed,16,0,Married,801904,15560,1,13962,296595,1902969,760,10,0,8,0,1136893,24,Vehicle,66825.33,20.89,1.418,37303.33,Approved,0
APP_04581,Carrie Rose,51,Graduate,Salaried,26,4,Single,797654,26866,1,17165,212614,1672002,716,22,0,2,0,1277111,36,Medical,66471.17,25.82,1.601,22440.17,Approved,0
APP_04582,Catherine Pitts,64,Diploma,Salaried,18,1,Married,704022,29268,4,26400,113879,664428,835,12,0,7,0,491316,12,Business,58668.5,45.0,0.698,3000.5,Approved,0
APP_04583,Susan Pierce,39,Postgraduate,Self-Employed,6,0,Single,533162,18229,3,19993,166730,897017,763,21,0,4,0,727492,24,Personal,44430.17,45.0,1.364,6208.17,Approved,0
APP_04584,Andrea Santiago,65,Graduate,Salaried,13,3,Single,433293,15079,2,16248,281287,184538,687,14,0,7,2,334758,12,Business,36107.75,45.0,0.773,4780.75,Rejected,1
APP_04585,Corey Long,64,High School,Salaried,17,1,Married,517288,9533,1,3450,170626,1532107,729,2,1,2,1,791772,12,Home,43107.33,8.0,1.531,30124.33,Rejected,1
APP_04586,Jamie Walker,30,Postgraduate,Salaried,3,0,Married,532790,11992,3,19979,269409,1661345,676,1,0,2,0,395647,12,Medical,44399.17,45.0,0.743,12428.17,Approved,1
APP_04587,Tracy Silva,59,Graduate,Business Owner,20,1,Married,954699,18248,4,35801,604402,2446916,767,16,0,8,0,406333,36,Business,79558.25,45.0,0.426,25509.25,Approved,0
APP_04588,Christopher Moore,42,Graduate,Business Owner,15,4,Married,765181,18524,4,28694,209223,2199611,660,3,0,8,1,844344,24,Home,63765.08,45.0,1.103,16547.08,Rejected,1
APP_04589,Terry Montes,34,Postgraduate,Salaried,1,2,Married,698679,16127,3,22700,276036,2651844,670,8,0,8,1,748442,84,Personal,58223.25,38.99,1.071,19396.25,Rejected,1
APP_04590,Diane Herrera,31,Graduate,Salaried,0,2,Married,814746,13621,3,27882,97743,980829,726,3,0,1,0,1370345,60,Vehicle,67895.5,41.07,1.682,26392.5,Approved,1
APP_04591,David Davis,23,Postgraduate,Self-Employed,2,0,Single,581200,17001,1,17135,189718,865913,650,3,0,8,3,772900,120,Vehicle,48433.33,35.38,1.33,14297.33,Rejected,0
APP_04592,Randy Davis,30,Postgraduate,Self-Employed,6,0,Married,476801,8279,2,17880,104568,801674,725,8,0,7,1,267901,48,Personal,39733.42,45.0,0.562,13574.42,Approved,0
APP_04593,Daniel Martinez,52,Diploma,Business Owner,22,3,Single,1042662,37433,1,7538,410303,1861721,727,9,0,1,1,508401,60,Vehicle,86888.5,8.68,0.488,41917.5,Approved,0
APP_04594,Anne Smith,30,Postgraduate,Salaried,6,2,Single,294521,8008,3,11044,25834,1081043,759,2,0,2,0,309951,84,Personal,24543.42,45.0,1.052,5491.42,Approved,0
APP_04595,Patrick Simpson,65,Graduate,Contract,1,0,Married,522571,17614,1,6908,208551,1468582,618,14,0,4,1,261125,120,Personal,43547.58,15.86,0.5,19025.58,Rejected,1
APP_04596,Michael Morgan,48,Postgraduate,Salaried,20,2,Married,669596,12990,3,25109,195271,2346043,622,16,1,2,6,925651,48,Vehicle,55799.67,45.0,1.382,17700.67,Rejected,1
APP_04597,Linda Cooper,64,Diploma,Contract,28,2,Married,339160,9103,0,0,205583,1031421,661,3,0,3,1,127486,48,Personal,28263.33,0.0,0.376,19160.33,Approved,0
APP_04598,Debbie Shaw,43,Graduate,Business Owner,8,4,Married,408542,16391,2,8430,89683,1209205,651,21,0,2,0,506865,48,Vehicle,34045.17,24.76,1.241,9224.17,Approved,0
APP_04599,Susan West,55,Graduate,Self-Employed,21,0,Single,364058,14928,1,8721,67248,766867,674,2,0,1,1,176503,48,Vehicle,30338.17,28.75,0.485,6689.17,Approved,0
APP_04600,Gabriel Goodwin,29,Graduate,Salaried,0,2,Married,646579,20587,0,0,398973,1430318,696,2,1,4,1,529215,60,Home,53881.58,0.0,0.818,33294.58,Rejected,0
APP_04601,Ernest Davis,55,High School,Business Owner,15,2,Single,1629149,71905,1,13282,321037,3565961,729,13,0,8,0,1478332,60,Home,135762.42,9.78,0.907,50575.42,Rejected,0
APP_04602,Mary Cooper,51,Diploma,Business Owner,30,2,Single,842321,23629,2,29457,221801,798538,598,2,0,1,1,1275277,60,Vehicle,70193.42,41.97,1.514,17107.42,Rejected,1
APP_04603,Jennifer Powell,25,Graduate,Salaried,0,3,Married,759834,29276,4,28493,128622,1747720,662,7,1,6,0,920670,24,Business,63319.5,45.0,1.212,5550.5,Rejected,1
APP_04604,Andrew Aguilar,41,High School,Business Owner,16,2,Single,482369,12668,1,9742,104503,1165860,702,19,1,4,1,560180,48,Home,40197.42,24.24,1.161,17787.42,Rejected,0
APP_04605,Timothy Snow,61,Graduate,Self-Employed,17,2,Married,324899,12526,0,0,18404,486367,626,21,0,3,0,386228,48,Business,27074.92,0.0,1.189,14548.92,Approved,0
APP_04606,Ms. Jennifer Cross,24,Graduate,Business Owner,3,4,Married,760652,27319,4,28524,287979,2735791,685,6,0,6,1,629755,48,Business,63387.67,45.0,0.828,7544.67,Approved,0
APP_04607,Bryan Gray,34,Postgraduate,Self-Employed,3,1,Married,640928,16511,3,24034,224683,799841,589,1,0,5,1,851322,36,Education,53410.67,45.0,1.328,12865.67,Rejected,1
APP_04608,Tara Larsen,64,Diploma,Salaried,6,2,Married,766458,18331,0,0,212632,2119028,719,9,0,6,2,266685,84,Medical,63871.5,0.0,0.348,45540.5,Approved,0
APP_04609,Michele Hubbard,40,Postgraduate,Business Owner,7,2,Married,1023533,28822,2,30584,393643,4292747,644,19,1,1,5,849329,36,Medical,85294.42,35.86,0.83,25888.42,Rejected,1
APP_04610,Troy Johnson,24,Graduate,Salaried,2,4,Married,881121,27754,4,33042,415325,3470652,636,2,0,3,5,1025333,24,Personal,73426.75,45.0,1.164,12630.75,Approved,1
APP_04611,Sandra Smith,46,Graduate,Salaried,3,2,Single,699374,14460,3,26226,65792,1414849,623,16,0,8,6,947936,84,Business,58281.17,45.0,1.355,17595.17,Rejected,1
APP_04612,Kathryn Knight,52,Graduate,Salaried,16,0,Married,975908,44024,1,4384,110943,3498585,788,7,0,5,1,1305738,84,Vehicle,81325.67,5.39,1.338,32917.67,Approved,0
APP_04613,Nancy Knight DDS,34,Diploma,Contract,7,4,Married,524603,10200,3,19672,257623,1360348,678,16,0,8,0,543829,24,Business,43716.92,45.0,1.037,13844.92,Rejected,0
APP_04614,Alejandro Williams,50,Postgraduate,Salaried,12,0,Married,431556,13165,4,16183,239345,930224,679,3,0,3,0,239674,60,Personal,35963.0,45.0,0.555,6615.0,Approved,0
APP_04615,Crystal Simmons,35,Graduate,Self-Employed,9,1,Married,949229,40276,2,20488,319159,1747986,705,6,1,6,0,635468,24,Medical,79102.42,25.9,0.669,18338.42,Rejected,0
APP_04616,Kathryn Jones,38,Diploma,Salaried,6,3,Married,708541,19293,0,0,150963,2432642,498,6,1,2,4,668232,12,Vehicle,59045.08,0.0,0.943,39752.08,Approved,1
APP_04617,Gerald Romero,56,Graduate,Contract,3,0,Married,771578,18803,3,28934,67509,1599308,704,14,0,6,1,1078323,60,Personal,64298.17,45.0,1.398,16561.17,Rejected,1
APP_04618,Peter Roberts,31,Postgraduate,Salaried,1,2,Married,638050,10683,3,23926,328636,1452567,667,10,1,6,1,363485,12,Home,53170.83,45.0,0.57,18561.83,Rejected,1
APP_04619,Walter Garcia,25,Graduate,Self-Employed,3,1,Single,723993,12228,2,19754,138549,3318148,630,4,1,8,3,716624,120,Personal,60332.75,32.74,0.99,28350.75,Rejected,1
APP_04620,Shawn Hall,26,Graduate,Salaried,3,0,Married,680546,13636,1,15398,207027,2370261,682,3,0,6,4,961630,84,Business,56712.17,27.15,1.413,27678.17,Rejected,1
APP_04621,Rachel Webster,47,High School,Salaried,0,4,Married,869671,15240,1,7636,229830,2837363,783,3,0,5,1,1056011,36,Home,72472.58,10.54,1.214,49596.58,Approved,0
APP_04622,Jessica Adams,65,Postgraduate,Contract,22,1,Married,475212,8693,3,17820,128030,1266929,665,18,0,6,0,383611,24,Medical,39601.0,45.0,0.807,13088.0,Approved,0
APP_04623,James Bentley,55,Graduate,Business Owner,33,1,Married,672966,23353,4,25236,463830,1046024,850,11,0,5,0,450200,120,Home,56080.5,45.0,0.669,7491.5,Approved,0
APP_04624,Ms. Helen Yates,52,Graduate,Contract,8,4,Single,379414,12857,4,14228,69353,915205,661,12,0,6,2,436159,84,Personal,31617.83,45.0,1.15,4532.83,Rejected,1
APP_04625,Wayne Hall,65,Postgraduate,Salaried,6,2,Married,618036,12986,4,23176,125405,1142867,666,13,1,5,1,197461,120,Vehicle,51503.0,45.0,0.319,15341.0,Rejected,1
APP_04626,Michael Morales,31,Graduate,Salaried,3,1,Single,907555,35812,2,16562,64153,2753186,653,11,0,6,0,794163,24,Business,75629.58,21.9,0.875,23255.58,Approved,0
APP_04627,Susan Browning,53,Graduate,Self-Employed,14,3,Married,426488,19153,0,0,11021,569657,768,10,0,5,1,626947,60,Home,35540.67,0.0,1.47,16387.67,Approved,0
APP_04628,Megan Jones,55,Postgraduate,Salaried,3,2,Married,836984,28663,2,15009,274482,2169357,648,19,0,2,3,1140610,60,Education,69748.67,21.52,1.363,26076.67,Rejected,1
APP_04629,Sarah Adkins,49,Graduate,Business Owner,3,0,Single,882556,29707,0,0,427458,1765265,611,4,0,3,0,687851,120,Home,73546.33,0.0,0.779,43839.33,Approved,0
APP_04630,Debra Reyes,53,Graduate,Salaried,1,2,Married,1062341,33121,1,7600,47677,3517687,797,21,0,5,0,919534,120,Vehicle,88528.42,8.58,0.866,47807.42,Approved,0
APP_04631,Marissa Patel,53,High School,Salaried,17,3,Married,811037,24397,0,0,190119,3089592,835,6,0,3,0,865637,84,Business,67586.42,0.0,1.067,43189.42,Approved,0
APP_04632,George Cox,61,Graduate,Self-Employed,26,0,Single,798094,15574,3,18167,369276,870952,724,19,0,4,3,1031061,24,Home,66507.83,27.32,1.292,32766.83,Approved,0
APP_04633,Deborah Vasquez,27,Graduate,Salaried,1,4,Married,599082,19061,0,0,178011,2184311,725,5,0,2,0,300939,84,Medical,49923.5,0.0,0.502,30862.5,Approved,0
APP_04634,Kelsey Johnson,35,Graduate,Business Owner,8,0,Married,290634,5026,4,10898,154430,1321980,569,13,1,2,3,226129,60,Vehicle,24219.5,45.0,0.778,8295.5,Rejected,1
APP_04635,John Scott,40,Diploma,Salaried,15,3,Married,512728,11483,4,19227,154845,1555233,564,5,0,4,4,419696,24,Personal,42727.33,45.0,0.819,12017.33,Rejected,1
APP_04636,Rachel Stevenson,22,Diploma,Self-Employed,1,3,Married,1055357,31185,2,19249,260680,867589,728,3,0,2,1,667567,84,Home,87946.42,21.89,0.633,37512.42,Approved,0
APP_04637,Jake Morales,57,Graduate,Business Owner,2,3,Single,1649813,41683,2,20254,312351,3759328,758,25,1,7,0,741222,84,Business,137484.42,14.73,0.449,75547.42,Approved,0
APP_04638,Tracy Crane,43,Diploma,Business Owner,21,2,Married,1195003,23148,4,44812,427617,2124654,669,10,1,3,3,192470,24,Business,99583.58,45.0,0.161,31623.58,Rejected,1
APP_04639,Sarah Sloan,28,Diploma,Salaried,6,3,Single,706982,18639,3,26511,120038,2247174,705,3,0,1,1,529059,60,Business,58915.17,45.0,0.748,13765.17,Rejected,0
APP_04640,Dorothy Sherman,31,Graduate,Self-Employed,2,0,Married,1045968,40719,2,24325,219878,4633604,635,1,1,1,5,955096,36,Personal,87164.0,27.91,0.913,22120.0,Rejected,1
APP_04641,Crystal Diaz,58,Graduate,Salaried,0,4,Married,498618,9345,4,18698,197205,1566321,647,4,0,5,4,313115,24,Personal,41551.5,45.0,0.628,13508.5,Rejected,1
APP_04642,Matthew Thompson,42,Graduate,Salaried,16,0,Married,608062,21936,2,22802,240768,2391172,774,5,0,1,0,751797,24,Vehicle,50671.83,45.0,1.236,5933.83,Approved,0
APP_04643,Angela Parker,57,Graduate,Salaried,8,4,Single,835618,26826,4,28623,10000,2613613,626,17,0,8,3,455010,84,Personal,69634.83,41.1,0.545,14185.83,Rejected,0
APP_04644,Matthew Price,26,Graduate,Salaried,2,1,Single,259161,8821,1,9718,67778,588745,621,1,1,7,5,257425,60,Home,21596.75,45.0,0.993,3057.75,Rejected,1
APP_04645,Gabrielle Gamble,36,Graduate,Business Owner,7,4,Married,1341619,41018,2,18770,208442,2274461,636,1,1,1,1,1420010,36,Education,111801.58,16.79,1.058,52013.58,Rejected,1
APP_04646,Michael Cunningham,30,High School,Salaried,6,1,Married,265886,10427,2,9970,109214,757586,764,2,0,4,1,177600,48,Personal,22157.17,45.0,0.668,1760.17,Approved,0
APP_04647,Robert Lewis,53,High School,Business Owner,20,1,Single,938465,28058,3,35192,198249,2630645,666,13,1,7,2,1439215,120,Medical,78205.42,45.0,1.534,14955.42,Rejected,1
APP_04648,Anna Mcpherson,48,Graduate,Salaried,1,4,Married,877001,33593,0,0,198147,2213346,725,7,0,7,1,523161,84,Vehicle,73083.42,0.0,0.597,39490.42,Approved,0
APP_04649,Steve Smith,54,Postgraduate,Self-Employed,32,0,Single,839415,18105,1,10271,33835,2400507,675,17,0,6,0,695389,12,Personal,69951.25,14.68,0.828,41575.25,Approved,0
APP_04650,John Smith,56,Postgraduate,Salaried,0,0,Married,923430,22323,1,8489,282484,3032086,787,19,0,1,0,599866,24,Vehicle,76952.5,11.03,0.65,46140.5,Approved,0
APP_04651,Marcus Washington,62,Graduate,Salaried,33,4,Married,581590,18099,2,10032,127966,1004522,693,14,0,1,0,612035,24,Personal,48465.83,20.7,1.052,20334.83,Approved,0
APP_04652,Patricia Williams,64,Diploma,Self-Employed,26,0,Single,750511,33524,2,22421,205023,2998447,719,9,0,6,1,452236,36,Medical,62542.58,35.85,0.603,6597.58,Approved,0
APP_04653,Kelly Marshall,63,High School,Contract,4,3,Married,396693,16206,4,14875,10000,979258,624,7,1,3,4,286549,120,Education,33057.75,45.0,0.722,1976.75,Rejected,1
APP_04654,Russell Bridges,28,Graduate,Salaried,3,4,Married,623900,18383,1,8890,78621,1189381,731,10,0,1,1,467864,84,Vehicle,51991.67,17.1,0.75,24718.67,Approved,0
APP_04655,Jeffrey Lane,39,Postgraduate,Self-Employed,9,3,Married,487574,13573,1,4395,268728,1097590,633,1,0,7,4,342672,60,Vehicle,40631.17,10.82,0.703,22663.17,Rejected,0
APP_04656,Amanda Smith,52,Graduate,Self-Employed,10,4,Married,635448,20605,0,0,230832,1038979,733,19,0,2,1,233445,24,Personal,52954.0,0.0,0.367,32349.0,Approved,0
APP_04657,Jason Duke,33,Graduate,Self-Employed,10,1,Married,540111,18244,4,20254,81336,922622,525,13,0,2,1,298596,84,Business,45009.25,45.0,0.553,6511.25,Rejected,1
APP_04658,Austin Hamilton,41,High School,Salaried,8,3,Married,669625,27072,0,0,51870,2838519,722,7,0,4,2,905022,84,Vehicle,55802.08,0.0,1.352,28730.08,Approved,0
APP_04659,Stacy Dickson,48,Graduate,Contract,20,0,Married,505970,10959,3,18973,155974,1626515,727,18,0,7,1,337748,60,Home,42164.17,45.0,0.668,12232.17,Rejected,0
APP_04660,Amber Rice,54,Postgraduate,Salaried,15,1,Married,487232,18842,3,18271,157496,1774642,719,15,0,8,1,288853,84,Home,40602.67,45.0,0.593,3489.67,Approved,1
APP_04661,Jerry Phillips,50,Graduate,Salaried,0,3,Single,646912,11608,3,24259,174424,2468451,778,2,0,5,0,489352,36,Business,53909.33,45.0,0.756,18042.33,Approved,0
APP_04662,Laurie Hall,24,Postgraduate,Contract,0,4,Married,715061,20715,2,26814,229113,1681919,670,5,0,3,1,523493,84,Business,59588.42,45.0,0.732,12059.42,Approved,0
APP_04663,Tracy Fritz,44,Diploma,Salaried,24,1,Married,651046,25278,1,17737,86677,2356944,726,11,1,1,0,1093912,12,Home,54253.83,32.69,1.68,11238.83,Rejected,1
APP_04664,John Mitchell,65,Diploma,Self-Employed,21,3,Married,345089,6577,1,9963,73644,498681,685,12,0,7,0,83637,60,Home,28757.42,34.64,0.242,12217.42,Approved,0
APP_04665,Jean Cohen,34,Graduate,Salaried,0,0,Single,890972,29666,3,28557,272260,1721151,799,15,0,7,0,234235,60,Personal,74247.67,38.46,0.263,16024.67,Approved,0
APP_04666,Leslie Parsons,35,High School,Self-Employed,8,1,Married,801374,24242,0,0,187724,2840078,739,14,0,5,0,589108,60,Vehicle,66781.17,0.0,0.735,42539.17,Approved,0
APP_04667,Kimberly Moreno,49,Postgraduate,Business Owner,9,1,Single,283713,8174,1,10639,68479,1042357,680,12,0,4,1,331356,48,Education,23642.75,45.0,1.168,4829.75,Rejected,1
APP_04668,Amy Preston,52,Diploma,Salaried,11,2,Married,790601,25521,3,26419,256003,1767814,730,19,0,4,0,952622,120,Vehicle,65883.42,40.1,1.205,13943.42,Approved,0
APP_04669,Morgan Wright,46,High School,Salaried,20,2,Married,774175,33047,1,15161,22400,913694,767,24,0,6,0,865757,60,Home,64514.58,23.5,1.118,16306.58,Approved,0
APP_04670,James Carrillo,37,Postgraduate,Salaried,4,2,Single,652490,28917,0,0,217363,2078814,650,6,0,3,0,712740,60,Business,54374.17,0.0,1.092,25457.17,Approved,0
APP_04671,Jessica Cox,26,Graduate,Salaried,2,4,Married,513809,15209,1,6898,202499,1623592,628,2,0,8,0,390450,48,Personal,42817.42,16.11,0.76,20710.42,Approved,0
APP_04672,Joshua Moreno,21,Graduate,Contract,0,3,Single,562967,23775,4,21111,241494,1287311,709,3,0,7,1,317482,48,Education,46913.92,45.0,0.564,2027.92,Approved,0
APP_04673,Angela Wood,32,Graduate,Salaried,10,3,Single,706477,23436,2,8695,131509,814962,785,10,0,5,1,857742,24,Vehicle,58873.08,14.77,1.214,26742.08,Approved,0
APP_04674,Brandi Holland,62,Graduate,Self-Employed,21,2,Married,700446,25505,1,11442,334243,2300898,699,13,0,2,1,472526,36,Vehicle,58370.5,19.6,0.675,21423.5,Approved,0
APP_04675,Maria Stanley,38,Graduate,Salaried,14,2,Married,980761,21857,4,36778,363529,3737995,667,6,0,4,1,535018,12,Business,81730.08,45.0,0.546,23095.08,Rejected,0
APP_04676,Daniel Nguyen,28,Graduate,Salaried,3,4,Single,602249,26565,3,22584,229688,1128843,772,3,0,1,0,888090,84,Personal,50187.42,45.0,1.475,1038.42,Approved,0
APP_04677,Zachary Parks,48,Diploma,Salaried,12,0,Married,870205,24636,3,32632,196063,2388725,601,12,0,4,1,280404,84,Home,72517.08,45.0,0.322,15249.08,Rejected,0
APP_04678,Deborah Dillon,41,Graduate,Contract,9,4,Married,477375,16614,4,17901,237578,838390,609,14,0,4,4,273441,48,Education,39781.25,45.0,0.573,5266.25,Rejected,1
APP_04679,Frank Bennett,53,Graduate,Salaried,17,4,Married,726448,22713,0,0,282434,2637005,741,8,0,8,1,909356,60,Medical,60537.33,0.0,1.252,37824.33,Approved,0
APP_04680,Catherine Ayers,23,Graduate,Salaried,0,4,Single,749395,33450,0,0,151320,2363654,771,5,0,8,1,641437,84,Vehicle,62449.58,0.0,0.856,28999.58,Approved,0
APP_04681,Stephanie Banks,50,Graduate,Salaried,19,4,Married,420032,8099,4,15751,117076,1135685,716,4,1,8,1,372495,36,Education,35002.67,45.0,0.887,11152.67,Rejected,0
APP_04682,Michael Montes,39,High School,Self-Employed,17,1,Married,890977,18965,2,13891,250404,463118,692,6,0,5,0,855108,24,Vehicle,74248.08,18.71,0.96,41392.08,Approved,0
APP_04683,Bradley Hicks,42,Postgraduate,Business Owner,2,2,Married,869743,39134,0,0,430113,1930300,568,5,0,3,2,1372531,36,Education,72478.58,0.0,1.578,33344.58,Rejected,1
APP_04684,Jacqueline Ruiz,26,Diploma,Self-Employed,4,4,Married,517117,17140,2,15537,143312,933754,766,5,1,5,0,302633,36,Personal,43093.08,36.05,0.585,10416.08,Approved,1
APP_04685,George Olsen,24,Graduate,Business Owner,2,1,Married,851747,33643,3,31940,229957,2795790,683,6,0,4,2,1095290,120,Business,70978.92,45.0,1.286,5395.92,Rejected,1
APP_04686,Thomas Hall,48,Postgraduate,Salaried,26,3,Married,795748,25026,4,29840,374307,2340686,711,25,0,1,1,1034826,36,Personal,66312.33,45.0,1.3,11446.33,Rejected,0
APP_04687,Kenneth Hall,51,Graduate,Salaried,17,3,Married,980898,21113,3,23975,221073,4190192,603,9,1,4,5,607028,36,Personal,81741.5,29.33,0.619,36653.5,Rejected,1
APP_04688,Jeffrey Rodriguez,45,High School,Self-Employed,12,1,Married,672697,18858,3,25226,337283,892036,700,22,1,5,1,830972,12,Business,56058.08,45.0,1.235,11974.08,Rejected,1
APP_04689,Katherine Holland,29,Graduate,Salaried,9,2,Married,484677,8795,1,13127,53900,951823,629,11,1,1,2,445214,120,Business,40389.75,32.5,0.919,18467.75,Rejected,1
APP_04690,Kimberly Perez,33,Postgraduate,Contract,6,0,Single,370989,11739,0,0,238149,1534067,592,13,0,5,3,406141,12,Vehicle,30915.75,0.0,1.095,19176.75,Rejected,1
APP_04691,James Lopez,38,High School,Business Owner,1,4,Single,946158,37085,1,14818,414292,2227104,545,7,0,3,3,788329,84,Home,78846.5,18.79,0.833,26943.5,Rejected,1
APP_04692,Nicole Sanders,24,Graduate,Salaried,3,4,Single,496020,9191,0,0,105498,707330,661,3,0,1,1,309321,60,Home,41335.0,0.0,0.624,32144.0,Approved,0
APP_04693,Justin Stark,64,Postgraduate,Salaried,3,2,Married,278461,10161,4,10442,95041,1215599,706,20,0,2,0,115482,60,Personal,23205.08,45.0,0.415,2602.08,Approved,0
APP_04694,Wesley Johnson,34,Graduate,Salaried,10,4,Married,218980,8043,0,0,27717,705634,755,4,0,7,1,71648,36,Personal,18248.33,0.0,0.327,10205.33,Approved,0
APP_04695,Miguel Duffy,44,Graduate,Self-Employed,1,2,Married,906158,21589,0,0,302714,3638917,778,18,0,3,0,1215713,24,Personal,75513.17,0.0,1.342,53924.17,Approved,1
APP_04696,Joy Robinson,41,Diploma,Business Owner,9,3,Married,551830,10430,3,20693,134726,1204445,629,23,0,1,1,626259,48,Medical,45985.83,45.0,1.135,14862.83,Approved,1
APP_04697,Robert Wall,65,Diploma,Self-Employed,5,0,Single,686891,24018,3,25758,162869,1133053,617,7,0,1,3,436209,24,Business,57240.92,45.0,0.635,7464.92,Rejected,1
APP_04698,Nicole Lane,28,Graduate,Salaried,1,4,Single,373193,15937,1,9162,232154,914028,718,2,1,2,3,320188,120,Personal,31099.42,29.46,0.858,6000.42,Rejected,1
APP_04699,Danielle Perez,23,High School,Business Owner,1,2,Single,884710,18998,3,33176,333125,2190386,599,3,0,1,0,1433598,36,Home,73725.83,45.0,1.62,21551.83,Rejected,1
APP_04700,Amber Cox,64,Graduate,Salaried,8,4,Single,703022,20161,0,0,168691,2036313,577,2,1,8,0,821716,24,Vehicle,58585.17,0.0,1.169,38424.17,Rejected,1
APP_04701,Latasha Smith,33,Postgraduate,Salaried,8,2,Single,781411,22075,2,23211,320021,1671627,751,4,0,5,1,1089132,24,Medical,65117.58,35.64,1.394,19831.58,Rejected,0
APP_04702,Ann Brooks,49,Diploma,Self-Employed,26,0,Single,986659,20646,4,32830,109423,2355742,761,12,0,3,0,1434110,84,Education,82221.58,39.93,1.454,28745.58,Approved,0
APP_04703,Matthew Garcia,29,Graduate,Self-Employed,1,1,Married,802186,15554,0,0,386072,2172204,661,10,0,8,4,960034,120,Home,66848.83,0.0,1.197,51294.83,Approved,0
APP_04704,Jimmy Davis,63,Graduate,Salaried,7,2,Married,895917,28612,0,0,284046,798995,655,1,0,7,4,958522,36,Business,74659.75,0.0,1.07,46047.75,Approved,0
APP_04705,Christine Obrien,24,Graduate,Contract,3,1,Married,439106,10629,4,16466,273825,1173656,690,1,0,6,3,411000,24,Home,36592.17,45.0,0.936,9497.17,Rejected,1
APP_04706,Christopher Martinez,61,Postgraduate,Business Owner,33,1,Single,972768,28698,1,6385,361440,491783,762,16,0,3,1,1555408,60,Personal,81064.0,7.88,1.599,45981.0,Approved,0
APP_04707,Mikayla Green,22,Graduate,Self-Employed,2,2,Single,863555,20361,4,32383,231567,665649,831,1,0,7,0,891931,36,Personal,71962.92,45.0,1.033,19218.92,Approved,0
APP_04708,Jared Mendez,40,Diploma,Self-Employed,8,1,Married,723149,18490,4,20433,297621,1233294,668,21,0,1,2,892879,36,Vehicle,60262.42,33.91,1.235,21339.42,Approved,0
APP_04709,Abigail Morton,37,Graduate,Salaried,1,3,Married,696105,21256,2,20280,199149,1640076,634,2,0,6,1,622567,120,Personal,58008.75,34.96,0.894,16472.75,Approved,0
APP_04710,Maurice Simon,47,Graduate,Salaried,22,2,Married,635728,21574,1,12816,225074,2531770,572,10,1,5,0,752177,120,Medical,52977.33,24.19,1.183,18587.33,Rejected,1
APP_04711,Keith Franklin,55,High School,Salaried,15,1,Married,562216,21738,1,17011,181671,2045699,770,3,0,7,0,355890,48,Home,46851.33,36.31,0.633,8102.33,Approved,0
APP_04712,Rachael Mcdonald,53,Graduate,Salaried,24,1,Married,618431,23472,0,0,328921,2393056,807,21,0,8,0,652400,48,Home,51535.92,0.0,1.055,28063.92,Approved,0
APP_04713,Jeremy Hale,39,Graduate,Salaried,17,1,Single,534309,10375,4,20036,140104,2414716,575,7,0,4,0,369208,24,Business,44525.75,45.0,0.691,14114.75,Rejected,1
APP_04714,Katrina Jackson,64,High School,Salaried,24,3,Married,562219,19484,3,21083,263918,1882775,706,1,0,8,2,635180,36,Vehicle,46851.58,45.0,1.13,6284.58,Approved,1
APP_04715,Rebecca Taylor,24,Diploma,Salaried,1,0,Single,466901,17394,2,17508,214485,515058,748,3,1,7,2,238123,12,Home,38908.42,45.0,0.51,4006.42,Rejected,1
APP_04716,Laura Nichols,56,Diploma,Salaried,22,3,Married,610536,17276,0,0,216054,1014782,678,8,0,6,0,206545,120,Vehicle,50878.0,0.0,0.338,33602.0,Approved,1
APP_04717,Mario Joyce,41,Graduate,Salaried,4,1,Married,706120,13271,2,20040,137938,2458140,682,13,0,8,1,682364,36,Vehicle,58843.33,34.06,0.966,25532.33,Rejected,0
APP_04718,Lauren Patel,63,Graduate,Salaried,15,3,Single,599848,24732,3,22494,301103,2265552,630,20,1,6,2,659043,120,Vehicle,49987.33,45.0,1.099,2761.33,Rejected,1
APP_04719,Lisa Murray,41,High School,Self-Employed,19,4,Married,1024373,44124,0,0,541957,1945824,690,13,0,8,3,866537,48,Education,85364.42,0.0,0.846,41240.42,Approved,0
APP_04720,Shane Johnson,29,Diploma,Business Owner,3,1,Married,1125013,36950,1,9156,157657,2349907,725,1,0,4,1,1108184,60,Vehicle,93751.08,9.77,0.985,47645.08,Approved,0
APP_04721,Teresa Bird,26,Postgraduate,Self-Employed,5,4,Married,509167,16131,2,19093,146250,1198521,632,7,1,3,0,386853,12,Home,42430.58,45.0,0.76,7206.58,Rejected,1
APP_04722,Tamara Johnson,33,Postgraduate,Business Owner,2,3,Married,1215404,24190,2,13052,512931,2879541,638,7,1,3,5,611425,84,Vehicle,101283.67,12.89,0.503,64041.67,Rejected,1
APP_04723,Rose Martin,60,High School,Salaried,27,4,Single,694525,21787,3,25687,285832,1676232,658,17,0,3,0,420131,36,Personal,57877.08,44.38,0.605,10403.08,Approved,0
APP_04724,Troy Wise,64,Postgraduate,Salaried,21,0,Single,658399,11106,0,0,202259,1336913,802,10,0,7,1,616490,84,Personal,54866.58,0.0,0.936,43760.58,Approved,0
APP_04725,Mary Garcia,26,High School,Salaried,2,1,Married,696854,19032,1,13912,158997,1351424,655,6,0,4,0,230402,24,Business,58071.17,23.96,0.331,25127.17,Approved,0
APP_04726,Tracy Barrera,64,Graduate,Salaried,2,3,Single,879417,39653,2,19269,187856,2885564,739,20,0,7,2,536125,12,Vehicle,73284.75,26.29,0.61,14362.75,Approved,0
APP_04727,Shirley Torres,40,Graduate,Self-Employed,10,2,Single,1008616,42518,2,14945,348329,1941228,689,10,1,7,3,1348495,36,Vehicle,84051.33,17.78,1.337,26588.33,Rejected,0
APP_04728,Joshua Young,49,Graduate,Self-Employed,16,0,Married,180000,6744,3,6750,64966,545824,784,10,0,4,1,87437,24,Personal,15000.0,45.0,0.486,1506.0,Approved,1
APP_04729,Ashley Molina,63,High School,Salaried,9,2,Married,675574,16989,0,0,208224,1901617,695,23,0,7,1,632196,60,Home,56297.83,0.0,0.936,39308.83,Approved,0
APP_04730,Emily Reeves,26,Graduate,Contract,4,3,Married,536155,23052,3,20105,131298,1621509,579,1,0,7,5,710721,24,Personal,44679.58,45.0,1.326,1522.58,Rejected,1
APP_04731,Michelle Horton,49,Postgraduate,Salaried,2,4,Single,885484,34004,3,32920,329535,4937083,728,22,1,6,0,1053335,48,Medical,73790.33,44.61,1.19,6866.33,Approved,1
APP_04732,Daniel Smith,53,Diploma,Salaried,6,0,Single,554205,23688,4,20782,42556,1557929,646,4,0,7,3,816097,12,Personal,46183.75,45.0,1.473,1713.75,Rejected,1
APP_04733,Hannah Taylor,53,Graduate,Salaried,28,4,Married,686224,16648,2,15739,233928,481143,553,16,1,1,2,831132,60,Medical,57185.33,27.52,1.211,24798.33,Rejected,1
APP_04734,Sonya Santana,61,High School,Business Owner,21,3,Married,830551,28784,0,0,135054,4360016,617,15,1,8,4,826266,36,Business,69212.58,0.0,0.995,40428.58,Rejected,1
APP_04735,Yvonne Villanueva,57,High School,Business Owner,13,1,Single,1245640,55684,3,28339,516199,2823735,680,16,1,7,0,1765759,24,Personal,103803.33,27.3,1.418,19780.33,Rejected,1
APP_04736,Melissa Pearson,62,Graduate,Salaried,15,3,Single,724913,19913,4,27184,263918,498388,608,20,0,1,5,967022,24,Personal,60409.42,45.0,1.334,13312.42,Rejected,1
APP_04737,Eduardo Young,28,Postgraduate,Self-Employed,8,4,Single,999049,18610,0,0,107937,1983250,690,7,0,1,2,883617,12,Home,83254.08,0.0,0.884,64644.08,Approved,0
APP_04738,Scott Daniels,40,Graduate,Self-Employed,2,3,Single,1044253,38068,3,33147,264057,3307231,705,14,1,5,1,782067,60,Personal,87021.08,38.09,0.749,15806.08,Rejected,1
APP_04739,Melissa Spears,35,High School,Business Owner,7,1,Single,600150,19826,0,0,100976,1139626,656,4,1,1,0,363328,60,Personal,50012.5,0.0,0.605,30186.5,Approved,0
APP_04740,Donald Davis,51,Graduate,Business Owner,15,0,Married,1344181,34733,2,17844,600353,3238063,659,24,0,2,3,1405667,60,Business,112015.08,15.93,1.046,59438.08,Rejected,0
APP_04741,Melody Graves,52,Graduate,Salaried,3,0,Married,696429,23743,1,12963,230103,2372223,633,22,1,4,5,1049363,84,Vehicle,58035.75,22.34,1.507,21329.75,Rejected,1
APP_04742,Danielle Cortez,39,High School,Contract,7,4,Married,292311,6048,0,0,30838,656963,677,14,1,8,1,88098,36,Medical,24359.25,0.0,0.301,18311.25,Approved,0
APP_04743,Michael Phillips,51,Graduate,Salaried,7,0,Married,382979,13627,4,14361,172055,439999,662,21,0,6,1,327616,48,Education,31914.92,45.0,0.855,3926.92,Rejected,0
APP_04744,Kelsey Harrison,27,High School,Salaried,4,0,Single,449205,12851,4,16845,76461,1184577,685,1,0,8,0,392303,36,Business,37433.75,45.0,0.873,7737.75,Approved,0
APP_04745,Matthew Cooper,51,Diploma,Salaried,19,4,Married,911960,33541,0,0,367296,1983084,850,4,0,2,0,176701,24,Education,75996.67,0.0,0.194,42455.67,Approved,0
APP_04746,Lauren Gonzales,65,Graduate,Salaried,8,3,Married,772748,23888,3,26442,193660,1938494,643,15,0,4,1,617496,12,Business,64395.67,41.06,0.799,14065.67,Rejected,1
APP_04747,Jose Wilson,56,Postgraduate,Salaried,3,0,Single,846147,28916,3,26119,125339,898853,757,11,0,5,0,857269,120,Personal,70512.25,37.04,1.013,15477.25,Approved,1
APP_04748,Gary Hall,41,Postgraduate,Salaried,4,1,Married,470230,11711,2,17633,165215,824208,589,22,0,1,1,405556,36,Business,39185.83,45.0,0.862,9841.83,Rejected,1
APP_04749,Chad Jenkins,35,Graduate,Salaried,15,2,Single,674810,28918,4,24678,144300,1939035,627,3,0,2,4,846625,84,Home,56234.17,43.88,1.255,2638.17,Rejected,1
APP_04750,Amanda Pineda,35,High School,Business Owner,13,2,Single,940317,20172,1,11854,322292,2464907,761,9,0,5,0,515486,36,Home,78359.75,15.13,0.548,46333.75,Approved,0
APP_04751,Sally Long,62,Diploma,Self-Employed,4,1,Married,704462,17926,1,8173,193694,3273489,698,5,0,7,0,925734,84,Education,58705.17,13.92,1.314,32606.17,Rejected,1
APP_04752,Lance Garza,59,High School,Salaried,25,1,Single,774546,20292,0,0,324541,1999586,653,18,1,2,2,415386,36,Vehicle,64545.5,0.0,0.536,44253.5,Rejected,1
APP_04753,Jose Cook,65,Postgraduate,Salaried,22,1,Married,826594,29122,0,0,554700,544810,735,6,1,8,2,800503,24,Business,68882.83,0.0,0.968,39760.83,Approved,0
APP_04754,Lisa Zhang,30,High School,Business Owner,4,4,Married,1008519,32595,3,24166,686894,3251749,675,1,0,8,2,483554,12,Home,84043.25,28.75,0.479,27282.25,Rejected,0
APP_04755,Rebecca Clark,57,Postgraduate,Salaried,31,1,Married,665007,18095,1,3460,169594,1547968,606,5,0,1,0,498375,24,Vehicle,55417.25,6.24,0.749,33862.25,Approved,0
APP_04756,Beth Price,21,Graduate,Salaried,1,3,Single,695530,20191,3,26082,203836,2075819,670,3,0,2,0,427395,12,Personal,57960.83,45.0,0.614,11687.83,Rejected,0
APP_04757,Richard Mays,61,Graduate,Business Owner,3,2,Married,739621,18524,3,26622,285206,1755967,654,1,0,4,0,455696,48,Vehicle,61635.08,43.19,0.616,16489.08,Rejected,0
APP_04758,Andrew Walsh,49,Graduate,Self-Employed,1,2,Married,572509,22986,0,0,233101,701484,656,7,1,2,1,761319,12,Business,47709.08,0.0,1.33,24723.08,Rejected,1
APP_04759,Hannah Harris,26,Graduate,Business Owner,6,0,Married,955234,38435,4,35821,228688,1969122,625,3,0,7,2,1142351,24,Business,79602.83,45.0,1.196,5346.83,Approved,1
APP_04760,Casey Beck,59,Postgraduate,Salaried,26,0,Married,488149,12033,2,18305,115176,1455274,737,19,0,3,2,602376,24,Education,40679.08,45.0,1.234,10341.08,Approved,0
APP_04761,Cindy Patterson,64,High School,Salaried,15,1,Married,1038282,45908,0,0,301431,4184865,850,18,0,6,0,351300,60,Home,86523.5,0.0,0.338,40615.5,Approved,0
APP_04762,April Jones,21,Diploma,Salaried,0,3,Married,743572,12591,3,27883,10000,2145289,641,2,1,4,2,1081306,48,Home,61964.33,45.0,1.454,21490.33,Rejected,1
APP_04763,Andre Conrad,38,Graduate,Business Owner,10,0,Married,625993,13210,0,0,149760,2487456,744,7,0,3,3,347915,120,Education,52166.08,0.0,0.556,38956.08,Approved,0
APP_04764,Michelle Haley,29,Graduate,Salaried,5,1,Married,629185,26615,2,23594,12593,1153990,675,5,0,2,1,212585,12,Vehicle,52432.08,45.0,0.338,2223.08,Rejected,1
APP_04765,Crystal Anthony,61,Graduate,Contract,13,2,Married,369431,15457,4,13853,91426,1398827,595,1,0,5,3,118001,12,Medical,30785.92,45.0,0.319,1475.92,Rejected,1
APP_04766,Maria Noble,33,Graduate,Self-Employed,10,1,Single,1139780,28188,0,0,346549,1290639,663,8,0,6,2,710894,24,Vehicle,94981.67,0.0,0.624,66793.67,Approved,0
APP_04767,Lynn Smith,37,Graduate,Contract,9,2,Single,471741,17069,4,17690,73107,1356855,642,7,0,6,4,598913,48,Home,39311.75,45.0,1.27,4552.75,Rejected,1
APP_04768,Gregory Lee,43,Graduate,Salaried,16,1,Married,617734,24569,3,23165,121996,237350,680,19,0,3,2,212586,120,Personal,51477.83,45.0,0.344,3743.83,Approved,0
APP_04769,William Peters,31,Graduate,Salaried,11,4,Married,548545,21927,0,0,236656,1805587,677,6,0,8,3,693698,120,Vehicle,45712.08,0.0,1.265,23785.08,Approved,0
APP_04770,Pamela Malone,54,High School,Self-Employed,2,0,Married,539238,16176,1,3617,180337,2338462,786,14,0,2,0,641203,36,Vehicle,44936.5,8.05,1.189,25143.5,Approved,0
APP_04771,Deanna Rice,26,Postgraduate,Self-Employed,5,1,Single,538773,17141,4,20203,172785,866349,693,5,1,3,0,359866,120,Personal,44897.75,45.0,0.668,7553.75,Rejected,1
APP_04772,John Brewer,42,Diploma,Salaried,11,4,Married,846254,36339,0,0,533320,3300481,817,17,0,1,0,904907,84,Vehicle,70521.17,0.0,1.069,34182.17,Approved,0
APP_04773,Dennis Hill,44,Postgraduate,Self-Employed,7,0,Married,755212,17283,0,0,297555,2103636,778,6,0,3,0,851291,60,Home,62934.33,0.0,1.127,45651.33,Approved,0
APP_04774,Danielle Frey,26,Diploma,Self-Employed,5,4,Married,259498,10311,0,0,112253,969052,683,8,1,8,0,248206,24,Vehicle,21624.83,0.0,0.956,11313.83,Approved,0
APP_04775,Ashley Gardner,62,Postgraduate,Salaried,9,1,Single,387232,15908,1,14463,50863,769806,706,6,0,1,1,371333,120,Vehicle,32269.33,44.82,0.959,1898.33,Approved,0
APP_04776,Mary Joseph,52,Postgraduate,Salaried,8,2,Single,736384,14122,2,27614,91871,2285804,604,8,1,1,5,786261,12,Personal,61365.33,45.0,1.068,19629.33,Rejected,1
APP_04777,Frank Aguilar,26,Diploma,Salaried,0,2,Single,612546,16038,3,22970,139126,1770111,657,1,0,6,1,167453,48,Home,51045.5,45.0,0.273,12037.5,Rejected,0
APP_04778,David Hardin,22,Graduate,Salaried,0,4,Single,448199,12615,0,0,66700,850654,791,2,0,8,0,541821,84,Education,37349.92,0.0,1.209,24734.92,Approved,0
APP_04779,Matthew Edwards,27,Diploma,Business Owner,3,2,Married,1292542,30423,4,31957,315886,4958463,754,8,0,8,1,599355,84,Education,107711.83,29.67,0.464,45331.83,Approved,0
APP_04780,Dennis Skinner,55,Graduate,Salaried,10,1,Single,378986,7177,3,14211,135622,497329,814,5,0,2,0,189998,48,Home,31582.17,45.0,0.501,10194.17,Approved,0
APP_04781,Gina Walker,51,High School,Salaried,30,2,Married,319464,10069,0,0,145740,563819,662,24,0,2,2,314745,24,Personal,26622.0,0.0,0.985,16553.0,Approved,0
APP_04782,Erica Owens,36,Diploma,Salaried,10,2,Married,561046,14217,3,21039,173207,869386,642,15,0,4,1,563935,24,Business,46753.83,45.0,1.005,11497.83,Rejected,0
APP_04783,Max Kennedy,62,Diploma,Salaried,8,4,Married,795833,30191,4,29843,407222,1178053,724,2,0,4,0,925814,48,Personal,66319.42,45.0,1.163,6285.42,Approved,1
APP_04784,Pamela Wright,27,Diploma,Salaried,3,1,Married,667640,24121,0,0,255239,2077428,665,3,0,1,3,63747,84,Personal,55636.67,0.0,0.095,31515.67,Approved,0
APP_04785,Leonard Garza,29,Graduate,Business Owner,6,0,Married,1461878,66045,2,24496,258993,4696413,605,1,1,8,5,1373035,24,Education,121823.17,20.11,0.939,31282.17,Rejected,1
APP_04786,Zachary Charles,22,Postgraduate,Salaried,1,2,Married,900902,21081,1,4508,201780,1838216,628,3,0,8,4,705319,120,Home,75075.17,6.0,0.783,49486.17,Approved,1
APP_04787,Rachel Garcia,35,Graduate,Salaried,2,2,Single,782356,17578,2,15315,175643,1759305,735,17,0,2,1,718751,12,Business,65196.33,23.49,0.919,32303.33,Approved,0
APP_04788,Jamie Richardson,61,High School,Salaried,22,1,Married,602826,21966,4,22605,261023,1172854,759,17,0,3,0,211799,120,Medical,50235.5,45.0,0.351,5664.5,Approved,0
APP_04789,Julie Kirk,43,Postgraduate,Salaried,17,4,Single,830251,35492,2,23372,583213,1503509,662,20,0,3,0,273891,12,Home,69187.58,33.78,0.33,10323.58,Approved,0
APP_04790,Shirley Roy,49,Graduate,Self-Employed,27,2,Married,348278,10301,1,5440,119793,1256596,687,11,0,3,0,264369,24,Personal,29023.17,18.74,0.759,13282.17,Approved,0
APP_04791,Wayne Rodriguez,54,Graduate,Business Owner,2,3,Single,180000,7986,2,6750,30388,427680,697,4,0,8,3,280233,60,Education,15000.0,45.0,1.557,264.0,Rejected,1
APP_04792,Victor Daniels,30,Postgraduate,Business Owner,9,4,Single,1174558,24742,4,43248,269843,2471053,788,6,0,8,1,796166,36,Home,97879.83,44.18,0.678,29889.83,Approved,0
APP_04793,Alan Lane,30,Postgraduate,Salaried,3,2,Married,587895,17522,4,22046,54785,1203565,640,7,0,2,2,242670,24,Personal,48991.25,45.0,0.413,9423.25,Rejected,0
APP_04794,Brent Evans,61,Graduate,Salaried,28,1,Married,639683,22044,2,15504,120041,1905787,761,9,0,1,1,794395,60,Vehicle,53306.92,29.08,1.242,15758.92,Approved,0
APP_04795,David Simpson,30,Postgraduate,Self-Employed,5,3,Single,737917,14262,4,27671,328906,2616436,581,2,0,5,4,463263,48,Medical,61493.08,45.0,0.628,19560.08,Rejected,1
APP_04796,Mark Wells,45,Diploma,Salaried,21,2,Single,786603,31863,0,0,267968,2395396,671,1,0,7,0,952444,12,Business,65550.25,0.0,1.211,33687.25,Rejected,0
APP_04797,Lawrence Barr,50,Graduate,Contract,20,1,Married,640645,25524,1,5248,397659,2097285,712,21,1,3,0,800162,48,Education,53387.08,9.83,1.249,22615.08,Rejected,0
APP_04798,Kimberly Harrison,45,Graduate,Salaried,7,4,Married,829720,16597,0,0,334205,2497596,643,2,0,6,0,671407,12,Personal,69143.33,0.0,0.809,52546.33,Rejected,0
APP_04799,Christina Bird,54,Graduate,Business Owner,32,4,Single,1149299,23409,3,25133,521211,3132362,682,3,0,2,4,1679374,24,Home,95774.92,26.24,1.461,47232.92,Rejected,0
APP_04800,Amanda Harris,39,Graduate,Self-Employed,4,0,Married,672300,28829,4,25211,253940,1319257,677,8,0,6,0,380619,84,Vehicle,56025.0,45.0,0.566,1985.0,Rejected,1
APP_04801,Thomas Osborn,45,Diploma,Salaried,6,0,Married,557005,16907,3,20887,170860,1679138,702,16,0,1,0,739597,48,Personal,46417.08,45.0,1.328,8623.08,Rejected,0
APP_04802,Jennifer Nelson,52,Graduate,Self-Employed,25,4,Married,701649,29282,1,11292,128880,1524780,679,19,0,4,0,316536,24,Education,58470.75,19.31,0.451,17896.75,Approved,0
APP_04803,Sharon Davidson,52,Graduate,Salaried,22,3,Single,726311,27955,4,27236,278852,2059908,669,8,1,7,2,716215,84,Education,60525.92,45.0,0.986,5334.92,Rejected,1
APP_04804,Marcus Herrera,28,Graduate,Salaried,5,4,Married,729963,19705,4,27373,351851,2124056,702,4,0,6,2,567421,12,Vehicle,60830.25,45.0,0.777,13752.25,Approved,0
APP_04805,Nathan Sharp,31,Graduate,Salaried,11,0,Single,470385,16259,1,5443,129421,705272,593,11,0,5,3,306330,36,Education,39198.75,13.89,0.651,17496.75,Rejected,1
APP_04806,Rachel Smith,23,Graduate,Salaried,0,0,Married,632845,27506,4,23731,10000,1327210,626,4,0,3,6,567071,84,Home,52737.08,45.0,0.896,1500.08,Rejected,1
APP_04807,Taylor Simon Jr.,46,Graduate,Business Owner,12,4,Married,703594,21695,0,0,326400,3321862,686,11,1,5,3,823168,120,Personal,58632.83,0.0,1.17,36937.83,Rejected,1
APP_04808,Timothy Carter,64,Graduate,Salaried,11,3,Married,674823,28129,2,13454,382808,1641937,600,16,0,2,1,459499,48,Personal,56235.25,23.92,0.681,14652.25,Approved,1
APP_04809,Mr. Benjamin Charles,44,Graduate,Self-Employed,7,2,Married,518286,9269,2,19435,120572,929502,622,14,0,4,1,155487,24,Medical,43190.5,45.0,0.3,14486.5,Rejected,1
APP_04810,Maria Love,25,Postgraduate,Salaried,2,3,Married,686826,24056,1,3068,19047,2736467,747,1,0,5,2,801683,48,Personal,57235.5,5.36,1.167,30111.5,Rejected,0
APP_04811,Patricia Anderson,57,Graduate,Contract,10,2,Married,797692,32068,0,0,312925,2336210,584,21,0,8,2,603889,84,Business,66474.33,0.0,0.757,34406.33,Approved,0
APP_04812,Eric Skinner,49,Diploma,Salaried,5,0,Single,411355,7150,2,11506,70976,492326,759,2,0,6,0,177346,12,Education,34279.58,33.57,0.431,15623.58,Approved,0
APP_04813,Kathleen Craig,23,Postgraduate,Self-Employed,0,1,Married,768272,30964,4,28810,363145,1678511,666,4,0,7,0,547020,48,Business,64022.67,45.0,0.712,4248.67,Approved,1
APP_04814,Krista Miller,55,Graduate,Salaried,35,4,Married,770834,26423,0,0,98271,951714,689,12,0,6,1,1056479,36,Personal,64236.17,0.0,1.371,37813.17,Rejected,0
APP_04815,Thomas Hunt,23,Graduate,Self-Employed,3,0,Married,369101,6962,0,0,100192,440850,830,5,0,5,0,511171,120,Education,30758.42,0.0,1.385,23796.42,Approved,0
APP_04816,Joseph Herman,42,Postgraduate,Salaried,10,2,Single,435294,9805,2,16323,216544,672714,615,21,1,5,0,401272,60,Personal,36274.5,45.0,0.922,10146.5,Rejected,1
APP_04817,Kenneth Huang,41,Postgraduate,Self-Employed,4,3,Married,681492,25208,3,25555,244065,2192113,678,18,0,2,0,745761,36,Personal,56791.0,45.0,1.094,6028.0,Approved,1
APP_04818,Ricardo Joseph,59,Graduate,Salaried,15,1,Single,862514,17084,4,32344,316308,1489808,801,1,0,1,0,778618,24,Education,71876.17,45.0,0.903,22448.17,Approved,0
APP_04819,Leonard Smith,48,High School,Salaried,25,2,Married,637425,23623,2,14686,63790,465934,653,5,0,6,3,281111,84,Business,53118.75,27.65,0.441,14809.75,Rejected,0
APP_04820,Matthew Hunter,61,Diploma,Self-Employed,14,0,Married,1058944,41144,0,0,470445,2508576,553,15,0,6,4,1753984,48,Business,88245.33,0.0,1.656,47101.33,Rejected,1
APP_04821,Brianna Perez,39,Graduate,Contract,2,3,Married,420575,15386,0,0,126284,1743272,751,18,0,4,0,627506,60,Vehicle,35047.92,0.0,1.492,19661.92,Approved,0
APP_04822,Megan Russell,52,Graduate,Self-Employed,15,4,Married,371613,9800,2,13935,188364,228184,821,17,0,6,0,393005,120,Vehicle,30967.75,45.0,1.058,7232.75,Rejected,0
APP_04823,Kelly Harris,26,High School,Business Owner,5,1,Married,936051,23633,0,0,373725,2628697,777,4,0,7,1,831371,36,Education,78004.25,0.0,0.888,54371.25,Approved,0
APP_04824,Shannon Williams,54,Graduate,Business Owner,15,0,Married,820652,21907,1,13005,464369,1396655,654,7,0,8,0,509864,12,Medical,68387.67,19.02,0.621,33475.67,Approved,0
APP_04825,Jade Young,34,Graduate,Business Owner,9,4,Married,1369907,43766,3,39712,312013,2938365,711,10,0,1,1,1672566,24,Education,114158.92,34.79,1.221,30680.92,Rejected,0
APP_04826,Sarah Mitchell,29,High School,Salaried,8,1,Married,418004,13779,0,0,117581,185322,724,5,0,4,1,105494,24,Home,34833.67,0.0,0.252,21054.67,Approved,0
APP_04827,Mr. David Wright,43,High School,Contract,21,2,Married,263751,5183,0,0,129436,286464,662,18,0,4,1,326674,12,Vehicle,21979.25,0.0,1.239,16796.25,Approved,0
APP_04828,Andre Richardson,22,Graduate,Salaried,2,0,Single,654052,16733,4,24526,230317,1220521,611,3,1,6,4,697340,24,Business,54504.33,45.0,1.066,13245.33,Rejected,1
APP_04829,Sarah Smith,65,High School,Salaried,35,4,Married,634150,28511,1,12332,235261,1021863,785,14,0,1,0,918484,36,Business,52845.83,23.34,1.448,12002.83,Approved,0
APP_04830,Brandon Long,32,High School,Contract,5,0,Married,608775,17664,2,22829,249046,1522539,482,4,1,5,1,169571,24,Medical,50731.25,45.0,0.279,10238.25,Rejected,1
APP_04831,Ashley Galvan,64,Postgraduate,Salaried,7,3,Married,709723,25029,1,5555,215068,1686436,688,18,1,4,3,776198,60,Home,59143.58,9.39,1.094,28559.58,Rejected,0
APP_04832,Kristen Little,58,Graduate,Salaried,25,4,Married,540425,16267,3,20265,139595,1117689,687,23,0,2,1,386881,84,Education,45035.42,45.0,0.716,8503.42,Approved,0
APP_04833,Jean Campbell,57,Diploma,Salaried,6,1,Married,836631,36466,2,21044,433937,2419590,639,8,0,7,0,507181,84,Medical,69719.25,30.18,0.606,12209.25,Rejected,1
APP_04834,Alex Cabrera,42,Graduate,Salaried,5,3,Married,757187,31866,3,28394,390896,3241136,708,19,0,1,2,889549,48,Home,63098.92,45.0,1.175,2838.92,Approved,0
APP_04835,Andrew Bowers,41,Postgraduate,Salaried,3,2,Single,542572,15437,0,0,104960,2349680,730,8,1,4,4,547700,84,Business,45214.33,0.0,1.009,29777.33,Rejected,1
APP_04836,April English,25,High School,Salaried,1,0,Married,404928,10175,4,15184,132437,1568657,632,5,1,2,2,236866,84,Education,33744.0,45.0,0.585,8385.0,Rejected,1
APP_04837,Kyle Morales,35,Graduate,Business Owner,1,2,Married,1099604,27681,4,39034,815047,3461629,602,10,0,1,5,1616877,84,Personal,91633.67,42.6,1.47,24918.67,Rejected,1
APP_04838,Bradley Kane,51,Graduate,Salaried,29,1,Married,714872,22265,3,15527,333937,778203,685,6,0,1,0,654002,120,Personal,59572.67,26.06,0.915,21780.67,Approved,0
APP_04839,Renee Craig,35,Graduate,Salaried,7,3,Married,743139,13443,1,8137,14911,1899034,664,17,1,1,3,284385,12,Business,61928.25,13.14,0.383,40348.25,Rejected,0
APP_04840,Gabriel Holmes,45,Graduate,Salaried,18,0,Married,616986,20904,3,23136,381961,2233078,585,8,1,8,4,473144,48,Home,51415.5,45.0,0.767,7375.5,Approved,1
APP_04841,Rachel Schmidt,23,Graduate,Salaried,1,3,Single,737460,33551,0,0,311007,2088832,610,2,1,4,2,597824,120,Personal,61455.0,0.0,0.811,27904.0,Approved,0
APP_04842,Cynthia Merritt,64,Postgraduate,Salaried,24,0,Married,505026,15426,1,15633,262651,1123487,618,23,0,5,4,292551,12,Education,42085.5,37.15,0.579,11026.5,Rejected,0
APP_04843,Ryan Smith,31,Diploma,Salaried,8,2,Married,816944,26169,1,8179,191615,2115442,658,7,0,4,1,456010,24,Personal,68078.67,12.01,0.558,33730.67,Approved,0
APP_04844,Richard Lewis,49,Postgraduate,Business Owner,19,0,Single,1213732,27769,3,32392,131857,3764748,748,7,1,2,0,663150,120,Home,101144.33,32.03,0.546,40983.33,Rejected,0
APP_04845,Ian Pena,60,Postgraduate,Salaried,27,1,Married,822028,21377,1,10403,469253,3326543,834,15,0,1,0,284851,60,Business,68502.33,15.19,0.347,36722.33,Approved,0
APP_04846,Charles Hernandez,43,Graduate,Salaried,23,4,Married,713030,24856,4,26738,305298,1994404,687,21,1,7,0,622120,120,Home,59419.17,45.0,0.873,7825.17,Rejected,1
APP_04847,Mrs. Cynthia Hubbard,48,Diploma,Business Owner,11,0,Single,461517,20688,0,0,124006,638701,696,18,0,3,2,487043,12,Vehicle,38459.75,0.0,1.055,17771.75,Approved,0
APP_04848,Mark Jefferson,39,Graduate,Contract,6,4,Married,399024,12089,2,14963,202316,1436070,831,21,0,3,1,555878,24,Business,33252.0,45.0,1.393,6200.0,Approved,0
APP_04849,Robert James,30,Graduate,Salaried,6,2,Married,569270,10830,1,17105,138493,700607,711,4,0,2,0,97497,84,Education,47439.17,36.06,0.171,19504.17,Approved,0
APP_04850,Kayla Norris,26,Graduate,Business Owner,6,4,Single,1013644,29360,2,19067,184303,2628004,808,8,0,4,0,705870,12,Education,84470.33,22.57,0.696,36043.33,Approved,0
APP_04851,Jordan Schneider,42,Postgraduate,Salaried,3,1,Married,878649,32150,0,0,325559,1811740,584,3,0,6,2,949713,48,Vehicle,73220.75,0.0,1.081,41070.75,Rejected,1
APP_04852,William Ortega,52,Graduate,Salaried,30,2,Married,481361,20167,2,9912,101216,1534935,671,24,0,2,1,325253,84,Medical,40113.42,24.71,0.676,10034.42,Approved,0
APP_04853,Jonathan Rhodes,55,Graduate,Salaried,0,1,Married,812237,23544,0,0,129016,2419700,808,18,0,5,0,405908,48,Business,67686.42,0.0,0.5,44142.42,Approved,0
APP_04854,Candace Huffman,58,High School,Self-Employed,3,1,Single,941180,24845,1,14069,429916,3530908,702,22,0,2,0,529958,24,Education,78431.67,17.94,0.563,39517.67,Approved,0
APP_04855,Sarah Hall,45,Graduate,Salaried,16,3,Married,529389,20580,1,5700,145671,1852929,751,21,0,7,0,193540,12,Home,44115.75,12.92,0.366,17835.75,Approved,0
APP_04856,Allison Dyer,57,Graduate,Salaried,9,3,Single,811878,19717,3,30445,190174,1306732,764,22,1,3,0,161363,12,Home,67656.5,45.0,0.199,17494.5,Rejected,0
APP_04857,Seth Everett,31,Postgraduate,Contract,5,3,Married,520753,13931,0,0,87428,1134594,554,1,0,8,1,575337,12,Business,43396.08,0.0,1.105,29465.08,Rejected,1
APP_04858,Shelly Gutierrez,21,Graduate,Business Owner,0,1,Single,1231517,40228,2,12300,187031,3122156,850,2,0,1,1,1028608,84,Home,102626.42,11.99,0.835,50098.42,Approved,0
APP_04859,Stephanie Yang,47,Graduate,Salaried,3,2,Married,575439,22008,4,21578,255183,2638840,768,19,0,7,1,744029,84,Medical,47953.25,45.0,1.293,4367.25,Approved,0
APP_04860,Joel Koch,40,High School,Self-Employed,14,0,Single,869894,14799,0,0,221328,2065331,543,14,1,6,5,553154,24,Education,72491.17,0.0,0.636,57692.17,Rejected,1
APP_04861,Roy Miles,41,High School,Salaried,8,0,Single,835166,33177,2,21258,294544,831229,742,4,0,7,1,683448,24,Business,69597.17,30.54,0.818,15162.17,Approved,0
APP_04862,Amy Smith,57,Postgraduate,Salaried,14,0,Married,695449,21475,1,4278,195086,904545,693,13,1,1,2,292634,36,Personal,57954.08,7.38,0.421,32201.08,Approved,0
APP_04863,Matthew Williams,28,Diploma,Contract,6,3,Single,520174,22386,4,19506,10000,1815396,601,1,1,5,4,226242,48,Vehicle,43347.83,45.0,0.435,1455.83,Rejected,1
APP_04864,Dr. Timothy Gill MD,61,Graduate,Salaried,12,3,Single,749228,19783,2,28096,79575,2511231,672,17,1,1,4,1018531,24,Personal,62435.67,45.0,1.359,14556.67,Rejected,1
APP_04865,Alyssa Jenkins,42,Graduate,Self-Employed,16,2,Single,1076781,42237,1,9292,452830,1353659,761,14,0,6,1,1146511,84,Vehicle,89731.75,10.36,1.065,38202.75,Approved,0
APP_04866,Angel Harris,23,Graduate,Business Owner,2,2,Single,867245,32543,2,18560,118995,948033,687,1,0,3,0,1034650,120,Education,72270.42,25.68,1.193,21167.42,Approved,0
APP_04867,Jordan Ward,54,Postgraduate,Self-Employed,26,3,Married,826412,14483,3,25185,328631,2570351,734,22,0,6,0,603671,12,Medical,68867.67,36.57,0.73,29199.67,Approved,0
APP_04868,Teresa Vasquez,64,Postgraduate,Salaried,22,1,Single,728840,25387,2,21675,339348,2904548,604,7,0,1,0,574725,60,Personal,60736.67,35.69,0.789,13674.67,Approved,0
APP_04869,Norman Vargas,65,Postgraduate,Contract,28,1,Married,382243,10963,3,14334,57560,779637,619,11,1,6,1,290398,24,Vehicle,31853.58,45.0,0.76,6556.58,Rejected,1
APP_04870,Justin Johnson,25,Graduate,Business Owner,5,3,Single,1143466,30033,1,16385,266062,4186692,702,5,1,1,2,1156277,84,Personal,95288.83,17.2,1.011,48870.83,Approved,0
APP_04871,Michelle Wu,54,Graduate,Salaried,27,2,Married,818567,36108,2,20996,369695,2998482,596,4,0,6,0,385001,12,Personal,68213.92,30.78,0.47,11109.92,Rejected,1
APP_04872,William Chang,30,High School,Salaried,2,2,Married,642969,26821,4,24111,175671,1653313,645,12,1,6,4,265238,48,Education,53580.75,45.0,0.413,2648.75,Rejected,1
APP_04873,Alison Woods,52,Graduate,Salaried,18,0,Married,676139,28596,2,14173,253629,1163834,589,18,0,1,0,251516,24,Home,56344.92,25.15,0.372,13575.92,Rejected,0
APP_04874,April Thompson,42,Graduate,Salaried,1,2,Married,637840,24978,1,7634,163834,127822,724,17,0,8,0,635678,48,Personal,53153.33,14.36,0.997,20541.33,Approved,0
APP_04875,Michael Armstrong,36,Graduate,Self-Employed,4,0,Married,1041572,34266,1,13257,71869,2916394,683,2,0,5,4,1489455,12,Vehicle,86797.67,15.27,1.43,39274.67,Approved,0
APP_04876,Jeanette Henson,42,Diploma,Salaried,2,3,Married,988705,33877,4,37076,112036,2863647,754,19,0,8,0,1020784,36,Home,82392.08,45.0,1.032,11439.08,Approved,1
APP_04877,Brent Moore,49,High School,Self-Employed,7,2,Single,558102,9830,3,18104,110943,1436251,677,25,0,2,1,801013,24,Vehicle,46508.5,38.93,1.435,18574.5,Approved,0
APP_04878,Amy Morgan,23,Graduate,Business Owner,0,3,Married,538078,14795,0,0,183694,1677295,789,1,0,6,0,350763,60,Education,44839.83,0.0,0.652,30044.83,Approved,0
APP_04879,Jason Mathis,58,Postgraduate,Salaried,29,1,Single,686091,13389,3,25728,270321,1905896,726,1,0,3,0,546310,84,Business,57174.25,45.0,0.796,18057.25,Approved,0
APP_04880,Susan Delgado,58,Graduate,Contract,24,2,Married,342654,11028,2,12849,138466,568388,635,11,1,4,2,508224,12,Home,28554.5,45.0,1.483,4677.5,Rejected,1
APP_04881,Stephanie Wright,51,Graduate,Salaried,20,4,Married,1049576,32543,4,35483,600015,1945467,676,16,0,3,1,1436283,12,Medical,87464.67,40.57,1.368,19438.67,Approved,0
APP_04882,Amy Mclean,35,Graduate,Self-Employed,13,1,Single,555018,22979,4,20813,194534,1281067,738,2,0,6,2,306121,48,Personal,46251.5,45.0,0.552,2459.5,Approved,1
APP_04883,Scott Johnson,44,Postgraduate,Self-Employed,4,4,Married,639214,13326,4,23970,328389,1685786,778,18,0,6,0,843730,36,Vehicle,53267.83,45.0,1.32,15971.83,Approved,0
APP_04884,Daniel White,26,Diploma,Contract,0,3,Married,292994,7519,0,0,43892,671166,623,6,0,7,3,263578,84,Education,24416.17,0.0,0.9,16897.17,Rejected,1
APP_04885,Angela Owen,31,Graduate,Salaried,3,0,Single,357306,6082,1,5227,39077,639664,777,1,0,8,0,441975,24,Vehicle,29775.5,17.55,1.237,18466.5,Approved,0
APP_04886,Vanessa Garrett,42,Graduate,Salaried,2,2,Single,530820,18521,2,19797,62028,1652855,658,18,0,5,0,329214,60,Medical,44235.0,44.75,0.62,5917.0,Approved,1
APP_04887,Becky Rice,46,Graduate,Self-Employed,8,2,Single,448963,19881,4,16836,86567,1378575,740,12,0,3,0,457696,36,Business,37413.58,45.0,1.019,696.58,Approved,1
APP_04888,Theresa Chavez,65,High School,Salaried,6,0,Married,998738,41091,2,17026,339351,941235,708,14,1,7,1,229000,12,Home,83228.17,20.46,0.229,25111.17,Approved,0
APP_04889,Jennifer Decker,62,Graduate,Salaried,13,1,Single,723866,23845,0,0,49072,1877239,699,18,1,7,1,931829,36,Home,60322.17,0.0,1.287,36477.17,Rejected,1
APP_04890,Natasha Howard,30,Diploma,Salaried,5,3,Single,836031,23682,0,0,214826,3551484,697,5,0,2,0,1322068,60,Medical,69669.25,0.0,1.581,45987.25,Approved,0
APP_04891,Paula Jordan,53,High School,Self-Employed,29,3,Single,762142,28267,4,28580,281656,2550093,841,22,0,3,0,1202169,60,Personal,63511.83,45.0,1.577,6664.83,Rejected,1
APP_04892,Tyler Hampton,63,Postgraduate,Salaried,18,1,Married,657948,21082,0,0,276809,1753862,600,21,0,3,3,349278,12,Medical,54829.0,0.0,0.531,33747.0,Rejected,0
APP_04893,Tracey Mcclure,50,Graduate,Salaried,12,4,Single,779144,31760,3,29217,123215,2147627,778,25,0,4,1,913783,36,Home,64928.67,45.0,1.173,3951.67,Approved,1
APP_04894,Randy Rhodes,48,Diploma,Salaried,5,4,Single,532553,23331,3,19970,132659,1619821,555,18,0,2,0,464857,24,Personal,44379.42,45.0,0.873,1078.42,Rejected,1
APP_04895,Jon Mercado,37,Postgraduate,Salaried,1,3,Single,754488,31083,2,19477,180735,1843494,647,10,1,6,5,780402,60,Education,62874.0,30.98,1.034,12314.0,Rejected,1
APP_04896,Marissa Fox,31,Diploma,Salaried,0,3,Married,653387,22165,4,24502,94175,1385620,619,3,0,7,4,800299,120,Vehicle,54448.92,45.0,1.225,7781.92,Rejected,1
APP_04897,Kimberly Clark,38,High School,Business Owner,14,2,Single,876613,32684,2,22277,321926,1753525,719,17,1,6,3,1037992,12,Personal,73051.08,30.5,1.184,18090.08,Rejected,1
APP_04898,John Olson,58,Graduate,Salaried,28,4,Married,719656,16244,1,7001,303460,1048745,736,13,0,4,0,835838,24,Business,59971.33,11.67,1.161,36726.33,Approved,0
APP_04899,Patrick Martinez,58,Diploma,Salaried,31,0,Single,494842,10723,0,0,162971,1214866,698,3,0,1,4,171718,120,Business,41236.83,0.0,0.347,30513.83,Rejected,0
APP_04900,Shelia Arnold,55,High School,Salaried,10,1,Married,682571,19743,2,25596,268463,852603,716,12,0,4,0,796598,12,Personal,56880.92,45.0,1.167,11541.92,Approved,0
APP_04901,Deborah Taylor,23,Diploma,Business Owner,1,2,Single,1482027,34269,3,44406,319277,4600091,653,3,0,5,1,1948261,60,Vehicle,123502.25,35.96,1.315,44827.25,Approved,1
APP_04902,Mary Booker,59,High School,Salaried,22,3,Married,342868,7951,3,12857,134629,1141622,573,13,1,4,1,326767,12,Home,28572.33,45.0,0.953,7764.33,Rejected,1
APP_04903,William Knight,26,Graduate,Salaried,3,3,Single,720791,15429,3,27029,262928,2012984,714,8,0,1,4,784025,84,Personal,60065.92,45.0,1.088,17607.92,Approved,0
APP_04904,Diana Jackson,61,Graduate,Self-Employed,22,1,Married,740277,16815,1,17882,373462,1869143,631,19,0,6,3,168542,60,Vehicle,61689.75,28.99,0.228,26992.75,Rejected,1
APP_04905,Theresa Thomas,33,Postgraduate,Salaried,9,1,Single,400286,16112,0,0,142011,866926,647,9,0,8,6,576396,48,Personal,33357.17,0.0,1.44,17245.17,Rejected,0
APP_04906,Jeremy Jones,34,High School,Salaried,9,4,Single,841692,18410,2,29992,105155,2898277,725,15,0,5,2,621599,60,Home,70141.0,42.76,0.739,21739.0,Approved,0
APP_04907,Richard Adams,38,Graduate,Salaried,14,1,Single,511913,14850,1,7270,112414,1175866,773,19,0,2,0,157154,84,Business,42659.42,17.04,0.307,20539.42,Approved,0
APP_04908,Tina Morgan,45,Graduate,Business Owner,17,1,Married,1649206,58719,2,15349,559750,5020373,686,6,0,1,0,2226693,36,Personal,137433.83,11.17,1.35,63365.83,Rejected,0
APP_04909,Meghan Morgan,35,High School,Self-Employed,10,1,Single,885648,17900,2,14567,319324,3122878,767,14,0,4,0,762376,84,Education,73804.0,19.74,0.861,41337.0,Approved,0
APP_04910,Patricia Alexander,30,Postgraduate,Salaried,6,4,Married,545563,11606,2,19896,148944,629556,749,1,0,8,0,561595,60,Home,45463.58,43.76,1.029,13961.58,Approved,0
APP_04911,Beverly Fernandez,28,Graduate,Salaried,3,0,Single,504578,21591,2,18921,109675,872570,646,7,1,8,3,518646,36,Home,42048.17,45.0,1.028,1536.17,Rejected,1
APP_04912,Dorothy Robinson,50,Graduate,Salaried,19,4,Single,736592,32113,0,0,191755,1889925,622,22,0,3,3,417446,24,Home,61382.67,0.0,0.567,29269.67,Approved,0
APP_04913,Chelsea Johnson,30,High School,Self-Employed,2,3,Single,778597,28892,2,19620,492856,1444363,572,10,0,5,2,104362,48,Vehicle,64883.08,30.24,0.134,16371.08,Rejected,1
APP_04914,Phillip Gutierrez,29,Graduate,Salaried,6,1,Single,913232,40399,0,0,11243,2888596,721,4,0,8,1,365727,60,Personal,76102.67,0.0,0.4,35703.67,Approved,0
APP_04915,Megan Little,53,Graduate,Self-Employed,23,0,Married,1394575,47819,2,12764,205334,4043890,685,13,0,8,0,704724,36,Home,116214.58,10.98,0.505,55631.58,Approved,0
APP_04916,Daisy Warren,57,Graduate,Contract,10,3,Married,565788,17518,3,21217,118666,702029,659,23,0,6,0,622816,12,Education,47149.0,45.0,1.101,8414.0,Approved,0
APP_04917,Patrick Davis,55,High School,Salaried,17,2,Married,459068,12580,2,17215,95159,1099767,694,21,0,6,2,169339,84,Home,38255.67,45.0,0.369,8460.67,Approved,0
APP_04918,Becky Miller,50,Diploma,Salaried,2,1,Married,694882,15854,2,21893,233595,1751723,592,2,0,3,2,711747,84,Personal,57906.83,37.81,1.024,20159.83,Rejected,1
APP_04919,Jessica Smith,22,Graduate,Self-Employed,2,2,Married,1215871,52738,0,0,94785,2786891,698,1,0,7,1,789875,60,Vehicle,101322.58,0.0,0.65,48584.58,Approved,0
APP_04920,Jessica Mcdonald,26,Graduate,Salaried,4,3,Married,528929,11242,4,19834,59569,2074045,687,5,0,8,1,772906,120,Vehicle,44077.42,45.0,1.461,13001.42,Rejected,0
APP_04921,Katherine Alexander,52,High School,Salaried,3,1,Single,915777,37029,4,34341,416126,2446537,602,7,1,8,0,946516,36,Personal,76314.75,45.0,1.034,4944.75,Rejected,1
APP_04922,Christina Ray,58,Postgraduate,Self-Employed,22,1,Married,664628,21984,3,24923,233262,1493363,684,10,0,1,1,1083027,84,Medical,55385.67,45.0,1.63,8478.67,Rejected,1
APP_04923,Douglas Gonzalez,41,Graduate,Salaried,6,0,Single,876206,36397,1,7865,203866,2763050,693,16,1,5,1,1118478,24,Personal,73017.17,10.77,1.277,28755.17,Rejected,1
APP_04924,Stephanie Allen,39,Graduate,Salaried,10,2,Married,672365,24270,2,14618,263474,1192697,761,15,0,4,0,309966,60,Vehicle,56030.42,26.09,0.461,17142.42,Approved,0
APP_04925,Carrie Rivera,47,Postgraduate,Salaried,4,4,Married,630966,22939,2,23661,281129,1815212,743,11,0,8,0,294651,84,Vehicle,52580.5,45.0,0.467,5980.5,Rejected,1
APP_04926,Cindy Knapp,65,Graduate,Salaried,34,4,Married,457293,17685,3,17148,187715,1268956,650,7,0,1,1,203371,84,Vehicle,38107.75,45.0,0.445,3274.75,Rejected,1
APP_04927,Patricia Lin,47,Diploma,Contract,0,1,Married,675323,22043,0,0,296248,1995038,650,24,0,1,1,663306,60,Vehicle,56276.92,0.0,0.982,34233.92,Approved,0
APP_04928,David Lucas,40,Graduate,Salaried,0,2,Married,609923,15712,1,17954,209062,2041224,586,7,0,4,0,176611,48,Medical,50826.92,35.32,0.29,17160.92,Rejected,1
APP_04929,Karen Martin MD,48,Graduate,Salaried,14,1,Married,549721,22874,3,20614,217312,1013740,814,12,0,3,0,800159,36,Medical,45810.08,45.0,1.456,2322.08,Rejected,0
APP_04930,Susan Horton,34,Diploma,Business Owner,6,0,Married,1543269,36147,2,17209,375094,5236742,641,16,0,5,1,1930323,84,Home,128605.75,13.38,1.251,75249.75,Rejected,0
APP_04931,Sara Brown,53,Graduate,Business Owner,7,1,Married,1163493,30758,1,6110,208164,3233518,606,22,0,2,5,1716241,60,Vehicle,96957.75,6.3,1.475,60089.75,Rejected,0
APP_04932,Holly Harris,29,High School,Salaried,5,1,Married,546391,11671,3,20489,148676,1928555,742,3,0,7,0,883986,120,Business,45532.58,45.0,1.618,13372.58,Rejected,0
APP_04933,Jay Mcdonald,49,Graduate,Salaried,5,2,Married,695300,25628,3,20951,146923,1620784,630,2,0,1,2,299067,60,Vehicle,57941.67,36.16,0.43,11362.67,Rejected,0
APP_04934,Melissa Lewis,46,Postgraduate,Salaried,24,4,Single,619159,26641,1,7305,162634,215598,695,2,0,8,3,857867,60,Medical,51596.58,14.16,1.386,17650.58,Rejected,0
APP_04935,Amanda Wright,30,Graduate,Salaried,7,0,Single,798249,35635,1,14609,322956,3002882,695,9,0,5,2,487483,60,Business,66520.75,21.96,0.611,16276.75,Approved,1
APP_04936,Michael Pierce,28,High School,Salaried,0,2,Married,1003734,28131,0,0,316440,3822686,615,10,0,5,1,1071276,48,Medical,83644.5,0.0,1.067,55513.5,Approved,1
APP_04937,Mary West,56,Graduate,Self-Employed,14,4,Single,868201,15374,0,0,10000,2006154,725,23,0,4,3,785631,24,Vehicle,72350.08,0.0,0.905,56976.08,Approved,0
APP_04938,Erika Garza,43,High School,Salaried,7,1,Married,763669,18139,3,28637,290889,2625602,850,21,0,4,0,1087708,48,Vehicle,63639.08,45.0,1.424,16863.08,Rejected,0
APP_04939,Jason Valencia,45,Graduate,Business Owner,15,3,Married,683183,28233,4,25619,258193,1274258,694,22,0,8,3,472207,12,Vehicle,56931.92,45.0,0.691,3079.92,Approved,0
APP_04940,Julie Smith,35,Diploma,Salaried,4,2,Married,643165,18108,2,19968,250163,1630538,699,17,0,7,1,299451,120,Vehicle,53597.08,37.26,0.466,15521.08,Approved,0
APP_04941,Ryan Newton,37,Diploma,Salaried,10,1,Married,618579,12346,0,0,286687,1591637,695,14,0,2,0,645031,60,Business,51548.25,0.0,1.043,39202.25,Approved,0
APP_04942,David Davenport,54,Graduate,Self-Employed,2,3,Married,382995,14581,0,0,239708,1365735,676,3,0,7,4,232540,84,Home,31916.25,0.0,0.607,17335.25,Approved,0
APP_04943,Kelly Snow,62,Graduate,Salaried,4,4,Married,462040,17480,4,17326,10000,789377,695,1,0,3,3,213016,84,Home,38503.33,45.0,0.461,3697.33,Rejected,1
APP_04944,Jennifer Weber,54,Graduate,Business Owner,26,2,Married,897817,35552,2,16613,134015,1609361,678,2,0,1,1,552372,120,Personal,74818.08,22.2,0.615,22653.08,Approved,0
APP_04945,Lori Terrell,44,Graduate,Salaried,7,1,Single,699753,16949,0,0,246512,649785,637,19,1,3,3,390938,24,Vehicle,58312.75,0.0,0.559,41363.75,Rejected,0
APP_04946,Terry Lang,21,Graduate,Salaried,0,3,Single,692540,28940,3,21488,179724,2087814,829,3,0,3,1,408639,120,Education,57711.67,37.23,0.59,7283.67,Approved,0
APP_04947,Martin Anderson,49,Diploma,Salaried,4,2,Single,622624,14348,2,17263,184938,1321313,593,20,0,6,6,551081,120,Home,51885.33,33.27,0.885,20274.33,Rejected,1
APP_04948,Donna Pearson,50,High School,Salaried,11,0,Married,482364,18736,3,18088,142384,2216232,564,19,0,8,6,241947,48,Personal,40197.0,45.0,0.502,3373.0,Rejected,1
APP_04949,Larry Patel,64,Graduate,Salaried,0,2,Single,579042,16748,4,21714,155440,1816233,726,15,0,2,0,347757,48,Medical,48253.5,45.0,0.601,9791.5,Approved,1
APP_04950,Chase Pope,37,Graduate,Self-Employed,4,0,Married,678716,29227,2,19786,15755,1374657,654,17,0,5,1,487249,48,Personal,56559.67,34.98,0.718,7546.67,Approved,1
APP_04951,Lauren Jimenez,39,Graduate,Salaried,14,0,Single,473440,18734,4,17754,137739,1254567,694,17,0,6,0,576659,48,Medical,39453.33,45.0,1.218,2965.33,Rejected,0
APP_04952,Mary Hill,49,Diploma,Salaried,21,3,Married,640352,13534,4,24013,154167,1467476,631,16,0,7,1,586403,24,Home,53362.67,45.0,0.916,15815.67,Approved,0
APP_04953,John Duncan,61,Diploma,Salaried,10,3,Single,926496,16682,2,19151,567091,1876595,667,10,0,4,4,1126180,36,Personal,77208.0,24.8,1.216,41375.0,Rejected,0
APP_04954,Katherine Walker,55,High School,Salaried,33,3,Married,496808,12924,3,18630,24743,676987,750,25,0,6,0,614897,84,Personal,41400.67,45.0,1.238,9846.67,Approved,0
APP_04955,Kelsey Beck,34,Graduate,Self-Employed,14,4,Married,970592,17854,3,36397,339548,1345267,622,16,0,2,6,1066557,48,Education,80882.67,45.0,1.099,26631.67,Approved,1
APP_04956,Phillip Villanueva,31,Graduate,Salaried,0,3,Married,585672,14006,1,10860,111484,1192160,680,13,0,5,0,445370,60,Home,48806.0,22.25,0.76,23940.0,Rejected,0
APP_04957,Joe Richmond,38,High School,Contract,13,4,Single,491552,19421,0,0,311596,1049316,615,16,0,1,4,634858,36,Medical,40962.67,0.0,1.292,21541.67,Rejected,1
APP_04958,Steven Garcia,30,Graduate,Business Owner,6,0,Single,1047743,42332,1,7828,453839,3554319,664,12,0,8,0,740654,120,Business,87311.92,8.97,0.707,37151.92,Approved,0
APP_04959,Sophia Russell,55,Graduate,Business Owner,13,0,Married,497149,13051,4,18643,109454,1296419,756,19,0,5,0,389030,48,Home,41429.08,45.0,0.783,9735.08,Rejected,0
APP_04960,Julia Long,45,Postgraduate,Salaried,19,0,Married,616184,15529,2,19864,271594,1142296,655,5,0,8,0,429955,36,Education,51348.67,38.68,0.698,15955.67,Approved,0
APP_04961,Ann Johnson,24,Graduate,Salaried,0,2,Married,415034,15854,4,15563,145117,734390,625,6,0,6,6,332741,60,Business,34586.17,45.0,0.802,3169.17,Rejected,1
APP_04962,Andrew James,52,Postgraduate,Salaried,4,4,Married,572254,26106,2,21459,119488,2189134,763,13,0,5,0,337455,36,Vehicle,47687.83,45.0,0.59,122.83,Approved,0
APP_04963,Benjamin Hart,29,Graduate,Business Owner,6,0,Married,709139,19143,0,0,191111,2921115,553,5,0,3,2,760932,120,Vehicle,59094.92,0.0,1.073,39951.92,Approved,1
APP_04964,Dr. Sara Phillips,46,Graduate,Salaried,20,1,Single,1004926,16770,2,17030,305403,1387209,677,2,1,6,1,626843,36,Business,83743.83,20.34,0.624,49943.83,Rejected,0
APP_04965,Christine Romero,30,Graduate,Salaried,9,0,Married,475762,14831,1,10048,214787,773469,647,3,1,5,3,551040,12,Business,39646.83,25.34,1.158,14767.83,Rejected,1
APP_04966,Tristan Blair,58,Graduate,Salaried,8,0,Single,800801,23176,1,8256,106811,3235934,628,5,0,5,4,764590,24,Vehicle,66733.42,12.37,0.955,35301.42,Rejected,1
APP_04967,Isabel White,58,Graduate,Salaried,8,2,Single,799872,24788,3,24451,209061,1859966,757,8,0,3,1,1007978,36,Vehicle,66656.0,36.68,1.26,17417.0,Rejected,0
APP_04968,Joseph Jones,39,Postgraduate,Business Owner,8,1,Married,253248,6373,2,9496,10000,340606,722,20,0,6,0,250507,12,Home,21104.0,45.0,0.989,5235.0,Rejected,0
APP_04969,Travis Hoffman,52,Graduate,Business Owner,14,2,Married,1598739,68000,4,32547,303900,3557093,714,3,0,4,2,1716055,36,Business,133228.25,24.43,1.073,32681.25,Rejected,0
APP_04970,Kristen Brown,37,Postgraduate,Salaried,17,4,Married,556123,22539,2,15920,189369,737479,725,11,0,3,0,691415,48,Business,46343.58,34.35,1.243,7884.58,Rejected,0
APP_04971,Mrs. Shannon Gray,32,High School,Salaried,8,2,Married,540200,11923,0,0,165768,1755222,767,2,0,6,1,811874,24,Medical,45016.67,0.0,1.503,33093.67,Approved,0
APP_04972,Christopher Arnold,56,Graduate,Contract,22,4,Married,738025,32217,1,5874,326971,2138202,749,9,1,4,0,465581,84,Vehicle,61502.08,9.55,0.631,23411.08,Approved,0
APP_04973,Robert Fisher,31,Graduate,Salaried,4,4,Married,583529,9970,0,0,73432,1117126,616,7,0,7,2,425463,120,Vehicle,48627.42,0.0,0.729,38657.42,Rejected,0
APP_04974,Steven Ibarra,51,Graduate,Contract,2,3,Married,391784,17353,0,0,18355,1089420,700,16,0,7,0,355855,60,Business,32648.67,0.0,0.908,15295.67,Approved,0
APP_04975,Angela Garrison,53,High School,Business Owner,14,4,Married,644941,15679,4,24185,17988,1585805,635,16,0,5,2,267318,120,Vehicle,53745.08,45.0,0.414,13881.08,Rejected,1
APP_04976,Lindsay Huffman,42,Postgraduate,Salaried,2,4,Married,705672,17913,4,26462,263620,190115,764,20,0,4,0,413980,24,Medical,58806.0,45.0,0.587,14431.0,Approved,0
APP_04977,George Cruz,24,Graduate,Salaried,2,1,Married,760765,13110,0,0,111223,2739235,568,3,0,8,1,1168659,24,Home,63397.08,0.0,1.536,50287.08,Rejected,1
APP_04978,Craig Costa,23,Graduate,Self-Employed,2,4,Married,679737,27494,1,16588,317295,625960,806,3,0,7,0,300502,60,Home,56644.75,29.28,0.442,12562.75,Approved,0
APP_04979,Rhonda Bailey,35,Diploma,Contract,6,4,Married,604429,11770,1,4023,112508,1087205,850,3,0,4,2,150167,12,Education,50369.08,7.99,0.248,34576.08,Approved,0
APP_04980,Jeanne Sanchez,61,High School,Salaried,3,1,Married,637474,28537,4,23905,106563,1488625,675,12,0,6,2,532802,12,Vehicle,53122.83,45.0,0.836,680.83,Rejected,1
APP_04981,Thomas Joyce,54,Postgraduate,Business Owner,7,1,Single,732562,15288,3,23333,260295,2196760,695,25,0,7,1,350587,60,Business,61046.83,38.22,0.479,22425.83,Rejected,0
APP_04982,Jeremy Cruz,23,Graduate,Salaried,0,4,Single,649507,20122,4,24356,168208,413963,630,2,0,6,3,662931,120,Personal,54125.58,45.0,1.021,9647.58,Approved,1
APP_04983,Douglas Small,45,Postgraduate,Salaried,20,1,Married,759281,31505,2,17764,420584,3474022,607,2,0,7,2,1117280,84,Vehicle,63273.42,28.07,1.471,14004.42,Approved,0
APP_04984,Marie Oliver,24,Graduate,Salaried,2,4,Single,410461,13810,4,15392,72722,1955766,685,3,0,3,0,266541,60,Vehicle,34205.08,45.0,0.649,5003.08,Rejected,1
APP_04985,Kimberly Ryan,57,High School,Salaried,20,4,Single,830418,19332,0,0,199300,1643202,693,23,0,2,2,444360,36,Personal,69201.5,0.0,0.535,49869.5,Approved,0
APP_04986,Brenda Mendez,50,Postgraduate,Business Owner,12,2,Married,997032,27977,3,28140,181102,3894950,678,25,0,8,0,1296757,84,Vehicle,83086.0,33.87,1.301,26969.0,Approved,0
APP_04987,Susan Crawford,58,Diploma,Self-Employed,13,4,Married,840481,23187,3,30303,282495,1882537,697,4,0,8,0,855575,84,Personal,70040.08,43.27,1.018,16550.08,Rejected,0
APP_04988,Robert Terry,31,Graduate,Salaried,2,0,Married,745768,27625,3,27966,191280,1259236,786,2,0,6,0,525601,120,Education,62147.33,45.0,0.705,6556.33,Approved,0
APP_04989,Eric Brown,43,Graduate,Self-Employed,15,2,Single,1331735,25827,3,33026,59079,5000408,606,25,0,2,4,2154679,12,Personal,110977.92,29.76,1.618,52124.92,Rejected,1
APP_04990,Patrick Calderon,26,Postgraduate,Salaried,6,2,Single,642337,23970,0,0,52189,1988191,567,4,0,1,5,893216,120,Personal,53528.08,0.0,1.391,29558.08,Rejected,1
APP_04991,Daniel Hart,42,Diploma,Salaried,21,4,Married,689960,14123,2,25873,216885,2284040,780,8,0,8,0,866986,48,Home,57496.67,45.0,1.257,17500.67,Approved,0
APP_04992,Michele Wright,47,Graduate,Salaried,13,0,Married,673800,17827,1,12430,116862,1587020,613,1,0,7,3,1032297,48,Home,56150.0,22.14,1.532,25893.0,Approved,1
APP_04993,Melissa Wilson,62,Graduate,Salaried,25,4,Single,1045655,18965,4,32043,388824,4659858,689,4,1,2,3,1098296,36,Business,87137.92,36.77,1.05,36129.92,Rejected,1
APP_04994,Lisa Tate,62,Graduate,Salaried,34,1,Single,593823,10640,0,0,72216,1223066,635,3,0,2,5,888373,24,Personal,49485.25,0.0,1.496,38845.25,Rejected,0
APP_04995,Jermaine Lucas,39,Graduate,Salaried,8,0,Single,851367,22879,3,31926,289679,2367610,750,20,0,3,0,968628,36,Personal,70947.25,45.0,1.138,16142.25,Approved,0
APP_04996,Nicole Edwards,50,Postgraduate,Salaried,15,3,Married,580461,19484,1,14344,55218,1922729,759,4,0,7,0,179315,120,Business,48371.75,29.65,0.309,14543.75,Approved,0
APP_04997,Robert Johnson,31,Graduate,Salaried,1,2,Single,850228,38731,2,31883,193431,3471432,757,9,0,7,0,582523,120,Education,70852.33,45.0,0.685,238.33,Approved,0
APP_04998,Jeremy Johnson,54,Graduate,Salaried,34,1,Single,401419,16315,3,15053,105051,1170250,740,3,1,8,2,581290,84,Home,33451.58,45.0,1.448,2083.58,Rejected,1
APP_04999,Cassandra Taylor,45,Graduate,Salaried,9,1,Married,1065743,36027,3,22594,479014,3580673,699,25,0,4,1,1482119,24,Medical,88811.92,25.44,1.391,30190.92,Approved,1
APP_05000,Andrew Johnson,41,High School,Business Owner,7,0,Single,1764372,63150,1,5629,683788,6691861,706,17,0,6,2,1016023,36,Personal,147031.0,3.83,0.576,78252.0,Approved,0
